ID,Year_Birth,Education,Marital_Status,Income,Kidhome,Teenhome,Dt_Customer,Recency,MntWines,MntFruits,MntMeatProducts,MntFishProducts,MntSweetProducts,MntGoldProds,NumDealsPurchases,NumWebPurchases,NumCatalogPurchases,NumStorePurchases,NumWebVisitsMonth,AcceptedCmp3,AcceptedCmp4,AcceptedCmp5,AcceptedCmp1,AcceptedCmp2,Complain,Response,Age,Customer_Tenure,Family_Size,Total_Spending,Total_Purchases,Accepted_Campaigns,Children,KMeans_Cluster,DBSCAN_Cluster,PCA1,PCA2
5524,1957,2,4,58138.0,0,0,2012-09-04,58,635,88,546,172,88,88,3,8,10,4,7,0,0,0,0,0,0,1,69,4867,1,1617,22,0,0,2,-1,4.401599886735598,0.34083311008336675
2174,1954,2,4,46344.0,1,1,2014-03-08,38,11,1,6,2,1,6,2,1,1,2,5,0,0,0,0,0,0,0,72,4317,3,27,4,0,2,3,0,-3.297492128910679,1.1900369884481605
4141,1965,2,5,71613.0,0,0,2013-08-21,26,426,49,127,111,21,42,1,8,2,10,4,0,0,0,0,0,0,0,61,4516,1,776,20,0,0,2,-1,2.28064317755433,-0.5606060987597844
6182,1984,2,5,26646.0,1,0,2014-02-10,26,11,4,20,10,3,5,2,2,0,4,6,0,0,0,0,0,0,0,42,4343,2,53,6,0,1,0,1,-2.7734170312059487,-2.120291056970637
5324,1981,4,3,58293.0,1,0,2014-01-19,94,173,43,118,46,27,15,5,5,3,6,5,0,0,0,0,0,0,0,45,4365,2,422,14,0,1,0,-1,-0.5484696611976456,-0.4452493097236154
7446,1967,3,5,62513.0,0,1,2013-09-09,16,520,42,98,0,42,14,2,6,4,10,6,0,0,0,0,0,0,0,59,4497,2,716,20,0,1,2,-1,0.866662049743871,1.3176568321277669
965,1971,2,2,55635.0,0,1,2012-11-13,34,235,65,164,50,49,27,4,7,3,7,6,0,0,0,0,0,0,0,55,4797,2,590,17,0,1,2,-1,0.5678888180376819,1.0113811243712134
6177,1985,4,3,33454.0,1,0,2013-05-08,32,76,10,56,3,1,23,2,4,0,4,8,0,0,0,0,0,0,0,41,4621,2,169,8,0,1,0,1,-2.4079906415463683,-1.4363821009539377
4855,1974,4,5,30351.0,1,0,2013-06-06,19,14,0,24,3,3,2,1,3,0,2,9,0,0,0,0,0,0,1,52,4592,2,46,5,0,1,0,1,-3.0004677908896946,-1.2449510424193724
5899,1950,4,5,5648.0,1,1,2014-03-13,68,28,0,6,1,1,13,1,1,0,0,20,1,0,0,0,0,0,0,76,4312,3,49,1,1,2,3,-1,-4.817377428974355,1.5150999555467766
1994,1983,2,3,51381.5,1,0,2013-11-15,11,5,5,6,0,2,1,1,1,0,2,7,0,0,0,0,0,0,0,43,4430,2,19,3,0,1,0,1,-3.01443310337102,-2.347342277643573
387,1976,1,3,7500.0,0,0,2012-11-13,59,6,16,11,11,1,16,1,2,0,3,8,0,0,0,0,0,0,0,50,4797,1,61,5,0,0,0,2,-2.0135051332549456,-2.714896126875842
2125,1959,2,2,63033.0,0,0,2013-11-15,82,194,61,480,225,112,30,1,3,4,8,2,0,0,0,0,0,0,0,67,4430,1,1102,15,0,0,2,-1,3.2752517834625277,-1.338421220653122
8180,1952,3,2,59354.0,1,1,2013-11-15,53,233,2,53,3,5,14,3,6,1,5,6,0,0,0,0,0,0,0,74,4430,3,310,12,0,2,3,-1,-1.9636907512689687,2.627827493544863
2569,1987,2,3,17323.0,0,0,2012-10-10,38,3,14,17,6,1,5,1,1,0,3,8,0,0,0,0,0,0,0,39,4831,1,46,4,0,0,0,2,-2.1582963482125384,-3.3116232643410086
2114,1946,4,4,82800.0,0,0,2012-11-24,23,1006,22,115,59,68,45,1,7,6,12,3,0,0,1,1,0,0,1,80,4786,1,1315,25,2,0,1,-1,5.6543082938138625,0.902255874326324
9736,1980,2,3,41850.0,1,1,2012-12-24,51,53,5,19,2,13,4,3,3,0,3,8,0,0,0,0,0,0,0,46,4756,3,96,6,0,2,3,0,-3.3839556787278724,0.36675737120796
4939,1946,2,5,37760.0,0,0,2012-08-31,20,84,5,38,150,12,28,2,4,1,6,7,0,0,0,0,0,0,0,80,4871,1,317,11,0,0,2,-1,0.09491871838700738,-0.11370170587762618
6565,1949,3,3,76995.0,0,1,2013-03-28,91,1012,80,498,0,16,176,2,11,4,9,5,0,0,0,1,0,0,0,77,4662,2,1782,24,1,1,2,-1,4.514503350154728,3.147748320141329
2278,1985,0,4,33812.0,1,0,2012-11-03,86,4,17,19,30,24,39,2,2,1,3,6,0,0,0,0,0,0,0,41,4807,2,133,6,0,1,0,1,-2.2291815930734016,-2.2115831544302256
9360,1982,2,3,37040.0,0,0,2012-08-08,41,86,2,73,69,38,48,1,4,2,5,8,0,0,0,0,0,0,0,44,4894,1,316,11,0,0,0,-1,-0.3151795567012512,-2.3137169207542
5376,1979,2,3,2447.0,1,0,2013-01-06,42,1,1,1725,1,1,1,15,0,28,0,1,0,0,0,0,0,0,0,47,4743,2,1730,28,0,1,1,-1,2.9196625264819684,0.7332339310080929
1993,1949,4,3,58607.0,0,1,2012-12-23,63,867,0,86,0,0,19,3,2,3,9,8,0,1,0,0,0,0,0,77,4757,2,972,14,1,1,2,-1,0.6878656821840372,2.7764420532960497
4047,1954,4,3,65324.0,0,1,2014-01-11,0,384,0,102,21,32,5,3,6,2,9,4,0,0,0,0,0,0,0,72,4373,2,544,17,0,1,2,-1,0.3046143309277454,2.027184899345704
1409,1951,2,5,40689.0,0,1,2013-03-18,69,270,3,27,39,6,99,7,7,1,5,8,0,0,0,0,0,0,0,75,4672,2,444,13,0,1,3,-1,-0.7375725843972315,2.712178520255911
7892,1969,2,4,18589.0,0,0,2013-01-02,89,6,4,25,15,12,13,2,2,1,3,7,0,0,0,0,0,0,0,57,4747,1,75,6,0,0,0,2,-1.6360532812904913,-1.9486153302505105
2404,1976,2,3,53359.0,1,1,2013-05-27,4,173,4,30,3,6,41,4,5,1,4,7,0,0,0,0,0,0,0,50,4602,3,257,10,0,2,3,0,-2.4912574671392895,1.1464263911244188
5255,1986,2,4,51381.5,1,0,2013-02-20,19,5,1,3,3,263,362,0,27,0,0,1,0,0,0,0,0,0,0,40,4698,2,637,27,0,1,2,-1,2.9596298595574386,0.34278915794720977
9422,1989,2,3,38360.0,1,0,2013-05-31,26,36,2,42,20,21,10,2,2,1,4,3,0,0,0,0,0,0,0,37,4598,2,131,7,0,1,0,1,-2.0625875657761163,-2.334275564419147
1966,1965,4,3,84618.0,0,0,2013-11-22,96,684,100,801,21,66,0,1,6,9,10,2,0,0,1,0,0,0,0,61,4423,1,1672,25,1,0,1,-1,5.619530776846974,-0.6088522179862375
6864,1989,3,2,10979.0,0,0,2014-05-22,34,8,4,10,2,2,4,2,3,0,3,5,0,0,0,0,0,0,0,37,4242,1,30,6,0,0,0,2,-1.9785021071192377,-3.2884162063480074
3033,1963,3,5,38620.0,0,0,2013-05-11,56,112,17,44,34,22,89,1,2,5,3,3,0,0,0,0,0,0,0,63,4618,1,318,10,0,0,0,-1,0.1765999038836313,-1.4567610741411536
5710,1970,2,5,40548.0,0,1,2012-10-10,31,110,0,5,2,0,3,2,2,1,4,5,0,1,0,0,0,0,0,56,4831,2,120,7,1,1,3,-1,-1.3594942948924982,0.1160974575225588
7373,1952,4,2,46610.0,0,2,2012-10-29,8,96,12,96,33,22,43,6,4,1,6,6,0,0,0,0,0,0,1,74,4812,3,302,11,0,2,3,-1,-1.5930090854204804,3.952114695965025
8755,1946,3,3,68657.0,0,0,2013-02-20,4,482,34,471,119,68,22,1,3,5,9,7,0,0,0,0,0,0,0,80,4698,1,1196,17,0,0,2,-1,2.7222940063030547,0.23604185868778013
10738,1951,3,4,49389.0,1,1,2013-08-29,55,40,0,19,2,1,3,1,2,0,3,7,0,0,0,0,0,0,0,75,4508,3,65,5,0,2,3,0,-3.2109530331040568,1.6545626199030872
4339,1970,4,3,67353.0,0,1,2013-12-31,37,702,17,151,0,8,35,5,5,6,12,2,0,0,0,0,0,0,0,56,4384,2,913,23,0,1,2,-1,1.565328554209247,1.8968882138455598
10755,1976,0,3,23718.0,1,0,2013-09-02,76,6,3,14,15,7,36,3,3,1,2,7,0,0,0,0,0,0,0,50,4504,2,81,6,0,1,0,1,-2.7111747104889528,-1.596268765789044
8595,1973,2,6,42429.0,0,1,2014-02-11,99,55,0,6,2,0,4,2,1,1,3,5,0,0,0,0,0,0,0,53,4342,2,67,5,0,1,3,3,-2.295745538658173,-0.6565621468081081
2968,1943,4,2,48948.0,0,0,2013-02-01,53,437,8,206,160,49,42,2,7,10,5,6,1,0,0,0,0,0,1,83,4717,1,902,22,1,0,2,-1,3.075293782557191,0.857454835144535
8601,1980,2,3,80011.0,0,1,2013-04-29,3,421,76,536,82,178,102,2,8,6,5,4,0,0,0,0,0,0,0,46,4630,2,1395,19,0,1,2,-1,3.342003882899675,0.2083359618217926
503,1985,3,3,20559.0,1,0,2013-03-12,88,13,1,29,3,0,7,2,2,0,3,8,0,0,0,0,0,0,0,41,4678,2,53,5,0,1,0,1,-3.0995962331537914,-1.8989270243254415
8430,1957,2,5,21994.0,0,1,2012-12-24,4,9,0,6,3,1,3,1,0,0,3,5,0,0,0,0,0,0,0,69,4756,2,22,3,0,1,3,3,-2.581807816680602,-0.0383484290080642
7281,1959,4,4,51381.5,0,0,2013-11-05,80,81,11,50,3,2,39,1,1,3,4,2,0,0,0,0,0,0,0,67,4440,1,186,8,0,0,0,-1,-0.3944166256488716,-1.315033993810518
2139,1975,3,3,7500.0,1,0,2013-10-02,19,3,1,10,3,2,12,3,2,0,3,5,0,0,0,0,0,0,0,51,4474,2,31,5,0,1,0,1,-2.984877432410382,-1.4263893281391362
1371,1976,2,4,79941.0,0,0,2014-06-28,72,123,164,266,227,30,174,1,2,4,9,1,0,0,0,0,0,0,0,50,4205,1,984,15,0,0,1,-1,3.6544544176507556,-2.275411769658399
9909,1996,0,3,7500.0,0,0,2012-11-09,24,3,18,14,15,22,50,3,3,1,3,9,0,0,0,0,0,0,1,30,4801,1,122,7,0,0,0,-1,-1.7868948527639894,-3.488346893122489
7286,1968,2,5,41728.0,1,0,2013-05-24,92,13,6,15,3,5,13,1,2,0,2,10,0,0,0,0,0,0,0,58,4605,2,55,4,0,1,0,1,-2.9815121611475424,-1.1303699728181575
7244,1951,2,4,51381.5,2,1,2014-01-01,96,48,5,48,6,10,7,3,2,1,4,6,0,0,0,0,0,0,0,75,4383,4,124,7,0,3,3,-1,-3.774066857940288,2.7943637140256903
6566,1954,4,3,72550.0,1,1,2012-11-08,39,826,50,317,50,38,38,9,5,2,12,8,0,0,0,0,0,0,0,72,4802,3,1319,19,0,2,2,-1,0.719745600836272,4.572262209152593
8614,1957,2,6,65486.0,0,1,2014-05-12,29,245,19,125,37,67,14,1,4,2,10,2,0,0,0,0,0,0,0,69,4252,2,507,16,0,1,2,-1,0.6792103310897911,0.9056329722208666
4114,1964,3,3,79143.0,0,0,2012-08-11,2,650,37,780,27,167,32,1,6,9,13,3,0,0,0,0,0,0,0,62,4891,1,1693,28,0,0,1,-1,5.289880104000343,0.035038272082247635
1331,1977,2,4,35790.0,1,0,2013-01-02,54,12,6,20,30,1,3,2,2,0,3,7,0,0,0,0,0,0,0,49,4747,2,72,5,0,1,0,1,-2.6854611135322455,-1.5465269182432315
2225,1977,2,2,82582.0,0,0,2014-06-07,54,510,120,550,156,40,241,1,4,9,7,1,1,0,0,1,0,0,1,49,4226,1,1617,20,2,0,1,-1,6.179631333033292,-2.142207757968649
9381,1978,2,3,66373.0,1,1,2013-06-12,57,328,9,124,12,24,109,7,4,2,10,3,0,0,0,0,0,0,0,48,4586,3,606,16,0,2,3,-1,-0.6208581021664819,1.9832336741061012
6260,1955,3,5,82384.0,0,0,2012-11-19,55,984,51,432,180,120,190,1,3,10,13,1,0,0,1,0,0,0,1,71,4791,1,1957,26,1,0,1,-1,7.263163944558401,0.2373330407275039
10383,1966,2,2,70287.0,0,0,2013-04-02,30,295,35,482,121,120,40,1,5,5,10,3,0,0,0,0,0,0,1,60,4657,1,1093,20,0,0,2,-1,3.387813622645627,-1.027247433718857
7437,1988,2,4,27938.0,1,0,2014-04-28,31,13,0,8,2,1,5,1,1,0,4,3,0,0,0,0,0,0,0,38,4266,2,29,5,0,1,0,1,-2.725903884076269,-2.7566949006999235
8557,1982,2,4,51381.5,1,0,2013-06-17,57,11,3,22,2,2,6,2,2,0,3,6,0,0,0,0,0,0,0,44,4581,2,46,5,0,1,0,1,-2.6476595652078894,-1.8524897469045436
8375,1968,4,3,55954.0,0,1,2014-03-03,63,447,0,28,0,0,43,3,8,2,6,7,0,0,0,0,0,0,0,58,4322,2,518,16,0,1,2,3,-0.44119178475962967,1.4341854155395095
6853,1982,3,4,75777.0,0,0,2013-07-04,12,712,26,538,69,13,80,1,3,6,11,1,0,1,1,0,0,0,1,44,4564,1,1438,20,2,0,1,-1,4.885834296066402,-1.708803099217329
3076,1975,2,5,66653.0,1,1,2012-09-07,18,452,18,102,16,18,6,4,4,2,12,3,0,0,0,0,0,0,0,51,4864,3,612,18,0,2,3,-1,-0.47627950282405385,1.8359514278570586
1012,1952,2,4,61823.0,0,1,2013-02-18,26,523,7,134,37,14,169,4,8,2,10,7,0,0,0,0,0,0,0,74,4700,2,884,20,0,1,2,-1,1.2673311899179696,2.901767587365204
6518,1951,4,6,67680.0,0,1,2013-06-11,8,546,0,48,0,6,6,1,7,3,8,5,0,0,0,0,0,0,0,75,4587,2,606,18,0,1,2,-1,0.37815577885639085,2.259530340728453
4137,1948,2,5,70666.0,0,0,2013-12-06,29,398,40,367,119,122,30,1,7,4,4,4,0,0,0,0,0,0,0,78,4409,1,1076,15,0,0,2,-1,2.7476610607628533,-0.21491171772436368
8082,1971,2,3,25721.0,1,0,2013-05-21,75,1,3,6,3,6,15,1,1,1,2,7,0,0,0,0,0,0,1,55,4608,2,34,4,0,1,0,1,-2.9275885871358267,-1.5703258840138974
1386,1967,2,5,32474.0,1,1,2014-05-11,0,10,0,1,0,0,0,1,1,0,2,7,0,0,0,0,0,0,0,59,4253,3,11,3,0,2,3,0,-3.8491034772255883,0.1812611887862445
9369,1979,0,4,88194.0,0,1,2014-03-19,19,688,14,309,201,24,38,1,11,10,10,5,1,0,0,1,0,0,1,47,4306,2,1274,31,2,1,1,-1,4.867561799582406,0.3644791660001883
4477,1958,2,5,69096.0,0,1,2013-09-27,4,247,49,159,7,82,109,1,5,2,10,4,0,0,0,0,0,0,0,68,4479,2,653,17,0,1,2,-1,1.2377300935355278,1.2276941253672353
1357,1970,2,5,74854.0,1,2,2013-04-08,90,856,59,487,58,29,73,7,2,5,5,5,0,0,0,0,0,0,0,56,4651,4,1562,12,0,3,3,-1,-0.008625772127652963,3.9729891478084123
1402,1954,3,3,66991.0,0,0,2012-09-11,1,496,36,460,189,60,12,3,4,8,6,3,0,0,0,0,0,0,0,72,4860,1,1253,18,0,0,2,-1,3.361564534257999,0.0008065640492021004
10629,1973,0,3,51381.5,1,0,2012-09-14,25,25,3,43,17,4,17,3,3,0,3,8,0,0,0,0,0,0,0,53,4857,2,109,6,0,1,0,-1,-2.4885766637406905,-1.1423802645039656
6312,1959,2,3,65031.0,0,1,2013-03-17,29,258,107,291,84,37,86,4,10,3,13,7,0,0,0,0,0,0,0,67,4673,2,863,26,0,1,2,-1,2.454067253322849,2.5246364363231297
8132,1975,4,3,60631.0,1,1,2013-04-05,88,565,6,65,0,6,19,5,9,2,8,7,0,1,0,0,0,0,0,51,4654,3,661,19,1,2,3,-1,-0.34063900622517485,2.923615260380514
1050,1952,2,3,28332.0,0,0,2014-04-30,58,14,10,13,4,15,9,1,2,1,4,2,0,0,0,0,0,0,0,74,4264,1,65,7,0,0,0,2,-0.9819006599738274,-1.418986471443946
5846,1977,2,2,40246.0,1,0,2012-12-19,68,2,1,6,2,1,1,1,1,0,2,6,0,0,0,0,0,0,0,49,4761,2,13,3,0,1,0,1,-2.965664989093438,-1.8997011922216684
1859,1972,3,3,75251.0,0,0,2012-08-27,34,721,111,925,97,18,18,1,7,6,5,5,0,0,0,0,0,0,1,54,4875,1,1890,18,0,0,1,-1,4.019551820649128,-0.9856177346904661
7503,1976,2,4,75825.0,0,0,2012-10-12,40,1032,105,779,137,105,51,0,5,8,9,4,1,0,0,0,0,0,1,50,4829,1,2209,22,1,0,1,-1,5.8818961124660145,-1.4668180620530897
10401,1976,0,5,26326.0,0,0,2013-09-04,12,1,0,5,0,3,9,1,0,0,3,3,0,0,0,0,0,1,0,50,4502,1,18,3,0,0,0,-1,-1.9952835161708617,-3.1886256538752136
1618,1965,2,5,56046.0,0,0,2013-01-02,9,577,0,64,0,0,51,2,10,1,8,8,1,0,0,0,0,0,1,61,4747,1,692,19,1,0,2,-1,1.181935741286196,-0.12246766011354737
3332,1985,2,4,29760.0,1,0,2012-08-29,87,64,4,68,7,5,17,4,3,1,4,8,0,0,0,0,0,0,0,41,4873,2,165,8,0,1,0,1,-2.459119449513631,-1.3051583237676838
2261,1969,2,3,26304.0,1,0,2013-06-23,5,4,1,5,2,0,4,1,1,0,2,7,0,0,0,0,0,0,0,57,4575,2,16,3,0,1,0,1,-3.144601081677215,-1.558236050379043
5346,1973,0,3,23559.0,1,0,2013-07-03,87,25,5,19,7,0,23,3,3,0,3,7,0,0,0,0,0,0,0,53,4565,2,79,6,0,1,0,1,-2.783739830992821,-1.3566509364233201
4119,1963,3,5,38620.0,0,0,2013-05-11,56,112,17,44,34,22,89,1,2,5,3,3,0,0,0,0,0,0,0,63,4618,1,318,10,0,0,0,-1,0.1765999038836313,-1.4567610741411536
535,1987,2,2,81361.0,0,0,2014-02-25,18,163,23,424,27,65,76,1,3,10,13,1,0,0,0,0,0,0,0,39,4328,1,778,26,0,0,2,-1,3.2852843404692167,-2.1023470160311892
5268,1960,2,3,29440.0,1,1,2013-08-11,95,17,8,14,10,4,3,2,1,0,4,7,0,0,0,0,0,0,0,66,4526,3,56,5,0,2,3,0,-3.431605731414369,1.0365577306805762
273,1970,3,3,36138.0,1,1,2013-07-16,48,130,0,16,0,0,5,5,3,1,4,7,0,1,0,0,0,0,0,56,4552,3,151,8,1,2,3,-1,-2.550063831667281,1.6747504158035427
4452,1957,2,4,50388.0,0,1,2014-05-28,3,292,6,37,0,3,34,4,6,1,6,7,0,1,0,1,0,0,1,69,4236,2,372,13,2,1,3,-1,0.43099727837221025,1.4932912755524028
8504,1973,2,3,79593.0,0,0,2014-05-12,70,350,60,568,110,133,145,1,5,6,7,2,0,0,1,0,0,0,0,53,4252,1,1366,18,1,0,1,-1,4.939787406789766,-1.9391270417042181
771,1967,2,5,54178.0,0,1,2014-01-21,79,135,9,39,4,0,7,1,2,2,5,2,0,0,0,0,0,0,0,59,4363,2,194,9,0,1,3,3,-1.1753246648423488,-0.2079809048034227
8996,1957,4,3,51381.5,2,1,2012-11-19,4,230,42,192,49,37,53,12,7,2,8,9,0,0,0,0,0,0,0,69,4791,4,603,17,0,3,3,-1,-1.9019415211633628,5.374741378435989
9235,1957,2,4,51381.5,1,1,2014-05-27,45,7,0,8,2,0,1,1,1,0,2,7,0,0,0,0,0,0,0,69,4237,3,18,3,0,2,3,0,-3.5860667810869997,0.8497090974296951
5798,1973,3,5,51381.5,0,0,2013-11-23,87,445,37,359,98,28,18,1,2,4,8,1,0,0,0,0,0,0,0,53,4422,1,985,14,0,0,2,-1,1.9305019540521176,-1.8537039010849123
11178,1972,3,4,42394.0,1,0,2014-03-23,69,15,2,10,0,1,4,1,1,0,3,7,0,0,0,0,0,0,0,54,4302,2,32,4,0,1,0,1,-2.8943571326024045,-1.5320391133086584
2230,1970,4,3,23626.0,1,0,2014-05-24,84,27,2,14,0,0,0,3,3,1,3,5,0,0,0,0,0,0,0,56,4240,2,43,7,0,1,0,1,-2.6119424420600827,-0.8474040178459483
7516,1983,2,3,30096.0,1,0,2014-05-22,30,5,3,11,12,5,9,1,2,0,3,6,0,0,0,0,0,0,0,43,4242,2,45,5,0,1,0,1,-2.841857770481171,-2.3520618231690893
7247,1960,2,6,47916.0,0,1,2012-11-22,72,505,0,26,0,0,75,5,7,4,6,6,0,1,0,0,0,0,0,66,4788,2,606,17,1,1,2,-1,0.5811338829154685,2.4365103598961038
11100,1972,2,2,51813.0,1,1,2013-04-11,37,51,2,7,0,1,2,2,2,0,3,7,0,0,0,0,0,0,0,54,4648,3,63,5,0,2,3,0,-3.3805482780939293,0.5052497090073409
4646,1951,0,3,78497.0,0,0,2013-12-01,44,207,26,447,75,0,223,1,5,7,12,2,0,0,0,1,0,0,0,75,4414,1,978,24,1,0,1,-1,4.513548017206666,-0.16543191132638366
3037,1983,4,3,50150.0,0,0,2013-06-20,32,135,46,92,65,61,11,2,5,2,7,5,0,0,0,0,0,0,0,43,4578,1,410,14,0,0,2,-1,0.6515572561440881,-1.9673797681845473
1473,1960,0,4,47823.0,0,1,2013-07-23,0,53,1,5,2,1,10,2,2,0,3,8,0,0,0,0,0,0,0,66,4545,2,72,5,0,1,3,-1,-2.4170292932555095,0.04535105430012368
1016,1959,4,4,34554.0,0,1,2014-03-30,43,41,1,6,2,0,5,2,2,0,3,6,0,0,0,0,0,0,0,67,4295,2,55,5,0,1,3,3,-2.3905185269913503,0.41196473748068374
4518,1979,2,5,85693.0,0,1,2013-04-20,59,386,172,183,185,132,111,2,9,5,11,5,0,0,0,0,0,0,0,47,4639,2,1169,25,0,1,2,-1,4.175364114300238,0.7748815375218802
9370,1945,4,3,65846.0,0,0,2013-05-17,68,562,81,276,80,40,81,1,6,3,6,4,0,0,0,0,0,0,0,81,4612,1,1120,15,0,0,2,-1,2.6134424747873255,0.5112512916395299
8908,1959,2,3,87195.0,0,0,2014-05-08,35,217,76,690,50,26,38,1,3,11,5,1,0,0,0,0,0,0,1,67,4256,1,1097,19,0,0,1,-1,3.3269339359247865,-1.0878036719354898
8373,1979,1,5,24594.0,1,0,2013-12-10,94,1,3,6,10,0,9,1,1,0,3,5,0,0,0,0,0,0,0,47,4405,2,29,4,0,1,0,1,-2.9034410942092075,-2.2773388454688384
7533,1964,2,3,49096.0,1,1,2013-09-24,15,144,1,32,2,1,7,4,4,1,4,7,0,0,0,0,0,0,0,62,4482,3,187,9,0,2,3,0,-2.790945090561856,1.6173199296890137
2683,1969,2,3,52413.0,0,2,2013-02-02,56,295,106,271,75,98,65,4,6,4,12,6,0,0,0,0,0,0,0,57,4716,3,910,22,0,2,2,-1,1.4914326481201627,3.084586049692603
3629,1978,2,4,38557.0,1,0,2012-12-19,17,76,3,31,4,4,27,2,3,1,3,7,0,0,0,0,0,0,0,48,4761,2,145,7,0,1,0,1,-2.356890333565884,-1.3653236059674494
10991,1960,3,3,89058.0,0,0,2012-12-07,18,454,194,106,31,22,43,1,5,4,4,2,0,0,0,0,0,0,0,66,4773,1,850,13,0,0,2,-1,2.4647142433728066,-0.7973539118999958
5077,1979,2,5,77298.0,0,1,2013-11-02,46,425,115,292,23,35,79,1,6,6,11,3,0,0,0,0,0,0,0,47,4443,2,969,23,0,1,2,-1,2.5214990569725826,0.35265758942148556
7431,1991,4,4,68126.0,0,0,2012-11-10,40,1332,17,311,23,51,86,1,7,4,5,9,0,1,0,0,0,0,1,35,4800,1,1820,16,1,0,1,-1,3.1321607496517103,-1.1027756633703165
3267,1963,3,5,57288.0,0,1,2014-06-25,27,527,0,21,0,0,60,3,8,1,8,6,0,1,0,0,0,0,0,63,4208,2,608,17,1,1,2,-1,0.5075008971914557,1.9137889828799202
999,1991,2,4,86037.0,0,0,2013-01-02,95,490,44,125,29,20,22,1,6,7,11,3,0,1,1,0,0,0,1,35,4747,1,730,24,2,0,1,-1,3.9629351369395422,-1.8815479107582063
9215,1980,4,3,43974.0,1,0,2012-12-12,19,378,0,101,0,0,72,5,6,4,6,7,0,0,0,0,0,0,0,46,4768,2,551,16,0,1,0,-1,-0.7107096047838724,0.20902269388670228
2286,1962,2,4,50785.0,1,1,2013-09-10,27,64,1,21,0,1,27,2,2,1,3,6,0,0,0,0,0,0,0,64,4496,3,114,6,0,2,3,0,-2.9812516706311003,1.0874321917118088
1592,1970,2,3,90765.0,0,0,2014-01-24,25,547,99,812,151,82,33,0,4,6,5,1,0,0,1,1,0,0,0,56,4360,1,1724,15,2,0,1,-1,6.049404055493207,-2.5375564947588916
367,1978,0,3,36550.0,1,0,2013-02-19,74,47,90,94,123,103,120,5,9,1,5,9,0,0,0,0,0,0,0,48,4699,2,577,15,0,1,2,-1,0.2730839930947058,-0.41031662547320746
5234,1967,0,5,30753.0,1,1,2013-07-11,85,12,5,25,0,9,30,2,1,1,3,5,0,0,0,0,0,0,0,59,4557,3,81,5,0,2,3,4,-3.2079238988769725,0.3464262976412585
9862,1969,2,5,21918.0,1,0,2013-11-14,37,1,6,7,11,5,3,2,2,0,3,6,0,0,0,0,0,0,0,57,4431,2,33,5,0,1,0,1,-2.8238953802338442,-1.2971830291239141
9805,1953,3,5,56129.0,0,1,2013-06-20,65,320,48,133,39,72,48,4,6,2,10,4,0,0,0,0,0,0,0,73,4578,2,660,18,0,1,2,-1,1.0965540713211002,2.2378037281934593
6205,1967,3,4,32557.0,1,0,2014-02-24,13,34,3,29,0,4,10,3,2,1,3,5,0,0,0,0,0,0,1,59,4329,2,80,6,0,1,0,1,-2.5046849745430873,-0.8614382957214236
8442,1985,3,3,19510.0,2,0,2013-09-04,63,9,0,7,3,4,7,2,1,0,3,7,0,0,0,0,0,0,0,41,4502,3,30,4,0,2,0,-1,-4.18345379768163,-1.2605686227614517
7386,1976,2,2,30992.0,1,0,2013-04-22,83,17,0,14,7,3,2,1,1,0,3,7,0,0,0,0,0,0,0,50,4637,2,43,4,0,1,0,1,-2.9684237415921535,-1.8153627163797157
7215,1983,2,4,101970.0,0,0,2013-03-12,69,722,27,102,44,72,168,0,6,8,13,2,0,1,1,1,0,0,1,43,4678,1,1135,27,3,0,1,-1,6.58227789213777,-1.3708933468566327
1491,1965,0,5,71488.0,0,0,2013-02-18,87,162,33,124,40,28,172,2,3,4,7,1,0,0,0,0,0,0,0,61,4700,1,559,14,0,0,2,-1,1.6979202911684281,-1.212074041652988
11071,1984,2,4,79607.0,0,0,2013-04-21,37,450,133,951,173,0,216,1,3,6,6,1,0,0,0,0,0,0,1,42,4638,1,1923,15,0,0,1,-1,4.82625324469631,-2.3469234224146063
3381,1953,3,3,54348.0,1,1,2014-06-08,51,70,0,16,0,0,4,2,2,0,4,6,0,0,0,0,0,0,0,73,4225,3,90,6,0,2,3,0,-3.043513624058515,1.64540877625319
8268,1961,4,3,51381.5,0,1,2013-07-11,23,352,0,27,10,0,15,3,6,1,7,6,0,0,0,0,0,0,0,65,4557,2,404,14,0,1,3,5,-0.7325245118762337,1.577801297842029
11051,1956,4,5,77376.0,1,1,2014-05-10,72,492,19,110,16,12,12,4,6,3,10,4,0,0,0,0,0,0,0,70,4254,3,661,19,0,2,3,-1,-0.21968455885000415,3.206082842441591
8026,1952,2,3,62998.0,0,1,2013-09-30,10,120,58,73,65,89,58,5,5,4,5,5,0,0,0,0,0,0,0,74,4476,2,463,14,0,1,2,-1,0.5579738434055954,1.7738926840316407
433,1958,3,1,61331.0,1,1,2013-03-10,42,534,5,47,0,5,41,5,11,1,6,8,0,0,0,0,0,0,0,68,4680,3,632,18,0,2,3,-1,-1.0542591375255006,3.6152358843521015
9597,1969,2,3,73448.0,0,0,2014-02-10,10,236,106,189,23,41,130,1,7,2,9,4,0,0,0,0,0,0,0,57,4343,1,725,18,0,0,2,-1,2.2630749399231136,-1.0677038198233664
1295,1963,2,3,51381.5,0,1,2013-08-11,96,231,65,196,38,71,124,1,6,5,7,4,0,0,0,0,0,0,0,63,4526,2,725,18,0,1,2,-1,1.4737263318510647,0.9182753381762356
5290,1964,4,3,41551.0,1,1,2013-08-14,51,220,0,33,3,0,23,5,5,1,5,8,0,0,0,0,0,0,0,62,4523,3,279,11,0,2,3,-1,-2.5619381448578586,2.3403573702851204
1685,1967,4,5,62981.0,0,0,2013-03-17,21,796,14,590,38,44,0,1,4,5,13,3,0,1,0,0,0,0,0,59,4673,1,1482,22,1,0,1,-1,3.9014901258195076,-0.13793892809729227
5342,1976,1,2,9548.0,1,0,2012-08-08,31,0,1,3,10,6,9,2,1,0,3,8,0,0,0,0,0,0,0,50,4894,2,29,4,0,1,0,1,-3.2327581450525456,-1.7522762950934196
9579,1959,4,3,33762.0,2,1,2013-07-07,61,53,1,34,2,0,16,3,2,2,2,8,0,0,0,0,0,0,0,67,4561,4,106,6,0,3,3,-1,-4.292519110368142,2.5609063909280048
7660,1973,4,1,35860.0,1,1,2014-05-19,37,15,0,8,4,2,20,2,1,1,2,5,1,0,0,0,0,0,1,53,4245,3,49,4,1,2,3,-1,-3.133823114431252,0.05548251461489853
1461,1965,4,2,36921.0,1,1,2013-07-28,74,17,1,12,3,1,4,2,2,0,3,7,0,0,0,0,0,0,0,61,4540,3,38,5,0,2,3,0,-3.4774968436445777,1.0755972017457907
821,1992,3,4,92859.0,0,0,2012-10-19,46,962,61,921,52,61,20,1,5,4,12,2,0,0,0,0,0,0,0,34,4822,1,2077,21,0,0,1,-1,4.6695000742759545,-1.808830011212618
11084,1976,3,5,65104.0,0,1,2013-11-14,4,738,0,232,13,20,50,2,3,5,7,7,0,0,0,0,0,0,1,50,4431,2,1053,15,0,1,2,-1,0.5487549886643314,0.48451683900207665
8690,1962,2,3,86111.0,0,0,2013-04-19,73,399,28,756,36,40,126,1,5,7,10,2,0,0,0,0,0,0,0,64,4640,1,1385,22,0,0,2,-1,3.955099429497288,-0.3616945956710169
2937,1974,4,4,68352.0,0,1,2013-08-28,47,614,16,132,43,33,33,3,8,5,9,6,0,0,0,0,0,0,0,52,4509,2,871,22,0,1,2,-1,1.3279494197609654,1.5105387935233943
9701,1988,2,5,41883.0,1,0,2013-03-19,13,32,34,41,73,16,116,3,4,2,3,7,0,0,0,0,0,0,0,38,4671,2,312,9,0,1,0,-1,-1.3043038867199437,-1.6449290213810055
9949,1976,2,3,59809.0,0,2,2012-10-18,36,598,16,141,32,41,49,3,3,3,6,8,0,0,0,0,0,0,0,50,4823,3,877,12,0,2,3,-1,-0.6908805614473559,2.154730671962485
10837,1975,2,3,23957.0,1,0,2012-10-28,47,2,1,18,20,11,16,1,2,0,3,6,0,0,0,0,0,0,1,51,4813,2,68,5,0,1,0,1,-2.6507364541006986,-1.6448900615735866
3120,1981,2,5,38547.0,1,0,2013-08-28,49,6,1,10,0,1,4,1,1,0,2,8,0,0,0,0,0,1,0,45,4509,2,22,3,0,1,0,-1,-3.3159976532850592,-2.060337997387269
5885,1973,0,3,35688.0,2,1,2012-08-22,94,73,3,90,12,1,32,7,4,1,4,8,0,0,0,0,0,0,0,53,4880,4,211,9,0,3,3,-1,-3.9376028578361635,2.401738662395929
4050,1966,3,3,49605.0,0,0,2014-06-21,65,42,16,29,12,20,8,1,2,1,4,3,0,0,0,0,0,0,0,60,4212,1,127,7,0,0,0,-1,-0.7965263526464412,-2.015097337347235
3830,1953,3,3,59354.0,0,2,2014-04-24,59,295,21,78,39,13,13,1,4,4,7,3,0,0,0,0,0,0,0,73,4270,3,459,15,0,2,3,-1,-0.5325265614452719,2.9335186792470025
7987,1969,2,3,65747.0,0,1,2014-03-07,96,346,17,48,23,13,13,4,8,1,6,6,0,1,0,0,0,0,0,57,4318,2,460,15,1,1,2,-1,0.19176436428814533,1.3440089397054664
7798,1972,0,5,46344.0,0,1,2012-12-14,28,233,20,57,8,20,91,4,7,1,5,7,0,0,0,0,0,0,0,54,4766,2,429,13,0,1,2,-1,-0.6700600302672539,0.6823612302927234
92,1988,2,1,34176.0,1,0,2014-05-12,12,5,7,24,19,14,20,4,3,0,4,6,0,0,0,0,0,0,0,38,4252,2,89,7,0,1,0,-1,-2.549502963454158,-1.9710524997919256
7055,1952,4,5,61010.0,0,1,2012-10-09,57,888,0,57,0,0,76,2,8,5,11,5,0,0,0,0,0,0,0,74,4832,2,1021,24,0,1,2,-1,1.7276054033408006,3.1714750400350074
10240,1949,2,5,69372.0,0,0,2013-02-19,10,997,26,269,34,13,42,1,10,4,6,4,0,1,1,0,0,0,1,77,4699,1,1381,20,2,0,1,-1,4.32497654466252,0.7439310533624595
3025,1958,2,4,49967.0,0,1,2013-07-08,4,212,6,69,4,12,3,3,6,1,5,7,0,0,0,0,0,0,0,68,4560,2,306,12,0,1,3,3,-1.1363251449869807,1.2672852634418004
9283,1978,2,4,60199.0,1,2,2013-09-12,49,8,1,7,2,0,0,1,0,0,3,4,0,0,0,0,0,0,0,48,4494,4,18,3,0,3,3,-1,-4.0569296492499936,1.350873721034675
9970,1977,2,5,55375.0,0,1,2013-10-17,3,42,11,57,10,28,14,1,1,1,6,2,0,0,0,0,0,0,0,49,4459,2,162,8,0,1,0,-1,-1.2073370423446297,-0.9489639302534626
2730,1955,2,4,80317.0,0,0,2013-08-20,64,536,11,387,149,91,57,1,3,4,10,1,0,0,0,0,0,0,0,71,4517,1,1231,17,0,0,2,-1,3.422230988096918,-0.5063667206127588
2795,1958,3,4,30523.0,2,1,2013-07-01,0,5,0,3,0,0,5,1,1,0,2,7,0,0,0,0,0,0,0,68,4567,4,13,3,0,3,3,-1,-4.726074279927726,1.84837955573446
9260,1945,4,3,70356.0,0,0,2012-11-05,20,1349,16,249,43,16,33,2,10,6,9,6,0,0,0,0,0,0,0,81,4805,1,1706,25,0,0,2,-1,3.7209199497916456,2.0905882364389834
8182,1984,2,3,23228.0,1,0,2014-01-05,91,53,3,49,7,4,5,4,3,0,4,8,0,0,0,0,0,0,0,42,4379,2,121,7,0,1,0,1,-2.8398640893067184,-1.5629965107871984
10095,1975,4,2,74165.0,0,0,2013-05-01,9,1001,12,240,16,12,12,1,5,4,10,2,0,0,0,0,0,0,0,51,4628,1,1293,19,0,0,2,-1,2.4743176402701907,-0.8109581197133297
8475,1973,4,3,157243.0,0,1,2014-03-01,98,20,2,1582,1,2,1,15,0,22,0,0,0,0,0,0,0,0,0,53,4324,2,1608,22,0,1,1,-1,3.7568373269148085,2.387077400326601
4370,1966,2,5,43482.0,2,1,2013-11-13,83,18,1,32,6,3,28,3,2,0,4,6,0,0,0,0,0,0,0,60,4432,4,88,6,0,3,3,-1,-4.117712421506978,1.891284685018313
10573,1953,2,2,62551.0,0,0,2013-11-18,27,125,16,98,134,21,27,1,6,7,4,3,1,0,0,0,0,0,0,73,4427,1,421,17,1,0,2,-1,1.8364913624993302,-0.8001589743120149
3712,1959,2,2,52332.0,0,0,2013-08-28,63,212,5,33,7,0,2,1,3,2,6,4,0,1,0,0,0,0,0,67,4509,1,259,11,1,0,2,-1,0.26557515192528997,-0.9317611955033391
6637,1988,2,4,66951.0,0,0,2013-11-02,46,277,162,305,173,76,124,1,3,4,7,1,0,0,0,0,0,0,0,38,4443,1,1117,14,0,0,1,-1,3.4321617536860227,-2.954535023516045
3152,1957,2,5,26091.0,1,1,2014-02-25,84,15,10,19,8,17,20,3,2,1,3,5,0,0,0,0,0,0,0,69,4328,3,89,6,0,2,3,0,-3.0489877160240275,1.324444293001066
5610,1965,2,5,33456.0,1,1,2014-04-21,58,7,3,10,8,1,7,2,1,0,3,7,0,0,0,0,0,0,0,61,4273,3,36,4,0,2,3,0,-3.632579663710396,0.5843665929251318
6460,1982,2,3,28718.0,1,0,2013-07-13,78,12,4,6,11,8,16,2,2,0,3,8,0,0,0,0,0,0,0,44,4555,2,57,5,0,1,0,1,-2.939005218454339,-1.8836502140758915
1349,1970,2,3,50447.0,2,0,2014-04-21,4,85,7,24,2,3,27,1,3,1,3,6,0,0,0,0,0,0,0,56,4273,3,148,7,0,2,3,-1,-3.1548563907322285,-0.39945367341315446
1880,1959,4,5,53537.0,1,1,2014-01-30,17,81,0,6,0,0,6,2,2,1,3,5,0,0,0,0,0,0,0,67,4354,3,93,6,0,2,3,0,-2.939311919866623,1.4283585306340563
641,1967,2,4,52074.0,0,1,2014-04-04,77,59,0,12,0,0,48,1,2,2,2,4,1,0,0,0,0,0,0,59,4290,2,119,6,1,1,3,-1,-1.4430547370304485,-0.573070729259464
8717,1975,4,3,80427.0,0,1,2012-09-12,56,1149,71,449,69,71,26,1,11,8,8,5,0,0,0,0,0,0,0,51,4859,2,1835,27,0,1,2,-1,4.093005980863892,1.798479657538834
10314,1948,4,3,83837.0,0,0,2012-12-16,79,847,66,119,86,89,111,1,9,10,5,4,0,1,0,1,0,0,1,78,4764,1,1318,24,2,0,1,-1,5.777201674082293,1.205357098679356
10854,1970,4,3,38853.0,1,1,2014-05-23,90,29,0,14,0,0,2,2,2,0,3,7,0,0,0,0,0,0,0,56,4241,3,45,5,0,2,3,0,-3.54976541115191,0.6859696550968712
10492,1959,2,5,38285.0,2,1,2014-06-24,96,2,0,5,2,0,1,1,0,0,3,2,0,0,0,0,0,0,0,67,4209,4,10,3,0,3,3,-1,-4.299571909554554,1.3867617922231015
6935,1951,0,3,78497.0,0,0,2013-12-01,44,207,26,447,75,0,223,1,5,7,12,2,0,0,0,1,0,0,0,75,4414,1,978,24,1,0,1,-1,4.513548017206666,-0.16543191132638366
7698,1976,4,3,51650.0,0,1,2014-05-11,81,152,3,22,2,5,7,1,4,1,4,5,0,0,0,0,0,0,0,50,4253,2,191,9,0,1,3,3,-1.5774259336042036,-0.32906116463765706
3559,1988,0,3,16248.0,1,0,2014-05-10,77,12,11,10,3,12,9,3,2,1,3,6,0,0,0,0,0,0,0,38,4254,2,57,6,0,1,0,1,-2.9007794891947967,-2.5504153007438104
10562,1946,3,3,66835.0,0,0,2013-09-28,21,620,26,195,34,17,141,1,6,4,13,2,0,0,0,0,0,0,0,80,4478,1,1033,23,0,0,2,-1,3.1644556750849713,0.9613587160250239
10796,1984,3,3,30477.0,1,0,2014-01-22,16,47,1,6,0,0,12,1,1,1,3,6,0,0,0,0,0,0,0,42,4362,2,66,5,0,1,0,1,-2.8241721205156654,-2.2595055666506774
2563,1961,1,3,28249.0,0,0,2014-06-15,80,1,9,7,2,14,10,1,2,0,3,6,0,0,0,0,0,0,0,65,4218,1,43,5,0,0,0,-1,-1.6861621601896406,-2.0694103017710685
3518,1983,2,3,25271.0,1,0,2012-12-05,45,10,1,18,10,4,7,1,1,1,2,9,0,0,0,0,0,0,0,43,4775,2,50,4,0,1,0,1,-3.1486525875566294,-2.1643007714179814
5823,1970,4,4,32303.0,0,1,2014-03-08,63,35,0,2,0,0,2,2,1,0,4,5,0,0,0,0,0,0,0,56,4317,2,39,5,0,1,3,3,-2.433341683868973,-0.29718988439363636
3934,1966,2,3,61286.0,0,1,2013-08-02,34,356,0,107,19,9,117,2,7,1,8,5,0,0,0,0,0,0,0,60,4535,2,608,16,0,1,2,-1,0.2658425137558141,1.1640993488614555
6982,1976,2,3,74068.0,0,0,2013-03-19,14,783,30,537,140,76,15,1,4,10,9,2,0,0,0,0,0,0,0,50,4671,1,1581,23,0,0,1,-1,4.31504624319024,-1.3523135444990235
6431,1964,4,3,45759.0,1,1,2013-02-23,13,42,1,18,3,0,4,2,2,0,3,7,0,0,0,0,0,0,0,62,4695,3,68,5,0,2,3,0,-3.3229272565845,1.2251404037475864
9733,1978,1,5,24882.0,1,0,2012-09-09,52,1,4,10,29,0,36,1,1,1,2,6,1,0,0,0,0,0,0,48,4862,2,80,4,1,1,0,-1,-2.346968630614074,-2.2110471107560645
5602,1989,4,5,66973.0,0,0,2013-05-17,98,466,22,432,147,113,102,1,8,7,12,3,0,0,0,0,0,0,0,37,4612,1,1282,27,0,0,1,-1,4.4323514222185745,-1.3187637489102195
7829,1900,0,2,36640.0,1,0,2013-09-26,99,15,6,8,7,4,25,1,2,1,2,5,0,0,0,0,0,1,0,126,4480,2,65,5,0,1,3,-1,-2.156136867578305,2.4799736789519327
1324,1988,2,3,38872.0,1,0,2013-05-30,93,23,3,21,3,19,22,2,3,0,3,8,0,0,0,0,0,0,0,38,4599,2,91,6,0,1,0,1,-2.6896253081180985,-2.041409191000234
326,1973,2,3,51148.0,1,1,2013-02-18,38,235,6,45,8,9,12,4,5,1,6,6,0,0,0,0,0,0,0,53,4700,3,315,12,0,2,3,0,-2.1195743909205524,1.4708136520802344
7224,1977,2,3,31353.0,1,1,2013-12-29,24,10,0,10,3,1,7,2,1,1,2,8,0,0,0,0,0,0,0,49,4386,3,31,4,0,2,3,0,-3.8390582057914866,-0.1077569638290389
6999,1980,3,3,69661.0,0,0,2014-05-13,80,656,16,106,32,16,8,1,7,3,12,3,0,0,0,0,0,0,0,46,4251,1,834,22,0,0,2,-1,1.9847016462502347,-1.1983005873291859
9938,1954,2,3,80067.0,0,0,2013-09-19,82,519,17,813,27,173,51,1,4,6,6,2,0,0,1,0,0,0,0,72,4487,1,1600,16,1,0,1,-1,4.746674397091787,-0.8877985350959532
6422,1954,2,3,86718.0,0,0,2013-01-17,20,344,189,482,50,33,172,1,5,6,5,2,0,0,0,0,0,0,0,72,4732,1,1270,16,0,0,2,-1,3.9701932159975795,-0.39032550317043774
3182,1973,4,4,46854.0,1,1,2014-03-31,81,96,1,79,7,1,79,6,5,1,3,8,1,0,0,0,0,0,1,53,4294,3,263,9,1,2,3,-1,-2.357413312737932,1.5928986644014436
7300,1952,2,2,69142.0,0,1,2014-06-29,50,448,4,34,6,4,39,3,8,1,7,5,0,1,0,0,0,0,0,74,4204,2,535,16,1,1,2,-1,0.5412834667688892,2.2624684379946287
10424,1968,2,4,75922.0,0,0,2013-12-09,60,265,138,553,224,23,92,1,4,4,9,1,0,0,0,0,0,0,0,58,4406,1,1295,17,0,0,1,-1,4.042963002119367,-1.558097350259786
8727,1978,2,2,63693.0,0,1,2013-10-14,63,587,43,337,42,87,54,3,11,6,9,6,0,0,0,0,0,0,0,48,4462,2,1150,26,0,1,2,-1,2.5148670527932224,1.2611541713716417
2798,1977,4,5,102160.0,0,0,2012-11-02,54,763,29,138,76,176,58,0,7,9,10,4,0,1,1,1,0,0,1,49,4808,1,1240,26,3,0,1,-1,6.8534307325695485,-0.9421483289728401
1030,1965,4,4,40637.0,1,1,2013-07-17,72,22,0,13,0,0,3,2,1,0,3,7,0,0,0,0,0,0,0,61,4551,3,38,4,0,2,3,0,-3.550756341676298,1.0092327788415336
624,1984,3,4,18890.0,0,0,2012-11-10,5,6,4,1,7,2,15,1,0,1,2,6,1,0,0,0,0,0,1,42,4800,1,35,3,1,0,0,-1,-1.7306290894248364,-3.397692971493174
5176,1988,2,5,29604.0,1,0,2013-12-08,88,7,6,13,7,6,14,1,1,0,3,9,1,0,0,0,0,0,0,38,4407,2,53,4,1,1,0,-1,-2.8297295855367888,-2.716092709009649
5552,1963,3,2,48721.0,1,1,2013-05-13,50,81,18,113,47,13,21,6,4,2,5,6,0,0,0,0,0,0,0,63,4616,3,293,11,0,2,3,0,-1.9938323248420387,2.204600482027181
868,1966,2,3,44794.0,0,1,2014-06-08,99,54,0,7,0,0,4,1,2,0,3,6,0,0,0,0,0,0,0,60,4225,2,65,5,0,1,3,3,-2.357442211689412,-0.38739659959254863
380,1954,2,2,64497.0,0,1,2012-09-10,17,1170,48,320,42,32,192,5,11,4,9,8,1,0,0,0,0,0,1,72,4861,2,1804,24,1,1,2,-1,3.5889242894374838,3.4880994740753
2677,1956,2,5,46097.0,0,1,2013-03-31,11,72,24,68,65,4,8,5,3,1,6,4,0,0,0,0,0,0,0,70,4659,2,241,10,0,1,3,-1,-0.95797113999534,1.2684659096949298
6521,1954,2,5,77972.0,0,0,2014-03-18,18,613,22,319,33,102,12,1,4,6,9,1,0,0,0,0,0,0,0,72,4307,1,1101,19,0,0,2,-1,3.0227631990477275,-0.37618995559390633
6927,1968,4,3,44377.0,1,1,2012-10-05,70,224,0,30,0,0,10,8,5,1,5,8,0,0,0,0,0,0,0,58,4836,3,264,11,0,2,3,-1,-2.6628364908861526,2.760550400480888
2877,1974,3,5,46014.0,1,1,2013-01-21,21,410,0,59,19,9,44,10,7,1,8,7,0,0,0,0,0,0,0,52,4728,3,541,16,0,2,3,-1,-1.5709293784709955,3.0944452712803696
0,1985,2,3,70951.0,0,0,2013-05-04,66,239,10,554,254,87,54,1,3,4,9,1,0,0,0,0,0,0,0,41,4625,1,1198,16,0,0,1,-1,3.3641429341596263,-2.6061691921102326
1584,1977,2,3,41443.0,1,0,2014-04-01,79,171,7,171,25,19,89,6,8,1,5,8,0,0,0,0,0,0,0,49,4293,2,482,14,0,1,0,-1,-1.0397270857528198,0.02477944294515075
7264,1978,0,4,52195.0,2,1,2014-05-12,2,12,0,4,0,0,1,1,1,0,2,8,0,0,0,0,0,0,0,48,4252,4,17,3,0,3,3,-1,-4.845460592376937,0.2613894231492298
6274,1948,3,3,83790.0,0,0,2013-11-15,81,1076,16,417,42,48,16,1,8,10,6,3,0,1,1,0,0,0,0,78,4430,1,1615,24,2,0,1,-1,5.521654785708344,0.8543750499391598
1377,1954,3,6,44551.0,0,1,2013-08-31,24,182,4,33,0,0,66,2,4,1,5,7,0,0,0,0,0,0,0,72,4506,2,285,10,0,1,3,3,-1.2633838206754313,1.320970144642578
454,1980,2,5,69508.0,1,0,2012-11-14,48,824,32,162,42,32,43,2,11,4,11,6,0,0,0,0,0,0,0,46,4796,2,1135,26,0,1,2,-1,1.9186312662661207,0.5818357298046178
1755,1988,0,5,45204.0,1,0,2014-04-11,93,30,11,25,29,1,18,1,1,1,4,3,0,0,0,0,0,0,0,38,4283,2,114,6,0,1,0,-1,-2.149029414582169,-2.8588733068198056
2075,1969,2,3,72460.0,0,0,2013-11-14,56,377,10,540,80,30,10,1,3,5,7,1,0,0,0,0,0,0,0,57,4431,1,1047,15,0,0,2,-1,2.198377158290278,-1.6494420801346352
4785,1970,4,5,77622.0,0,2,2014-04-14,3,520,7,154,19,0,14,2,6,3,11,3,0,0,0,0,0,0,0,56,4280,3,714,20,0,2,2,-1,0.2154459653194771,2.9263777206601054
9076,1980,4,3,30732.0,1,0,2013-01-05,44,155,1,25,0,1,3,4,4,1,4,8,0,0,0,0,0,0,0,46,4744,2,185,9,0,1,0,1,-2.400549593427675,-0.6820555712756594
7079,1962,2,2,63887.0,0,1,2012-09-08,38,897,23,207,15,11,92,5,9,6,12,6,0,0,0,0,0,0,0,64,4863,2,1245,27,0,1,2,-1,2.4153973803051314,3.03114900621288
4653,1978,2,5,42011.0,1,0,2013-03-26,46,131,0,16,2,1,39,4,3,1,4,8,0,0,0,0,0,0,0,48,4664,2,189,8,0,1,0,1,-2.3084194945249683,-0.8679057719398686
7375,1976,2,5,51369.0,0,1,2012-10-25,84,297,7,79,0,11,182,2,8,2,4,8,0,0,0,0,0,0,0,50,4816,2,576,14,0,1,2,-1,-0.19686347207738442,0.7547713911078984
709,1952,2,2,51537.0,0,1,2012-12-09,27,787,20,204,0,0,92,3,2,2,11,8,0,0,0,0,0,0,0,74,4771,2,1103,15,0,1,2,-1,0.5819405588825625,2.1811300857242735
460,1972,4,3,79930.0,0,0,2012-08-08,72,792,86,740,67,51,17,1,3,5,8,2,0,0,0,0,0,0,0,54,4894,1,1753,16,0,0,1,-1,3.8050207230247666,-1.0935211957097557
3726,1986,4,5,34320.0,1,0,2014-02-16,66,4,1,9,3,0,0,1,1,0,2,8,0,0,0,0,0,0,0,40,4337,2,17,3,0,1,0,1,-3.267820227919509,-2.280159090484841
6798,1966,2,4,37070.0,1,1,2013-03-20,30,231,7,137,4,15,39,9,5,1,8,7,0,0,0,0,0,0,1,60,4670,3,433,14,0,2,3,-1,-1.921509145532109,2.858784438267526
5341,1962,0,2,81975.0,0,1,2013-01-05,2,983,76,184,180,138,27,1,6,3,4,7,0,0,1,0,0,0,0,64,4744,2,1588,13,1,1,1,-1,3.483904836539768,0.41134728915720864
1606,1971,2,5,38590.0,1,0,2013-05-15,65,3,1,8,4,3,3,1,1,0,2,8,0,0,0,0,0,0,0,55,4614,2,22,3,0,1,0,1,-3.072474353701011,-1.5227317820371178
9617,1951,2,4,15033.0,0,0,2014-04-16,37,0,4,5,6,0,4,1,1,0,3,3,0,0,0,0,0,0,0,75,4278,1,19,4,0,0,0,-1,-1.6881138719769682,-1.6012525267314182
3233,1965,4,3,62745.0,0,1,2013-03-23,89,562,21,464,28,10,32,3,7,8,11,5,0,0,0,0,0,0,0,61,4667,2,1117,26,0,1,2,-1,2.2747655664652044,2.1811691905830366
89,1975,0,3,22212.0,1,0,2013-12-09,49,5,9,20,6,8,21,2,2,0,4,6,0,0,0,0,0,0,0,51,4406,2,69,6,0,1,0,1,-2.685363016008348,-1.8390956238161393
2936,1982,3,5,23661.0,1,0,2013-12-04,46,18,0,4,0,0,1,1,1,0,3,7,0,0,0,0,0,0,0,44,4411,2,23,4,0,1,0,1,-3.153137461165927,-2.146445099329524
9449,1958,4,4,79761.0,0,1,2013-10-04,32,415,5,124,15,35,11,1,5,2,11,3,0,0,0,0,0,0,0,68,4472,2,605,18,0,1,2,-1,0.8229375618925305,1.6068885079749544
7297,1973,2,4,7500.0,1,0,2013-12-26,54,5,3,10,12,7,20,4,3,1,3,7,0,0,0,0,0,0,0,53,4389,2,57,7,0,1,0,1,-2.8297961263996285,-1.0562803279127826
11004,1893,0,4,60182.0,0,1,2014-05-17,23,8,0,5,7,0,2,1,1,0,2,4,0,0,0,0,0,0,0,133,4247,2,22,3,0,1,3,-1,-1.8095749619587649,3.380147219428537
313,1968,2,6,73455.0,0,0,2013-10-28,98,901,61,757,186,163,20,1,6,5,10,3,0,1,0,0,0,0,0,58,4448,1,2088,21,1,0,1,-1,5.975569139234991,-0.6572177271418645
9940,1958,2,5,64961.0,0,1,2012-12-23,97,382,114,276,75,124,38,2,6,4,4,3,0,0,0,0,0,0,0,68,4757,2,1009,14,0,1,2,-1,2.0364967182822005,1.0900152620810206
10735,1971,2,4,22804.0,1,0,2013-07-31,75,14,1,7,2,1,1,1,2,0,2,9,0,0,0,0,0,0,0,55,4537,2,26,4,0,1,0,1,-3.2358776640255114,-1.472912481335349
9529,1990,2,3,73687.0,0,0,2013-11-28,8,559,153,503,218,13,181,1,3,9,9,2,0,0,0,1,0,0,1,36,4417,1,1627,21,1,0,1,-1,5.823513670436388,-2.7315094832629794
6439,1958,2,3,61074.0,0,1,2012-08-17,37,789,0,133,0,28,152,7,11,5,8,7,0,0,0,0,0,0,0,68,4885,2,1102,24,0,1,2,-1,1.777081952960532,3.5995181855061174
7411,1964,4,3,31686.0,1,1,2014-06-05,31,11,0,5,0,0,1,2,1,0,3,6,0,0,0,0,0,0,0,62,4228,3,17,4,0,2,3,0,-3.6453524825398675,0.8109196381831572
2176,1972,2,3,80134.0,1,0,2013-05-20,40,1218,16,272,104,0,80,2,5,3,6,6,0,1,1,1,0,0,1,54,4609,2,1690,14,3,1,1,-1,3.8704722902594657,-0.2205419227293569
9265,1953,2,3,75027.0,0,1,2013-01-09,74,925,64,179,133,12,77,2,9,4,6,5,0,0,0,0,0,0,0,73,4740,2,1390,19,0,1,2,-1,2.535144641496722,2.3769311314341715
8867,1988,4,3,67546.0,0,0,2012-08-31,90,864,134,768,150,38,172,1,4,10,5,3,0,0,0,0,0,0,0,38,4871,1,2126,19,0,0,1,-1,5.272401005005515,-1.7922483937798905
8932,1969,3,5,65176.0,0,1,2012-10-29,57,960,28,183,220,70,70,4,9,6,6,6,0,0,0,0,0,0,0,57,4812,2,1531,21,0,1,2,-1,3.044498216063234,1.9566619936622338
10236,1975,3,4,31160.0,1,0,2013-09-16,59,16,3,25,6,1,13,2,2,0,3,8,0,0,0,0,0,0,0,51,4490,2,64,5,0,1,0,1,-2.902503964320907,-1.355898474793131
6340,1985,2,4,29938.0,1,0,2013-10-27,52,3,3,7,0,2,11,2,1,0,3,6,0,0,0,0,0,0,0,41,4449,2,26,4,0,1,0,1,-3.020929482494264,-2.2822190004100777
10089,1974,2,2,102692.0,0,0,2013-04-05,5,168,148,444,32,172,148,1,6,9,13,2,0,1,1,1,1,0,1,52,4654,1,1112,28,4,0,1,-1,8.474009169969614,-1.2676198716373641
2227,1958,0,5,26490.0,0,0,2012-09-22,92,45,47,52,21,20,25,2,3,1,5,6,0,0,0,0,0,0,0,68,4849,1,210,9,0,0,0,-1,-0.5978555880902869,-1.2743733510678021
10992,1967,2,5,75702.0,1,1,2012-08-29,77,650,28,353,45,42,30,5,4,6,11,8,0,0,0,0,0,0,0,59,4873,3,1148,21,0,2,2,-1,0.752946112871007,2.8664111303331756
5304,1974,4,4,30899.0,1,0,2012-10-13,35,24,0,8,0,0,1,2,1,0,3,6,0,0,0,0,0,0,0,52,4828,2,33,4,0,1,0,1,-2.8861354241011137,-1.2116866290161736
309,1961,4,5,63342.0,0,1,2012-10-16,48,918,21,118,13,10,21,3,8,3,5,6,0,1,0,0,0,0,0,65,4825,2,1101,16,1,1,2,-1,1.3811519369100238,2.4425671072218016
3406,1964,2,4,45989.0,0,1,2012-10-22,97,138,33,87,28,24,12,4,3,2,7,3,0,0,0,0,0,0,0,62,4819,2,322,12,0,1,3,-1,-0.501200871295984,0.8711398395208373
2661,1964,2,4,18701.0,1,1,2013-06-04,95,12,4,2,10,6,10,4,2,0,4,5,0,0,0,0,0,0,0,62,4594,3,44,6,0,2,3,0,-3.3410257631525604,1.19619749968147
3153,1957,4,4,40737.0,2,1,2013-12-08,24,11,0,4,0,0,2,1,1,0,2,8,0,0,0,0,0,0,0,69,4407,4,17,3,0,3,3,-1,-4.719130398554153,2.054240358182745
10264,1979,2,2,15287.0,1,0,2012-10-10,60,1,2,8,4,3,13,2,1,1,2,7,1,0,0,0,0,0,1,47,4831,2,31,4,1,1,0,6,-2.776432996197387,-2.0292899687431127
1184,1968,4,2,69674.0,0,2,2013-05-22,46,554,41,215,11,0,24,3,10,2,10,5,0,0,0,0,0,0,0,58,4607,3,845,22,0,2,2,-1,0.5181127242781862,3.7161026932707886
4200,1970,3,3,44159.0,1,0,2014-06-17,85,167,2,62,24,13,7,4,4,1,6,5,0,0,0,0,0,0,0,56,4216,2,275,11,0,1,0,1,-1.5441127358136404,-0.3614186789842196
9396,1978,4,3,37717.0,1,0,2012-11-23,31,9,0,6,4,1,5,1,1,0,2,9,0,0,0,0,0,0,0,48,4787,2,25,3,0,1,0,1,-3.1807333830281124,-1.599037197071174
2387,1952,3,5,43776.0,1,1,2013-02-03,9,177,2,71,3,2,20,6,5,2,4,8,0,0,0,0,0,0,1,74,4715,3,275,11,0,2,3,8,-2.417550510244933,3.1067751118367735
6690,1966,3,3,38179.0,1,1,2013-03-14,30,38,4,22,4,2,20,4,3,1,3,7,0,0,0,0,0,0,0,60,4676,3,90,7,0,2,3,0,-3.146615464576908,1.4559368618146216
1225,1963,2,3,80124.0,0,0,2014-06-26,47,483,84,398,205,84,241,1,3,7,8,1,1,0,0,0,0,0,0,63,4207,1,1495,18,1,0,1,-1,5.1450103855604015,-1.2344846714866125
9703,1970,4,3,38097.0,1,1,2012-10-15,70,77,2,35,0,1,69,4,3,2,2,7,1,0,0,0,0,0,1,56,4826,3,184,7,1,2,3,-1,-2.552804206204914,1.3145015418378674
291,1970,2,3,72940.0,0,0,2013-06-19,13,182,74,298,162,149,116,1,3,3,6,1,0,0,0,0,0,0,0,56,4579,1,981,12,0,0,2,-1,3.062304742436979,-1.97866915682188
4557,1970,2,5,22070.0,1,0,2013-10-04,11,10,7,19,8,2,21,2,2,2,2,6,0,0,0,0,0,0,0,56,4472,2,67,6,0,1,0,1,-2.5970059660113174,-1.3065506407907534
2379,1953,2,4,69267.0,0,0,2012-09-22,31,778,44,499,95,73,146,2,3,4,5,7,0,0,0,0,0,0,1,73,4849,1,1635,12,0,0,2,-1,2.992694980341194,-0.03524431910580644
5726,1983,3,4,31788.0,1,0,2014-03-20,15,16,7,23,0,8,6,3,3,0,4,5,0,0,0,0,0,1,0,43,4305,2,60,7,0,1,0,-1,-2.68037425984208,-1.5939539008977441
3066,1975,4,5,61905.0,0,1,2014-02-04,2,167,0,43,6,2,13,2,4,2,4,5,0,0,0,0,0,0,0,51,4349,2,231,10,0,1,3,-1,-1.2854281724353263,0.013936274442080029
6336,1960,2,3,29315.0,1,1,2014-04-06,55,13,2,14,8,7,4,4,2,0,4,6,0,0,0,0,0,0,0,66,4288,3,48,6,0,2,3,0,-3.376076448535032,1.3269761760024585
10967,1963,2,2,33378.0,1,1,2013-02-06,38,33,6,40,3,7,10,3,2,0,4,7,0,0,0,0,0,0,0,63,4712,3,99,6,0,2,3,0,-3.2579779579879213,1.2146420060601402
2304,1963,4,5,66313.0,0,1,2013-09-16,86,625,7,99,10,22,7,2,6,3,12,4,0,0,0,0,0,0,0,63,4490,2,770,21,0,1,2,3,1.041267818069053,1.8643519619426798
3445,1956,2,4,60714.0,0,0,2013-01-17,56,216,162,224,101,92,162,2,7,4,10,5,0,0,0,0,0,0,1,70,4732,1,957,21,0,0,2,-1,3.733599328995412,0.07992830526772127
7828,1981,3,5,77882.0,0,0,2014-04-30,29,68,129,396,188,22,15,1,3,3,5,1,0,0,0,0,0,0,0,45,4264,1,818,11,0,0,2,-1,2.2205211776951588,-2.8490549873095827
3762,1986,4,4,69867.0,0,0,2013-04-02,30,196,0,512,33,130,54,1,3,5,8,1,0,0,0,1,0,0,1,40,4657,1,925,16,1,0,1,-1,3.272817253109371,-2.5433153231332826
4391,1968,3,2,63841.0,0,1,2013-04-21,64,635,15,100,20,7,131,1,9,3,9,6,0,0,0,0,0,0,0,58,4638,2,908,21,0,1,2,-1,1.320585442216686,1.6441183451244583
4669,1981,1,3,24480.0,1,0,2013-02-11,46,4,19,9,28,25,17,3,3,0,4,7,0,0,0,0,0,0,0,45,4707,2,102,7,0,1,0,1,-2.425652847788344,-1.651752275911045
10144,1976,2,5,51369.0,0,1,2012-10-25,84,297,7,79,0,11,182,2,8,2,4,8,0,0,0,0,0,0,0,50,4816,2,576,14,0,1,2,-1,-0.19686347207738442,0.7547713911078984
8652,1946,2,5,37760.0,0,0,2012-08-31,20,84,5,38,150,12,28,2,4,1,6,7,0,0,0,0,0,0,0,80,4871,1,317,11,0,0,2,-1,0.09491871838700738,-0.11370170587762618
1672,1974,4,5,65640.0,0,1,2014-03-01,74,204,7,149,20,15,66,1,5,1,8,2,0,0,0,0,0,0,0,52,4324,2,461,14,0,1,2,-1,0.08324291120315606,0.2634503412067013
8962,1975,3,3,44319.0,1,1,2014-04-17,18,26,0,8,0,0,3,2,2,0,3,5,0,0,0,0,0,0,0,51,4277,3,37,5,0,2,3,0,-3.392309838837009,0.1897519969432154
9974,1974,2,3,30631.0,1,0,2013-07-12,75,15,6,20,4,5,20,1,3,1,2,7,0,0,0,0,0,0,0,52,4556,2,70,6,0,1,0,1,-2.6255471156662376,-1.5145561806857848
10983,1952,2,5,75278.0,0,0,2013-01-29,17,304,98,230,150,74,74,1,6,3,13,3,0,0,0,0,0,0,0,74,4720,1,930,22,0,0,2,-1,3.7134221523891364,0.1417879219966731
8148,1956,3,5,50898.0,1,1,2013-01-08,88,285,28,242,55,114,135,13,6,2,12,5,0,0,0,0,0,0,0,70,4741,3,859,20,0,2,2,-1,0.6269202411813718,4.769329648754398
10102,1966,2,6,79946.0,0,0,2014-05-12,19,395,183,565,166,141,28,1,5,11,5,3,0,0,0,0,0,0,0,60,4252,1,1478,21,0,0,1,-1,5.105603086021574,-1.4196496205526217
4697,1949,3,2,35416.0,0,0,2013-06-13,62,248,3,81,4,3,51,3,7,1,5,8,0,0,0,0,0,0,0,77,4585,1,390,13,0,0,2,-1,-0.28421500599283034,0.41319027257741264
9262,1984,0,5,32414.0,0,0,2013-07-04,11,20,6,5,0,9,12,1,1,0,3,7,1,0,0,0,0,0,0,42,4564,1,52,4,1,0,0,-1,-1.6405516653175571,-3.65117341933315
7254,1969,2,5,38361.0,1,0,2013-12-27,74,39,0,56,20,8,14,3,3,1,3,7,0,0,0,0,0,0,0,57,4388,2,137,7,0,1,0,1,-2.350609550563127,-0.8447698792559236
4543,1980,2,3,82497.0,0,0,2012-10-31,32,777,129,573,216,21,203,1,2,7,9,4,0,0,1,0,0,0,0,46,4810,1,1919,18,1,0,1,-1,5.939469581054306,-1.9639096018037934
4927,1971,2,5,16626.0,2,0,2014-01-15,76,8,3,22,21,1,13,3,3,0,3,9,0,0,0,0,0,0,0,55,4369,3,68,6,0,2,0,-1,-3.9858253630603353,-0.16159428886181162
10451,1965,2,5,29672.0,1,1,2013-03-12,6,9,1,3,0,4,8,1,0,0,3,6,0,0,0,0,0,0,0,61,4678,3,25,3,0,2,3,0,-3.634676721304268,0.4130684089873608
2926,1952,3,5,55951.0,0,1,2012-08-23,62,1241,0,80,0,13,40,3,3,6,11,8,0,1,0,0,1,0,0,74,4879,2,1374,20,2,1,2,-1,2.7412819845341434,3.1408135191369753
2874,1988,0,2,35388.0,1,0,2013-03-07,20,6,4,7,4,3,8,1,1,0,3,7,0,0,0,0,0,0,0,38,4683,2,32,4,0,1,0,1,-3.029899924354253,-2.780003820884184
9738,1986,3,5,42386.0,1,0,2013-01-13,43,65,4,16,0,4,11,1,3,0,3,8,0,0,0,0,0,0,0,40,4736,2,100,6,0,1,0,1,-2.659484171359541,-1.8743461901419385
7119,1982,2,4,68627.0,0,0,2013-01-12,45,395,15,263,60,54,38,1,2,3,6,1,0,0,0,0,0,0,0,44,4737,1,825,11,0,0,2,-1,1.393063267926443,-2.4781869436470854
3924,1965,4,2,57912.0,0,1,2014-03-17,34,801,0,80,0,0,35,5,8,3,12,5,0,1,0,0,0,0,0,61,4308,2,916,23,1,1,2,-1,1.6032354872628476,2.726803859589393
5827,1958,2,2,35246.0,1,1,2014-04-16,53,36,0,12,2,2,10,4,3,1,3,5,0,0,0,0,0,0,0,68,4278,3,62,7,0,2,3,0,-3.1295702645863104,1.5340136351576716
5596,1956,0,5,58821.0,0,1,2013-10-12,44,513,14,154,19,0,28,1,9,2,9,6,0,0,0,0,0,0,0,70,4464,2,728,20,0,1,2,-1,0.64711403066921,1.6241583124961885
10812,1978,4,3,46377.0,1,0,2014-03-01,89,37,0,46,4,3,0,1,2,1,3,4,0,0,0,0,0,0,0,48,4324,2,90,6,0,1,0,1,-2.3122736561312203,-1.6701328755370746
1717,1988,2,4,39747.0,1,0,2014-04-13,43,80,15,93,20,13,52,3,5,1,4,8,0,0,0,0,0,0,0,38,4281,2,273,10,0,1,0,1,-1.876258873493493,-1.649223427145646
9491,1984,2,5,23976.0,1,0,2013-12-27,68,14,1,21,2,3,25,3,3,1,3,7,0,0,0,0,0,0,0,42,4388,2,66,7,0,1,0,1,-2.746963084182652,-1.75985786700544
9274,1961,3,3,80950.0,0,0,2013-03-28,44,525,147,112,219,147,63,1,6,7,9,2,0,0,0,1,0,0,0,65,4662,1,1213,22,1,0,1,-1,5.776080772249844,-0.7219505443450693
6609,1966,2,6,27038.0,0,0,2012-09-18,64,1,26,25,17,23,15,1,3,0,3,9,0,0,0,0,0,0,1,60,4853,1,107,6,0,0,0,2,-1.4630940088108073,-1.7512796319124129
6963,1947,2,4,77457.0,0,0,2014-03-05,85,675,11,400,15,45,11,1,2,5,10,1,0,0,1,0,0,0,0,79,4320,1,1157,17,1,0,1,-1,3.457615903220378,-0.3628064459807763
4440,1964,3,3,64100.0,0,1,2013-09-10,93,509,0,27,0,0,10,1,8,3,6,7,0,1,0,0,0,0,0,62,4496,2,546,17,1,1,2,-1,0.40083347185615803,1.5858207795077388
1379,1992,3,5,42670.0,0,0,2013-04-27,12,154,2,46,20,4,15,1,4,2,4,4,0,0,0,0,0,0,0,34,4632,1,241,10,0,0,0,-1,-0.6469661654694285,-3.0004513435784386
10032,1976,2,2,12571.0,1,0,2014-01-18,86,3,5,14,2,12,17,4,3,1,3,6,0,0,0,0,0,0,0,50,4366,2,53,7,0,1,0,1,-2.75025904250378,-1.2609086744922402
2826,1967,2,3,22574.0,2,1,2013-10-28,28,25,0,8,2,0,2,2,2,0,3,7,0,0,0,0,0,0,0,59,4448,4,37,5,0,3,3,-1,-4.683344175452189,1.4687803475727566
2437,1989,2,3,51381.5,0,0,2013-06-03,69,861,138,461,60,30,61,1,6,5,12,3,0,1,0,1,0,0,0,37,4595,1,1611,23,2,0,1,-1,5.394125337498098,-1.8683224135238874
6320,1976,3,4,70893.0,0,0,2013-02-06,42,768,44,561,77,44,14,1,6,6,10,3,0,0,0,0,0,0,0,50,4712,1,1508,22,0,0,2,-1,3.6476442956389095,-0.9766596718261209
3050,1966,2,3,54198.0,1,1,2013-12-17,13,185,0,28,3,2,17,6,3,1,6,4,0,0,0,0,0,0,0,60,4398,3,235,10,0,2,3,0,-2.3665587009796645,1.787489686521027
231,1956,3,5,28839.0,1,1,2014-03-11,86,24,0,7,0,0,1,2,2,0,3,5,0,0,0,0,0,0,0,70,4314,3,32,5,0,2,3,0,-3.387767002853431,1.3189119115350214
2392,1972,2,3,40321.0,1,1,2013-07-29,59,44,4,21,6,0,27,2,3,0,3,7,0,0,0,0,0,0,0,54,4539,3,102,6,0,2,3,0,-3.2444087345298156,0.5719258908422705
9478,1985,2,4,66503.0,1,0,2012-08-14,30,91,64,128,65,3,50,2,4,3,6,3,0,0,0,0,0,0,0,41,4888,2,401,13,0,1,0,-1,-0.16501969515049664,-1.403446904041136
113,1951,2,3,30833.0,1,1,2013-07-16,33,11,0,7,3,1,6,2,1,0,3,5,0,0,0,0,0,0,0,75,4552,3,28,4,0,2,3,0,-3.4091265747899993,1.423403993853829
2863,1970,2,4,51381.5,1,2,2013-08-23,67,738,20,172,52,50,20,6,2,3,10,7,0,1,0,1,0,0,0,56,4514,4,1052,15,2,3,3,-1,0.2909441679505053,3.8670327809174143
1802,1971,2,3,64795.0,0,1,2013-01-17,23,412,5,119,38,29,77,3,3,3,12,2,0,0,0,0,0,0,0,55,4732,2,680,18,0,1,2,-1,0.9840833290187243,0.8933389346441432
520,1974,2,3,34421.0,1,0,2013-07-01,81,3,3,7,6,2,9,1,1,0,2,7,0,0,0,0,0,0,0,52,4567,2,30,3,0,1,0,1,-3.033756566512331,-1.775941448267783
8275,1965,4,2,47025.0,1,1,2014-02-09,6,16,0,3,0,0,1,1,1,0,2,7,0,0,0,0,0,0,0,61,4344,3,20,3,0,2,3,0,-3.6633193990703004,0.6336893004957963
9750,1961,4,2,64325.0,0,1,2013-02-07,41,731,60,353,78,12,73,5,10,3,5,7,0,0,0,0,0,0,0,65,4711,2,1307,18,0,1,2,-1,1.740498575282394,2.5707115416552857
2607,1953,2,4,40464.0,0,1,2013-01-11,78,424,17,118,7,23,41,6,8,2,8,8,0,0,0,0,0,0,0,73,4738,2,630,18,0,1,2,-1,0.008461529833128489,2.8085687257068663
7214,1957,2,3,62187.0,0,0,2013-07-05,49,792,0,275,45,45,126,1,4,8,5,3,0,0,0,0,0,0,0,69,4563,1,1283,17,0,0,2,-1,2.734772986325224,-0.3200728801498075
5835,1976,4,2,14849.0,1,0,2013-07-02,39,21,2,28,3,2,9,3,2,0,4,8,0,0,0,0,0,0,0,50,4566,2,65,6,0,1,0,1,-2.9880332431140144,-1.1095932818396403
3896,1984,2,3,27255.0,1,0,2013-11-07,3,22,1,11,0,1,2,1,1,0,3,7,0,0,0,0,0,0,0,42,4438,2,37,4,0,1,0,1,-3.1294331785997755,-2.4167774278128307
10350,1950,4,3,54432.0,2,1,2013-05-09,37,33,0,5,0,0,0,1,1,0,3,4,0,0,0,0,0,0,0,76,4620,4,38,4,0,3,3,-1,-4.045255533667179,2.56025418338969
7786,1986,4,4,29999.0,1,0,2013-02-13,22,68,7,59,10,5,11,4,3,1,4,8,0,0,0,0,0,0,0,40,4705,2,160,8,0,1,0,1,-2.47208128587842,-1.226868186457124
2861,1983,2,4,24072.0,1,0,2013-04-16,79,9,1,6,3,0,4,1,1,0,2,8,0,0,0,0,0,0,0,43,4643,2,23,3,0,1,0,1,-3.3088341135674013,-2.265512617936659
663,1989,4,4,33996.0,0,0,2013-09-11,46,40,2,15,8,0,6,1,1,1,3,4,0,0,0,0,0,0,0,37,4495,1,71,5,0,0,0,-1,-1.5917908594518981,-3.2889837878367096
10675,1956,4,3,66334.0,0,1,2013-04-03,82,909,11,218,0,0,23,2,9,3,5,5,0,0,0,0,0,0,1,70,4656,2,1161,17,0,1,2,-1,1.0224192115119308,2.369735736846351
2521,1971,3,3,35178.0,1,0,2013-01-10,10,23,1,13,2,2,18,1,1,1,2,7,1,0,0,0,0,0,1,55,4739,2,59,4,1,1,0,6,-2.466761313022323,-1.557532848038504
9592,1983,2,5,22010.0,1,0,2013-06-30,51,11,2,9,3,0,8,2,2,0,3,8,0,0,0,0,0,0,0,43,4568,2,33,5,0,1,0,1,-3.1180847108973495,-1.954594481474055
10151,1960,2,2,62204.0,0,2,2012-09-12,38,317,46,247,151,46,139,1,4,5,12,3,0,0,0,0,0,0,0,66,4859,3,946,21,0,2,2,-1,1.898137005405879,3.065094835104097
7381,1968,2,2,75693.0,0,0,2012-12-06,10,797,153,293,72,97,30,1,11,4,6,4,0,1,1,1,0,0,1,58,4774,1,1442,21,3,0,1,-1,6.341940474209105,-0.8499679973433227
4099,1972,2,3,30675.0,1,0,2012-11-12,14,10,2,16,11,2,21,1,1,0,3,8,0,0,0,0,0,0,0,54,4798,2,62,4,0,1,0,1,-2.9030148088664305,-1.4910869069661061
9560,1965,2,5,83003.0,0,0,2013-03-03,18,856,61,570,40,25,122,1,7,6,8,3,0,0,1,0,0,0,1,61,4687,1,1674,21,1,0,1,-1,4.967764477197532,-0.5610439448239907
1150,1899,4,5,83532.0,0,0,2013-09-26,36,755,144,562,104,64,224,1,4,6,4,1,0,0,1,0,0,0,0,127,4480,1,1853,14,1,0,1,-1,6.123490133497027,2.7158239427159514
10172,1988,2,4,68655.0,0,0,2012-08-10,95,456,19,832,75,118,38,1,4,5,11,3,0,0,0,0,0,0,0,38,4892,1,1538,20,0,0,1,-1,3.7560549043047216,-2.102125165379693
11191,1986,2,2,41411.0,0,0,2013-12-07,11,37,32,38,11,3,18,1,2,1,4,6,0,0,0,0,0,0,0,40,4408,1,139,7,0,0,0,2,-1.2169587794897103,-3.2020857670303826
9707,1969,4,3,55212.0,0,1,2012-11-23,65,1103,0,45,0,0,34,3,4,2,11,8,0,1,0,0,1,0,0,57,4787,2,1182,17,2,1,2,-1,1.8372756943136406,2.0846216352329683
6245,1950,4,5,59292.0,0,1,2013-06-13,71,378,14,68,19,14,14,2,3,5,8,3,0,0,0,0,0,0,0,76,4585,2,507,16,0,1,2,-1,0.3560392016105667,1.930981081726937
8234,1973,1,5,27190.0,1,0,2013-08-15,13,1,6,7,0,1,3,1,1,0,2,8,1,0,0,0,0,0,1,53,4522,2,18,3,1,1,0,6,-2.9018420616036606,-2.0862503488436257
1411,1952,2,2,82623.0,0,0,2013-11-10,58,204,34,204,172,153,173,1,2,9,4,1,0,0,0,0,0,0,0,74,4435,1,940,15,0,0,2,-1,3.6401348558965467,-0.7957215602394139
8553,1965,2,3,44300.0,1,1,2013-06-23,65,30,0,9,0,0,3,2,1,0,3,6,0,0,0,0,0,0,0,61,4575,3,42,4,0,2,3,0,-3.4616990006630375,0.7287331882040904
1826,1970,2,2,84835.0,0,0,2014-06-16,0,189,104,379,111,189,218,1,4,4,6,1,0,0,0,0,0,0,1,56,4217,1,1190,14,0,0,1,-1,4.0679488535475725,-1.8381070120853562
8842,1971,2,6,30372.0,1,1,2012-12-25,33,15,0,12,7,3,7,3,2,0,3,7,0,0,0,0,0,0,0,55,4755,3,44,5,0,2,3,0,-3.541369731025927,0.7185262721682473
11030,1976,3,3,33181.0,1,0,2014-01-03,90,9,0,3,0,0,4,1,1,0,2,6,1,0,0,0,0,0,0,50,4381,2,16,3,1,1,0,-1,-2.7391219009488488,-2.0658277495082067
2579,1957,2,3,71113.0,0,1,2013-12-17,95,495,33,255,11,33,8,4,6,7,9,4,0,0,0,0,0,0,0,69,4398,2,835,22,0,1,2,-1,1.5221646046652881,2.082301410626448
175,1986,2,3,71952.0,1,0,2013-01-10,93,656,80,455,52,107,93,2,8,4,8,4,1,0,1,0,0,0,0,40,4739,2,1443,20,2,1,1,-1,3.85507788755681,-1.0996643612660248
9185,1966,4,4,69759.0,0,0,2013-10-28,38,452,20,514,13,30,0,3,4,6,5,3,0,0,0,0,0,0,1,60,4448,1,1029,15,0,0,2,-1,1.7762687743414949,-0.7244409079268279
11056,1974,2,3,72099.0,0,0,2012-10-27,18,546,91,410,119,0,22,1,3,4,10,1,0,0,0,0,0,0,0,52,4814,1,1188,17,0,0,2,-1,2.9685369533888575,-1.594261106426233
9365,1976,4,4,60000.0,0,1,2012-12-22,57,1048,0,217,0,0,12,5,11,3,5,6,0,0,0,0,0,0,0,50,4758,2,1277,19,0,1,2,-1,0.9507743882316266,2.047551651484229
6201,1978,2,4,38643.0,1,1,2013-11-29,45,22,2,14,0,1,10,2,2,0,3,7,0,0,0,0,0,1,0,48,4416,3,49,5,0,2,3,-1,-3.6971801684779932,0.11764283407853629
2061,1955,2,3,50737.0,0,1,2013-05-11,61,78,0,11,0,0,10,1,2,0,4,6,0,1,0,0,0,0,0,71,4618,2,99,6,1,1,3,-1,-1.4041537624120604,0.752417119438773
6184,1969,4,3,68462.0,0,0,2012-12-12,6,561,64,785,84,128,48,1,3,3,8,1,0,0,0,0,0,0,0,57,4768,1,1670,14,0,0,1,-1,3.807435047544278,-1.3171670028496754
6142,1943,3,3,65073.0,0,0,2013-08-20,65,629,17,177,69,0,8,1,5,3,5,2,0,0,0,0,0,1,0,83,4517,1,900,13,0,0,2,-1,1.3660373831668333,0.35098808346751903
4107,1948,4,5,46681.0,0,2,2013-10-08,52,269,15,69,15,19,38,2,4,6,4,5,0,0,0,0,0,0,0,78,4468,3,425,14,0,2,3,-1,-0.8882105647498565,3.562043571366031
7274,1957,2,3,78618.0,0,0,2012-09-28,87,736,163,818,212,163,61,1,4,7,10,2,0,1,0,0,0,0,0,69,4843,1,2153,21,1,0,1,-1,7.06576950370453,-0.19669540306483627
9336,1969,4,6,62187.0,0,1,2014-03-22,38,512,0,83,0,0,41,3,6,2,10,4,0,0,0,0,0,0,0,57,4303,2,636,18,0,1,2,-1,0.2912604709525829,1.3988760417727728
2958,1978,2,3,28442.0,2,0,2014-02-24,53,19,3,10,11,8,6,3,2,1,4,4,0,0,0,0,0,0,0,48,4329,3,57,7,0,2,0,-1,-3.432746446259128,-0.740819942183155
933,1978,4,3,37717.0,1,0,2012-11-23,31,9,0,6,4,1,5,1,1,0,2,9,0,0,0,0,0,0,0,48,4787,2,25,3,0,1,0,1,-3.1807333830281124,-1.599037197071174
5837,1967,2,3,51479.0,1,1,2012-12-28,67,247,8,160,6,8,65,7,6,3,6,7,0,0,0,0,0,0,0,59,4752,3,494,15,0,2,3,0,-1.447963555060478,2.6688562722999984
10704,1969,2,4,54803.0,0,1,2012-08-21,65,404,0,92,28,27,142,2,6,2,9,4,0,0,0,0,0,0,0,57,4881,2,693,17,0,1,2,-1,0.7594850939874508,1.1575176818628394
5125,1960,2,3,79530.0,0,0,2013-05-17,64,333,0,815,129,42,29,1,4,10,11,2,0,0,0,0,0,0,0,66,4612,1,1348,25,0,0,1,-1,4.210049584427124,-0.43230624265824963
4432,1976,2,2,31615.0,1,0,2013-03-16,82,2,3,20,6,11,9,2,2,0,3,7,0,0,0,0,0,0,0,50,4674,2,51,5,0,1,0,1,-2.803429226944359,-1.523221301228784
5955,1962,2,5,72025.0,0,0,2012-11-17,27,833,33,549,151,133,233,1,4,3,8,3,0,0,0,0,0,0,0,64,4793,1,1932,15,0,0,1,-1,4.674431953143763,-0.5196084679022499
2928,1975,4,4,52614.0,0,1,2012-12-01,63,789,0,142,12,9,38,2,2,4,8,8,0,0,0,0,0,0,0,51,4779,2,990,14,0,1,2,-1,0.10060939768837164,0.7856642650365295
5680,1984,0,3,35684.0,1,0,2014-04-22,66,10,4,7,0,6,3,1,1,0,3,6,0,0,0,0,0,0,0,42,4272,2,30,4,0,1,0,1,-2.9878699105130004,-2.7244529907651005
10313,1975,2,3,48178.0,1,1,2012-10-28,69,159,4,45,6,2,38,6,5,1,4,8,0,0,0,0,0,0,0,51,4813,3,254,10,0,2,3,0,-2.646994378317357,1.6755196507103987
2557,1970,3,4,29548.0,1,0,2013-08-29,52,7,1,6,3,1,11,1,1,1,2,4,1,0,0,0,0,0,0,56,4508,2,29,4,1,1,0,6,-2.351959087702462,-1.7032516218170926
1245,1966,2,4,63810.0,0,1,2012-11-11,45,977,12,253,16,12,101,4,4,3,12,8,0,1,0,0,0,0,0,60,4799,2,1371,19,1,1,2,-1,2.088580003739235,2.284873694036542
1519,1972,4,4,38578.0,1,1,2013-06-22,2,38,4,22,3,3,3,3,3,0,3,8,0,0,0,0,0,0,1,54,4576,3,73,6,0,2,3,0,-3.4351186750837943,0.983554046810211
10703,1975,3,4,46098.0,1,1,2012-08-18,86,57,0,27,0,0,36,4,3,2,2,8,0,0,0,0,0,0,0,51,4884,3,120,7,0,2,3,0,-3.110484709821003,1.1439916691663188
1726,1970,2,4,22585.0,0,0,2013-03-18,23,3,9,15,13,2,39,1,1,1,2,9,1,0,0,0,0,0,1,56,4672,1,81,4,1,0,0,-1,-1.6020263510645931,-2.507606608588078
4459,1989,2,4,30279.0,1,0,2012-12-30,13,10,4,14,4,4,1,1,1,0,3,8,0,0,0,0,0,0,0,37,4750,2,37,4,0,1,0,1,-3.119590138166884,-2.5255613346455825
1729,1961,4,5,66426.0,0,1,2013-10-02,14,1043,24,97,32,24,157,2,3,5,10,6,0,0,0,0,0,0,0,65,4474,2,1377,18,0,1,2,-1,1.9641091068543557,1.9962018050340333
1517,1969,2,4,30822.0,1,0,2013-06-14,92,3,9,13,2,12,12,1,1,0,3,7,0,0,0,0,0,0,0,57,4584,2,51,4,0,1,0,1,-2.810006826889111,-1.4068637246464977
2098,1969,4,3,33581.0,2,0,2013-01-08,38,11,0,5,0,0,1,1,1,0,2,8,0,0,0,0,0,0,0,57,4741,3,17,3,0,2,0,-1,-4.116585091519487,-0.25382413368796924
9543,1985,2,3,19986.0,1,0,2013-11-14,74,3,6,5,0,2,6,1,0,0,3,7,0,0,0,0,0,0,0,41,4431,2,22,3,0,1,0,1,-3.286003264234562,-2.585933747087792
6878,1954,2,6,27421.0,0,0,2012-12-12,14,43,12,96,78,40,55,3,4,1,6,7,0,0,0,0,0,0,0,72,4768,1,324,11,0,0,2,-1,-0.07648513406397398,-0.4531323819493382
3310,1973,0,3,35688.0,2,1,2012-08-22,94,73,3,90,12,1,32,7,4,1,4,8,0,0,0,0,0,0,0,53,4880,4,211,9,0,3,3,-1,-3.9376028578361635,2.401738662395929
2724,1981,3,4,36143.0,1,0,2014-03-30,33,12,0,1,0,0,6,1,0,1,2,3,0,0,0,0,0,0,0,45,4295,2,19,3,0,1,0,1,-2.8032525482375275,-2.3782370185585338
948,1971,2,4,10245.0,1,0,2013-05-15,32,4,7,7,6,4,13,3,1,2,2,5,0,0,0,0,0,0,0,55,4614,2,41,5,0,1,0,1,-2.8045814846892023,-1.3374032339295598
6720,1968,3,5,43795.0,0,1,2013-10-16,11,314,11,53,4,3,107,3,7,3,4,7,0,1,0,0,0,0,1,58,4460,2,492,14,1,1,2,-1,0.07650333418752983,1.3181755681365102
6202,1960,2,5,63381.0,0,1,2012-10-05,78,571,50,142,33,50,159,4,4,5,13,2,0,0,0,0,0,0,0,66,4836,2,1005,22,0,1,2,-1,2.478757955166287,2.212897352001613
2066,1949,2,5,38823.0,0,1,2012-08-30,56,70,0,11,2,8,23,1,2,1,3,6,0,0,0,0,0,0,0,77,4872,2,114,6,0,1,3,3,-1.8840133568373565,0.9388991567941025
9799,1968,4,2,83664.0,1,1,2013-05-08,57,866,21,151,28,21,86,3,2,2,12,5,0,0,0,0,0,0,0,58,4621,3,1173,16,0,2,2,-1,0.38937976642872524,2.4417658020300177
8318,1979,2,5,90300.0,0,0,2014-01-03,7,594,134,786,33,134,57,0,5,6,8,1,0,0,1,0,0,0,0,47,4381,1,1738,19,1,0,1,-1,5.676166768178429,-2.373388541024091
5642,1979,3,5,62499.0,1,0,2013-12-09,0,140,4,61,0,13,4,2,3,1,6,4,0,0,0,0,0,0,0,47,4406,2,222,10,0,1,0,-1,-1.5083798674711908,-1.2441792552688458
2669,1993,2,4,74293.0,0,0,2014-05-04,66,375,152,335,93,91,81,1,5,4,6,2,0,0,0,0,0,0,0,33,4260,1,1127,15,0,0,1,-1,3.1082037361709665,-3.0466050254174406
455,1946,4,3,51012.0,0,0,2013-04-18,86,102,9,63,2,9,24,1,4,1,4,6,0,0,0,0,0,0,0,80,4641,1,209,9,0,0,0,-1,-0.5505327816695952,-0.10293494635277672
7683,1968,3,3,70777.0,0,1,2014-02-25,80,554,35,113,0,7,78,3,5,3,12,3,0,0,0,0,0,0,0,58,4328,2,787,20,0,1,2,-1,1.1903739408284748,1.4342979962384073
3428,1991,4,5,68682.0,0,0,2013-10-06,56,919,0,505,99,30,45,1,4,9,10,2,0,0,0,0,0,0,0,35,4470,1,1598,23,0,0,1,-1,3.757561517752472,-1.7802807691068083
7414,1971,2,3,43824.0,1,1,2012-09-15,18,96,1,42,12,3,32,4,3,1,4,8,0,0,0,0,0,0,0,55,4856,3,186,8,0,2,3,0,-2.901591654916399,1.2729460707708395
6354,1984,2,5,15345.0,1,0,2012-08-31,51,5,2,16,3,2,19,2,1,1,2,8,0,0,0,0,0,0,1,42,4871,2,47,4,0,1,0,1,-3.1631963045832294,-2.0369340258795843
798,1987,2,4,23442.0,1,0,2012-12-24,71,2,0,6,8,6,5,1,1,0,3,7,0,0,0,0,0,0,0,39,4756,2,27,4,0,1,0,1,-3.081831685721853,-2.428118493064101
8213,1980,0,5,14515.0,1,0,2012-11-09,71,6,4,9,6,36,35,4,2,2,3,7,0,0,0,0,0,0,1,46,4801,2,96,7,0,1,0,1,-2.529329804347847,-1.5620806723602
2488,1956,0,2,31395.0,1,1,2013-03-23,80,23,1,25,0,8,7,4,2,1,3,6,0,0,0,0,0,0,0,70,4667,3,64,6,0,2,3,-1,-3.2743028670831067,1.466848533069623
9999,1965,2,5,75276.0,0,0,2012-09-27,2,610,105,125,137,42,21,1,9,4,9,5,0,0,0,0,0,0,0,61,4844,1,1040,22,0,0,2,-1,3.268735157212617,-0.2846102064530082
7617,1974,2,4,42373.0,1,1,2013-08-15,83,67,5,61,3,8,19,5,2,1,5,5,0,0,0,0,0,0,0,52,4522,3,163,8,0,2,3,0,-2.795122634169118,0.9864041973154846
615,1960,2,5,30507.0,0,0,2013-03-11,29,65,36,74,38,20,110,1,5,1,4,7,0,0,0,0,0,0,0,66,4679,1,343,10,0,0,0,-1,-0.12396957465517275,-1.0851201491444429
2552,1955,4,4,55521.0,1,2,2013-10-22,11,416,0,26,0,0,4,9,6,3,6,7,0,1,0,0,0,0,1,71,4454,4,446,15,1,3,3,-1,-1.8993206167510168,5.820225829933767
194,1965,2,3,48006.0,1,1,2014-06-09,55,23,0,11,3,2,2,1,1,0,3,6,0,0,0,0,0,0,0,61,4224,3,41,4,0,2,3,0,-3.440999077324655,0.40293164405825477
3645,1972,4,4,27213.0,1,0,2012-08-30,19,19,3,26,10,9,3,3,2,0,4,8,0,0,0,0,0,0,1,54,4872,2,70,6,0,1,0,1,-2.730064650580096,-0.7013337540589651
8890,1971,4,2,65808.0,1,1,2014-05-30,1,155,7,80,13,7,10,3,5,1,5,6,0,0,0,0,0,0,0,55,4234,3,272,11,0,2,3,-1,-2.148014325705773,1.3724340807595914
5049,1974,4,5,30351.0,1,0,2013-06-06,19,14,0,24,3,3,2,1,3,0,2,9,0,0,0,0,0,0,0,52,4592,2,46,5,0,1,0,1,-3.0004677908896946,-1.2449510424193724
9973,1963,2,3,50437.0,0,2,2012-10-17,28,370,9,92,6,9,4,3,7,1,8,7,0,0,0,0,0,0,0,63,4824,3,490,16,0,2,3,-1,-1.1362092875314111,3.227683228276641
7301,1982,0,4,23616.0,1,0,2012-11-17,76,4,22,11,3,7,32,2,3,0,3,8,0,0,0,0,0,0,1,44,4793,2,79,6,0,1,0,1,-2.7374174556854944,-1.9309426746440612
10882,1976,2,3,53858.0,0,1,2012-11-09,50,407,53,221,58,150,26,4,4,3,6,4,0,0,0,0,0,0,0,50,4801,2,915,13,0,1,2,-1,1.1379476396244905,0.265989876572179
7030,1955,4,3,66465.0,0,1,2013-03-30,1,1200,0,204,38,29,14,3,11,9,12,6,0,0,0,1,0,0,0,71,4660,2,1485,32,1,1,2,-1,4.138129381094279,3.412713176266042
7422,1987,2,4,46923.0,1,0,2012-08-22,90,85,44,54,102,78,6,3,5,1,7,7,0,0,0,0,0,0,0,39,4880,2,369,13,0,1,0,-1,-0.5840428179921472,-1.2918405072261399
3523,1962,2,5,75072.0,0,1,2013-01-23,83,583,34,309,0,22,125,2,5,4,8,3,0,0,0,0,0,0,0,64,4726,2,1073,17,0,1,2,-1,1.6865446327993492,1.504674472123144
7106,1943,4,3,75865.0,0,0,2014-03-31,73,483,0,591,156,0,12,1,3,5,10,1,0,0,0,0,0,0,0,83,4294,1,1242,18,0,0,2,-1,3.112187694256637,0.3380177104843865
6504,1975,0,5,19789.0,1,0,2013-11-20,24,2,5,9,28,6,28,3,2,1,3,5,1,0,0,0,0,0,0,51,4425,2,78,6,1,1,0,-1,-2.2164711285043484,-1.9253153062300299
5067,1994,2,5,80134.0,0,0,2014-02-14,11,966,26,282,52,26,26,1,2,7,11,5,0,1,1,1,1,0,0,32,4339,1,1378,20,4,0,1,-1,5.7308668189482646,-2.7149401196716814
4216,1981,2,4,91065.0,0,0,2013-02-22,33,822,114,108,179,137,114,1,7,9,9,3,0,0,1,1,0,0,1,45,4696,1,1474,25,2,0,1,-1,7.036452481355919,-1.7529483687891525
8581,1971,3,3,49505.0,1,1,2013-03-05,4,604,0,100,19,0,28,9,10,2,8,8,0,0,0,0,0,0,0,55,4685,3,751,20,0,2,3,-1,-0.9478026025911899,3.560356906220376
5929,1973,4,3,37401.0,1,0,2014-05-06,14,19,3,19,3,1,3,2,2,0,3,7,0,0,0,0,0,0,0,53,4258,2,48,5,0,1,0,1,-2.843478633126898,-1.2673719553714737
3129,1983,2,3,30096.0,1,0,2014-05-22,30,5,3,11,12,5,9,1,2,0,3,6,0,0,0,0,0,0,0,43,4242,2,45,5,0,1,0,1,-2.841857770481171,-2.3520618231690893
6528,1982,3,5,18492.0,1,0,2014-06-05,75,2,2,2,2,1,1,1,1,0,2,8,0,0,0,0,0,0,0,44,4228,2,10,3,0,1,0,1,-3.42227672055194,-2.282707236962933
1361,1974,3,3,82584.0,0,0,2013-06-04,26,1076,68,103,29,91,68,1,3,4,8,1,0,1,1,0,0,0,1,52,4594,1,1435,15,2,0,1,-1,4.614182798498854,-1.3418630584775078
6932,1941,4,3,93027.0,0,0,2013-04-13,77,1285,42,716,55,0,21,0,7,10,5,2,0,0,1,0,0,0,0,85,4646,1,2119,22,1,0,1,-1,5.751923674583273,0.9909680077843002
7284,1953,2,3,48686.0,1,2,2013-12-04,8,10,0,7,2,0,1,1,1,0,2,8,0,0,0,0,0,0,0,73,4411,4,20,3,0,3,3,-1,-4.354237889888282,2.87217164105869
1340,1986,2,3,92910.0,0,0,2014-04-24,42,551,137,792,179,103,33,1,6,7,13,1,0,1,1,1,0,0,0,40,4270,1,1795,26,3,0,1,-1,8.19260238357718,-2.3304785112311595
8746,1989,2,3,75433.0,1,0,2014-04-05,28,800,0,297,0,34,57,2,2,5,10,6,0,1,0,1,0,0,0,37,4289,2,1188,17,2,1,1,-1,2.1947043896136176,-1.2015315093150398
5987,1989,0,5,10404.0,1,0,2014-05-04,52,2,2,11,10,6,12,2,1,0,4,5,0,0,0,0,0,0,0,37,4260,2,43,5,0,1,0,1,-3.01399761435825,-2.9008454917872917
3767,1968,2,3,61314.0,0,1,2013-04-25,1,378,0,189,97,172,172,2,5,5,12,3,0,0,0,0,0,0,0,58,4634,2,1008,22,0,1,2,-1,2.902850259585726,1.1228118653805435
3725,1961,4,4,84865.0,0,0,2013-05-09,1,1248,16,349,43,16,16,1,2,4,9,4,0,1,1,1,1,0,1,65,4620,1,1688,15,4,0,1,-1,5.816447140532863,-0.545354192410928
4324,1989,2,3,42387.0,1,0,2012-10-29,42,235,0,235,19,4,191,5,8,1,7,8,0,0,0,0,0,0,0,37,4812,2,684,16,0,1,0,-1,-0.3365623195833025,-0.2961637305927777
238,1967,0,5,67309.0,1,1,2013-01-23,76,515,47,181,149,95,95,15,9,6,9,7,0,0,0,0,0,0,0,59,4726,3,1082,24,0,2,2,-1,1.4106422659824538,4.468450279575732
6694,1964,2,3,75236.0,0,1,2013-11-25,27,438,66,400,12,38,114,1,8,3,13,4,0,0,0,0,0,0,0,62,4420,2,1068,24,0,1,2,-1,2.554870875811506,1.5536507892876252
498,1970,2,4,30015.0,1,0,2014-02-02,28,25,0,22,2,3,5,2,1,0,4,5,0,0,0,0,0,0,0,56,4351,2,57,5,0,1,0,1,-2.7094444326268277,-1.4202489413615567
9347,1956,3,5,50943.0,0,1,2013-06-21,49,31,0,7,2,0,6,1,1,0,3,5,0,0,0,0,0,0,0,70,4577,2,46,4,0,1,3,3,-2.1794589355911955,0.3455838920370398
9699,1966,2,2,67272.0,0,1,2013-12-21,12,357,35,271,28,28,14,3,6,2,12,5,0,0,0,0,0,0,0,60,4394,2,733,20,0,1,2,-1,0.9683342748535668,1.2606992343339036
10664,1949,3,6,51529.0,0,1,2013-09-07,14,400,4,35,6,0,22,2,9,1,5,8,0,0,0,0,0,0,0,77,4499,2,467,15,0,1,3,-1,-0.5905348334632928,2.277988205484213
5455,1971,4,3,32011.0,1,0,2013-08-22,89,99,0,15,2,1,5,3,2,1,4,7,0,0,0,0,0,0,0,55,4515,2,122,7,0,1,0,1,-2.5323211627809146,-0.6768581037692474
456,1986,0,3,7500.0,1,0,2013-02-07,96,1,11,5,4,6,9,2,2,0,3,8,0,0,0,0,0,0,0,40,4711,2,36,5,0,1,0,1,-3.21289627535215,-2.3997641910707275
5012,1989,2,3,28691.0,1,0,2013-07-04,56,5,4,13,8,0,4,1,1,0,3,8,0,0,0,0,0,0,0,37,4564,2,34,4,0,1,0,1,-3.169820068616607,-2.597756928118445
7495,1948,4,3,56223.0,0,1,2013-12-20,72,77,28,31,16,0,4,2,2,1,5,4,0,0,0,0,0,0,0,78,4395,2,156,8,0,1,3,3,-1.2625045317504846,1.290144099657154
5029,1946,2,3,18100.0,0,0,2013-08-06,14,3,1,2,4,3,1,1,0,0,3,5,0,0,0,0,0,0,0,80,4531,1,14,3,0,0,0,2,-1.884535681751824,-1.2555861623357187
10642,1989,2,4,30279.0,1,0,2012-12-30,13,10,4,14,4,4,1,1,1,0,3,8,0,0,0,0,0,0,0,37,4750,2,37,4,0,1,0,1,-3.119590138166884,-2.5255613346455825
2106,1974,0,3,20130.0,0,0,2014-03-17,99,0,6,3,7,6,12,1,1,0,3,8,0,0,0,0,0,0,0,52,4308,1,34,4,0,0,0,-1,-2.1621228895918967,-2.9818570215623232
10364,1959,2,2,23295.0,0,0,2013-07-13,72,0,0,1,2,12,5,1,1,0,2,8,0,0,0,0,0,0,0,67,4555,1,20,3,0,0,0,2,-2.1370066150270945,-1.821944650184631
5954,1972,3,2,42618.0,1,0,2013-10-09,92,76,14,74,13,5,10,2,5,0,4,8,0,0,0,0,0,0,0,54,4467,2,192,9,0,1,0,1,-2.0956776092500657,-0.7353479665684933
1137,1964,2,4,81246.0,0,0,2013-12-29,87,398,190,537,61,156,37,1,4,5,7,1,1,0,0,1,0,0,0,62,4386,1,1379,16,2,0,1,-1,5.445861442137671,-1.8753405650799766
2541,1976,2,3,24027.0,1,0,2013-06-09,7,14,7,11,11,0,5,2,2,0,3,8,0,0,0,0,0,0,0,50,4589,2,48,5,0,1,0,1,-3.0030914143187313,-1.5917957359226125
1142,1953,4,3,55707.0,0,1,2013-12-22,91,208,7,82,30,66,35,2,3,2,9,3,0,0,0,0,0,0,0,73,4393,2,428,14,0,1,2,-1,0.17348243595185578,1.4824172758114171
2276,1955,2,4,57959.0,0,1,2013-05-02,71,430,16,322,43,24,33,5,4,7,11,3,0,0,0,0,0,0,0,71,4627,2,868,22,0,1,2,-1,1.6529335163832741,2.2891158226004804
2807,1969,2,3,56796.0,0,1,2013-02-16,24,656,38,161,62,47,37,3,8,9,7,7,0,0,0,0,0,0,0,57,4702,2,1001,24,0,1,2,-1,1.8875390999221668,1.590124050212249
6471,1971,3,4,36230.0,1,0,2013-10-17,17,14,2,30,8,2,3,1,2,0,4,5,0,0,0,0,0,0,0,55,4459,2,59,6,0,1,0,1,-2.4697345454430306,-1.3535174813825086
6131,1980,0,3,70829.0,1,1,2013-12-01,87,141,70,106,72,19,23,2,4,2,8,3,0,0,0,0,0,0,0,46,4414,3,431,14,0,2,3,-1,-0.7289419349640281,0.24629907033856466
6233,1976,2,3,65991.0,0,1,2012-09-07,21,507,19,364,25,47,9,3,9,5,10,7,0,0,0,0,0,0,0,50,4864,2,971,24,0,1,2,-1,1.6176468099926005,1.3496756750058223
4148,1972,2,3,38988.0,1,2,2012-08-20,90,164,24,103,12,3,42,7,5,1,6,8,0,0,0,0,0,0,0,54,4882,4,348,12,0,3,3,-1,-2.9356228318063833,3.865720255559619
4947,1966,0,4,89572.0,0,0,2012-09-15,44,606,24,974,197,194,64,1,7,7,9,4,0,1,0,1,0,0,1,60,4856,1,2059,23,2,0,1,-1,7.338470278113754,-0.8292023153643554
3225,1984,3,3,42207.0,1,0,2013-04-01,71,116,11,72,3,17,46,4,4,1,5,6,1,0,0,0,0,0,1,42,4658,2,265,10,1,1,0,-1,-1.3699960125141584,-1.2038810175221042
7540,1952,2,3,50300.0,0,1,2014-05-25,52,143,15,60,24,23,5,2,2,1,8,2,0,0,0,0,0,0,0,74,4239,2,270,11,0,1,3,-1,-0.6640803008260682,0.8600252672347959
10648,1982,0,5,66664.0,0,0,2012-09-25,78,398,96,447,220,96,32,1,5,7,6,3,0,0,0,0,0,0,0,44,4846,1,1289,18,0,0,1,-1,3.813939638993651,-2.378214832903616
1992,1964,2,3,60597.0,0,1,2014-01-01,2,522,0,257,32,16,66,4,2,2,8,7,0,0,0,1,0,0,1,62,4383,2,893,12,1,1,2,-1,0.8413707799682633,0.7936502207180844
7851,1949,2,6,70165.0,0,0,2013-09-22,60,161,0,253,199,191,122,1,3,7,11,1,0,0,0,0,0,0,0,77,4484,1,926,21,0,0,2,-1,4.182409979382903,-0.18879545151198043
8594,1958,4,6,50520.0,0,1,2014-01-28,25,112,0,6,2,1,14,2,3,1,3,6,0,0,0,0,0,0,0,68,4356,2,135,7,0,1,3,3,-1.8465893517647867,0.7795183475157504
7059,1963,2,3,80124.0,0,0,2014-06-26,47,483,84,398,205,84,241,1,3,7,8,1,1,0,0,0,0,0,0,63,4207,1,1495,18,1,0,1,-1,5.1450103855604015,-1.2344846714866125
2815,1975,2,3,33183.0,1,0,2014-02-24,46,7,5,39,17,15,37,2,4,0,3,7,0,0,0,0,0,0,0,51,4329,2,120,7,0,1,0,1,-2.389899905901574,-1.3723918811964242
2416,1969,4,4,66582.0,0,0,2014-03-03,83,789,25,420,16,38,0,1,2,8,9,1,0,0,0,0,0,0,0,57,4322,1,1288,19,0,0,2,-1,2.8108801533371968,-1.0169635155371755
7999,1955,4,5,75261.0,0,0,2013-04-23,17,1239,17,413,23,34,17,1,5,6,5,2,0,1,1,0,0,0,1,71,4636,1,1743,16,2,0,1,-1,4.6283767146668175,0.11465841473485788
9213,1970,2,6,31880.0,1,0,2012-10-31,13,4,1,5,2,0,3,1,1,0,2,8,0,0,0,0,0,0,0,56,4810,2,15,3,0,1,0,1,-3.1235857753949112,-1.4197351222809587
9697,1951,2,3,53790.0,0,2,2014-03-06,86,335,42,127,28,5,5,3,7,2,8,6,0,0,0,0,0,0,0,75,4319,3,542,17,0,2,3,-1,-0.5891493777258873,3.693311667150669
3916,1971,4,5,49269.0,1,0,2012-08-15,92,639,8,166,11,8,58,3,7,3,12,7,0,0,0,0,0,0,0,55,4887,2,890,22,0,1,2,-1,0.6919192182244656,1.1306794847632842
2021,1975,2,3,61456.0,0,1,2013-03-27,47,563,76,384,84,192,89,4,6,10,13,4,0,0,0,0,0,0,0,51,4663,2,1388,29,0,1,2,-1,4.3450341936986,1.3947866774354747
1581,1980,2,3,37406.0,1,0,2013-10-10,18,2,0,8,2,2,3,1,1,0,2,8,0,0,0,0,0,0,1,46,4466,2,17,3,0,1,0,1,-3.213857450743115,-2.1695260920687245
564,1981,4,5,56937.0,1,0,2012-08-04,81,746,8,125,11,8,8,7,8,6,9,6,0,1,0,0,0,0,1,45,4898,2,906,23,1,1,2,-1,1.2734574373952414,1.4584003999312685
6619,1978,2,3,38415.0,1,1,2013-01-02,91,22,1,13,4,0,4,2,1,0,3,7,0,0,0,0,0,0,0,48,4747,3,44,4,0,2,3,0,-3.6359250880120513,0.06117988403736732
9081,1988,2,4,20518.0,1,0,2014-05-18,58,4,1,6,4,1,9,1,1,1,2,5,0,0,0,0,0,0,0,38,4246,2,25,4,0,1,0,1,-3.04074599867851,-2.8155439538934406
178,1956,2,3,62503.0,0,1,2013-02-18,40,478,0,193,110,75,117,4,8,3,11,5,0,0,0,0,0,0,0,70,4700,2,973,22,0,1,2,-1,2.1370458453787804,2.50807894599329
916,1972,4,4,41644.0,1,1,2014-05-09,67,20,3,4,2,0,2,2,1,0,3,3,0,0,0,0,0,0,0,54,4255,3,31,4,0,2,3,0,-3.3027067127788587,0.3302535923317975
5512,1977,3,3,55842.0,0,1,2014-05-23,19,451,0,39,0,4,24,1,7,1,8,5,0,0,0,0,0,0,0,49,4241,2,518,16,0,1,2,3,-0.35102956625346077,0.2680011929979032
8970,1972,4,3,62010.0,0,1,2012-10-23,93,371,22,39,6,0,92,4,6,2,7,5,0,0,0,0,0,0,0,54,4818,2,530,15,0,1,2,-1,-0.009660768013716474,1.4118768084355566
10581,1977,2,3,41124.0,1,0,2012-10-31,41,281,7,84,15,0,119,7,7,3,4,8,0,0,0,0,0,0,0,49,4810,2,506,14,0,1,0,9,-0.984511054676935,0.43601923121748626
5300,1973,3,3,38961.0,1,0,2013-12-30,60,19,7,19,0,1,24,1,2,1,2,7,0,0,0,0,0,0,0,53,4385,2,70,5,0,1,0,1,-2.6762561530992937,-1.4764833714843224
5154,1972,3,2,37760.0,1,0,2013-08-11,54,26,3,13,2,10,0,1,2,0,3,6,0,0,0,0,0,0,0,54,4526,2,54,5,0,1,0,1,-2.6599392971876363,-1.4127320256668958
8346,1974,2,4,32233.0,1,0,2012-08-19,26,138,15,35,25,11,72,2,6,2,2,9,1,0,0,0,0,0,1,52,4883,2,296,10,1,1,0,-1,-1.3955307427314787,-0.8560439381952439
1676,1975,2,3,43057.0,0,1,2013-10-30,30,213,2,44,0,2,5,4,4,2,5,5,0,0,0,0,0,0,0,51,4446,2,266,11,0,1,3,7,-1.4179487085741653,0.13982060911280592
9286,1960,3,5,83151.0,0,0,2012-10-10,93,407,28,100,120,74,18,1,5,9,4,3,0,0,0,0,0,0,0,66,4831,1,747,18,0,0,2,-1,2.568770558169036,-0.4795100125553156
2426,1964,4,2,78825.0,0,0,2012-09-14,35,483,74,114,169,37,18,1,5,10,13,3,0,0,0,0,0,0,1,62,4857,1,895,28,0,0,2,-1,4.049672871723015,0.011775388982560867
5172,1976,3,5,65104.0,0,1,2013-11-14,4,738,0,232,13,20,50,2,3,5,7,7,0,0,0,0,0,0,0,50,4431,2,1053,15,0,1,2,-1,0.5487549886643314,0.48451683900207665
5562,1974,2,3,60093.0,0,1,2013-06-26,92,502,12,109,16,6,90,2,7,2,10,6,0,0,0,0,0,0,0,52,4572,2,735,19,0,1,2,-1,0.6098469990932226,0.9948375142767449
3436,1969,2,3,14045.0,1,0,2014-01-26,24,11,0,5,2,1,1,1,1,0,3,7,0,0,0,0,0,0,0,57,4358,2,20,4,0,1,0,1,-3.1837397468230795,-1.6201537479862007
3921,1952,0,6,28457.0,0,0,2012-10-28,96,24,1,108,29,29,14,1,4,1,4,8,0,0,0,0,0,0,0,74,4813,1,205,9,0,0,0,-1,-0.8438863312917861,-0.9788180479837418
3403,1958,4,5,78952.0,0,1,2012-09-24,11,1170,19,594,99,76,134,2,2,5,12,6,0,0,0,0,0,0,0,68,4847,2,2092,19,0,1,2,-1,3.7843145087821988,2.2935099755625767
22,1976,2,2,46310.0,1,0,2012-12-03,99,185,2,88,15,5,14,2,6,1,5,8,0,0,0,0,0,0,0,50,4777,2,309,12,0,1,0,-1,-1.5842455065216583,-0.6427651699002799
10965,1955,2,5,76005.0,0,0,2013-02-22,72,983,20,389,240,50,40,1,3,5,13,6,0,0,0,1,0,0,0,71,4696,1,1722,21,1,0,1,-1,5.072602487963492,-0.10304037099307528
9426,1964,3,4,58308.0,0,1,2013-01-12,77,691,0,69,10,0,130,4,2,6,3,8,0,0,0,0,0,0,0,62,4737,2,900,11,0,1,2,-1,-0.0925165788711655,1.4710014179615276
6605,1944,4,2,55614.0,0,0,2013-11-27,85,504,13,131,8,0,26,1,9,4,6,7,0,1,0,0,0,0,0,82,4418,1,682,19,1,0,2,-1,1.7460342046154704,1.224784080491918
3136,1962,3,2,59432.0,0,1,2013-04-13,88,317,25,265,25,19,12,3,5,3,11,5,0,0,0,0,0,0,0,64,4646,2,663,19,0,1,2,-1,0.7036832204685121,1.6093863772003414
8737,1978,2,2,55563.0,0,1,2014-04-05,22,29,1,9,2,0,2,1,2,0,3,3,0,0,0,0,0,0,0,48,4289,2,43,5,0,1,0,-1,-2.1183133891342685,-1.196172573705314
11088,1971,4,5,78642.0,0,1,2013-04-21,83,1396,0,322,46,35,17,1,4,9,4,6,0,0,0,0,0,0,0,55,4638,2,1816,17,0,1,2,-1,2.2862170532238433,1.2227597402064585
716,1949,4,5,67911.0,0,1,2014-05-22,63,529,0,356,63,28,0,3,6,7,11,3,0,0,0,0,0,0,0,77,4242,2,976,24,0,1,2,-1,2.0998199157798503,2.6641896577047506
466,1944,2,3,65275.0,0,0,2013-04-03,9,388,14,218,91,14,21,1,4,3,13,2,0,0,0,0,0,0,0,82,4656,1,746,20,0,0,2,-1,2.274025144207034,0.4140359361454547
9135,1950,2,5,27203.0,1,1,2012-08-06,92,13,2,21,4,0,24,2,1,1,2,8,0,0,0,0,0,0,0,76,4896,3,64,4,0,2,3,0,-3.4799850284283504,1.7720555935479896
10623,1961,3,5,48330.0,0,1,2013-11-15,2,28,0,4,0,0,0,1,1,0,3,5,0,0,0,0,0,0,0,65,4430,2,32,4,0,1,3,3,-2.3102054569992063,-0.060612402251790334
8151,1990,1,3,24279.0,0,0,2012-12-29,6,16,36,21,20,62,108,1,4,1,3,8,0,0,0,0,0,0,0,36,4751,1,263,8,0,0,0,-1,-0.713999771818597,-3.195877818243823
5140,1985,4,3,64355.0,1,0,2012-08-24,66,1047,0,140,67,38,153,2,4,3,12,8,0,0,0,0,0,0,0,41,4878,2,1445,19,0,1,2,-1,1.6062311104996894,0.14582562545112962
10160,1956,3,5,50943.0,0,1,2013-06-21,49,31,0,7,2,0,6,1,1,0,3,5,0,0,0,0,0,0,0,70,4577,2,46,4,0,1,3,3,-2.1794589355911955,0.3455838920370398
4945,1953,2,6,53653.0,0,0,2012-11-07,29,815,10,239,28,10,108,2,10,4,12,6,0,0,0,0,0,0,0,73,4803,1,1210,26,0,0,2,-1,3.0270305496352066,1.3088631265232726
10584,1976,2,3,65665.0,0,1,2013-12-02,77,225,162,387,106,36,29,1,5,10,8,3,0,0,0,0,0,0,0,50,4413,2,945,23,0,1,2,-1,2.873992524998389,-0.002969550412300319
6071,1989,2,4,81217.0,0,0,2013-07-19,77,493,70,324,146,40,84,1,3,7,11,1,0,0,0,0,0,0,0,37,4549,1,1157,21,0,0,1,-1,3.691976399731592,-2.267221985132972
3386,1992,2,3,34935.0,0,0,2013-06-21,71,34,4,66,3,10,20,1,2,1,4,7,0,0,0,0,0,0,0,34,4577,1,137,7,0,0,0,2,-1.4749133454637493,-3.3945026080615097
8939,1959,2,2,61250.0,0,1,2012-12-16,49,382,138,65,60,26,59,6,5,2,12,5,0,0,0,0,0,0,0,67,4764,2,730,19,0,1,2,-1,1.455343699765743,2.1973006645460536
9925,1981,4,5,39665.0,1,0,2013-05-25,97,127,1,56,0,1,31,3,4,2,3,7,1,0,0,0,0,0,0,45,4604,2,216,9,1,1,0,-1,-1.7384682072016089,-1.1168833733622128
4320,1979,2,4,60152.0,0,1,2013-03-28,6,325,83,300,86,58,91,1,6,4,12,3,0,0,0,0,0,0,0,47,4662,2,943,22,0,1,2,-1,2.403879025991604,0.25602573577149446
5389,1964,2,3,48920.0,0,2,2013-10-20,93,238,17,68,8,10,6,3,6,2,5,7,0,1,0,0,0,0,0,62,4456,3,347,13,1,2,3,-1,-1.0815629406607776,2.9050789388597464
6036,1959,3,5,89120.0,0,0,2014-03-17,78,1168,92,408,72,129,55,1,5,6,7,1,0,0,1,0,0,0,0,67,4308,1,1924,18,1,0,1,-1,5.676169602684129,-0.5988978036976612
182,1946,4,5,44124.0,0,1,2013-05-11,62,284,0,55,0,6,52,4,6,2,5,8,0,0,0,0,0,0,0,80,4618,2,397,13,0,1,3,3,-0.8602195655326346,2.6510944105905696
203,1975,3,4,81169.0,0,0,2013-04-14,47,1288,20,613,80,61,27,1,5,7,9,2,0,0,0,0,0,0,0,51,4645,1,2089,21,0,0,1,-1,4.524199488295733,-0.7809464036503956
11025,1961,2,3,36443.0,1,1,2013-02-03,9,65,0,46,4,3,20,4,3,1,3,8,0,0,0,0,0,0,0,65,4715,3,138,7,0,2,3,0,-3.162308848903343,1.6627922515315412
10203,1990,2,4,26095.0,1,0,2013-06-30,77,11,7,9,3,1,11,1,1,0,3,7,0,0,0,0,0,0,0,36,4568,2,42,4,0,1,0,1,-3.0784788233690383,-2.659608129539417
4607,1959,2,5,71367.0,0,0,2013-08-23,24,227,23,389,42,21,75,1,4,5,7,2,0,0,0,0,0,0,0,67,4514,1,777,16,0,0,2,-1,1.9634129662551982,-0.8242266834066353
3711,1944,3,3,80184.0,0,0,2014-03-01,19,1035,134,670,25,38,0,1,6,3,10,3,0,0,1,1,0,0,0,82,4324,1,1902,19,2,0,1,-1,5.952584547315344,0.08447524993864547
3696,1965,2,2,30630.0,1,1,2014-01-27,67,27,1,12,2,0,10,2,2,0,3,7,0,0,0,0,0,0,0,61,4357,3,52,5,0,2,3,0,-3.568441045415437,0.7179270777070975
2532,1987,3,4,73454.0,0,0,2014-03-01,95,982,73,351,56,14,175,1,2,4,6,5,1,0,0,0,0,0,0,39,4324,1,1651,12,1,0,1,-1,3.038671162041427,-2.3253146841750927
9214,1991,2,3,42691.0,0,0,2013-08-16,48,179,2,64,38,17,58,1,5,1,6,5,0,0,0,0,0,0,0,35,4521,1,358,12,0,0,0,-1,-0.17398583831844588,-2.8291347029227683
4943,1953,2,3,70503.0,0,0,2012-09-30,73,1379,33,216,0,33,66,1,2,4,9,6,0,1,1,0,0,0,0,73,4841,1,1727,15,2,0,1,-1,4.169112244917678,0.223855808987762
35,1987,2,3,25545.0,1,0,2012-09-08,35,32,1,64,16,12,85,3,2,2,3,6,0,0,0,0,0,0,1,39,4863,2,210,7,0,1,0,1,-2.128898719684876,-1.793698692867287
2258,1986,2,3,32880.0,1,0,2012-12-04,76,8,4,15,7,6,2,1,1,0,3,8,0,0,0,0,0,0,0,40,4776,2,42,4,0,1,0,1,-3.0428937862469585,-2.303721041376794
4322,1958,4,5,77863.0,0,0,2013-11-27,20,881,38,319,16,25,12,1,4,5,10,2,0,0,0,0,0,0,0,68,4418,1,1291,19,0,0,2,-1,2.8548606654870903,-0.03482584588188076
713,1977,3,3,50353.0,0,0,2014-06-08,72,141,15,153,67,31,35,1,4,4,6,3,0,0,0,0,0,0,0,49,4225,1,442,14,0,0,2,-1,0.7240091930081762,-2.127627408099112
4702,1964,2,4,61839.0,0,0,2012-08-12,20,1000,155,379,224,17,120,1,4,8,4,8,0,0,0,0,0,0,0,62,4890,1,1895,16,0,0,1,-1,4.237152188217735,-0.7065243286271612
3281,1960,4,3,49154.0,1,1,2013-11-03,69,206,10,67,30,27,71,6,4,1,8,6,0,0,0,0,0,0,0,66,4442,3,411,13,0,2,3,-1,-1.5270835552149324,2.787612093543112
702,1975,0,6,47682.0,0,1,2013-02-15,80,162,61,83,97,57,61,4,4,3,8,5,0,0,0,0,0,0,0,51,4703,2,521,15,0,1,2,-1,0.48903812513767025,0.19323220633022725
2004,1969,2,4,72679.0,0,1,2013-09-18,65,619,54,260,127,54,54,1,4,7,5,1,0,0,0,0,0,0,0,57,4488,2,1168,16,0,1,2,-1,2.2924419541752914,0.2919925253569204
4769,1977,3,5,57954.0,1,1,2014-06-18,52,456,4,24,0,0,9,7,8,2,6,7,0,1,0,0,0,0,0,49,4215,3,493,16,1,2,3,-1,-1.1394769443535004,2.4890022620420074
4437,1962,2,3,65316.0,1,1,2013-04-24,65,112,6,92,3,9,38,2,3,2,5,4,0,0,0,0,0,0,0,64,4635,3,260,10,0,2,3,0,-1.8824734963711178,1.4717818186924116
8724,1982,2,4,28567.0,1,0,2013-06-17,57,11,3,22,2,2,6,2,2,0,3,6,0,0,0,0,0,0,0,44,4581,2,46,5,0,1,0,1,-2.8616897156360865,-1.9436516012706726
10741,1951,3,5,47352.0,0,1,2013-04-11,70,172,12,112,8,0,15,4,6,1,5,7,0,0,0,0,0,0,0,75,4648,2,319,12,0,1,3,3,-1.045087399438306,2.047865897828309
1991,1967,2,5,44931.0,0,1,2014-01-18,0,78,0,11,0,0,7,1,2,1,3,5,0,0,0,0,0,0,0,59,4366,2,96,6,0,1,3,3,-2.0691977895412768,-0.39514077502470796
6931,1967,2,2,76982.0,0,0,2014-02-15,19,464,151,292,65,60,30,1,8,3,4,4,0,0,1,0,0,0,1,59,4338,1,1062,15,1,0,1,-1,3.5034632810764035,-1.6091804794194675
11096,1952,0,5,57247.0,0,1,2013-08-08,50,99,4,32,37,54,6,2,2,1,7,2,0,0,0,0,0,0,0,74,4529,2,232,10,0,1,3,-1,-0.6012938656848189,0.661504633167424
304,1981,3,4,22944.0,1,0,2013-12-23,67,19,3,19,4,5,26,3,3,0,3,7,0,0,0,0,0,0,0,45,4392,2,76,6,0,1,0,1,-2.8200923555897615,-1.5112850941524618
3665,1977,0,5,25315.0,1,0,2013-11-07,46,1,9,8,11,3,22,3,3,0,3,8,0,0,0,0,0,0,0,49,4438,2,54,6,0,1,0,1,-2.8814610805667584,-1.6335425852049639
10591,1969,2,6,43638.0,0,1,2012-08-06,37,63,10,83,7,19,19,2,4,1,4,7,0,0,0,0,0,0,0,57,4896,2,201,9,0,1,3,3,-1.518299143255904,0.25279391767577314
5036,1984,4,4,42710.0,1,0,2012-11-28,38,252,3,42,4,3,102,2,4,5,3,6,0,0,0,0,0,0,0,42,4782,2,406,12,0,1,0,-1,-1.073595517060721,-0.9643066746680834
5547,1982,4,3,84169.0,0,0,2013-08-07,9,1478,19,403,0,19,0,1,7,6,6,3,0,1,1,0,0,0,1,44,4530,1,1919,19,2,0,1,-1,4.768011299618652,-1.042095291286537
7822,1976,2,5,54058.0,0,1,2013-06-04,56,198,18,252,32,108,54,2,4,6,8,3,0,0,0,0,0,0,0,50,4594,2,662,18,0,1,2,-1,1.1989773763801597,0.12121528715976586
8541,1990,0,3,24683.0,1,0,2014-03-08,98,8,4,10,6,7,6,2,2,0,4,5,0,0,0,0,0,0,0,36,4317,2,41,6,0,1,0,1,-2.8041226979810787,-2.7626507436750107
10955,1964,2,6,85620.0,0,0,2014-01-07,68,416,46,925,60,107,46,1,3,6,4,1,0,0,0,0,0,0,1,62,4377,1,1600,13,0,0,1,-1,3.5794187460435944,-1.521621057255392
4368,1980,2,3,47850.0,1,0,2013-12-03,72,42,7,43,20,12,10,1,3,0,4,6,0,0,0,0,0,0,0,46,4412,2,134,7,0,1,0,1,-2.197306991106256,-1.8181748349221518
9671,1968,2,3,19514.0,1,1,2014-01-26,47,14,3,21,2,1,28,4,3,1,2,8,1,0,0,0,0,0,1,58,4358,3,69,6,1,2,3,-1,-3.2885843376451165,0.7698368166447587
2256,1973,3,3,27159.0,1,1,2014-03-29,33,17,0,3,0,0,1,2,1,0,3,6,0,0,0,0,0,0,0,53,4296,3,21,4,0,2,3,0,-3.7493346915155654,0.16929711681097934
4279,1963,0,4,39548.0,1,1,2014-03-31,87,15,4,10,3,4,18,2,1,1,3,3,0,0,0,0,0,0,0,63,4294,3,54,5,0,2,3,4,-3.072669764782989,0.41209194377833586
5371,1989,2,4,21474.0,1,0,2014-04-08,0,6,16,24,11,0,34,2,3,1,2,7,1,0,0,0,0,0,1,37,4286,2,91,6,1,1,0,6,-2.445493297973429,-2.6107014629453964
9240,1971,4,4,60504.0,0,1,2014-02-07,73,458,0,24,6,4,34,2,6,2,8,6,0,0,0,0,0,0,0,55,4346,2,526,16,0,1,2,3,-0.2533299174809112,1.0072988735691406
9460,1963,2,3,22419.0,0,0,2013-04-18,74,30,3,47,19,21,42,1,3,2,2,8,0,0,0,0,0,0,0,63,4641,1,162,7,0,0,0,2,-1.2670475766335962,-1.6598279210840712
9504,1949,3,3,81698.0,0,0,2013-11-06,4,179,28,520,111,123,47,1,3,8,13,1,0,0,0,0,0,0,1,77,4439,1,1008,24,0,0,2,-1,4.160016993535986,0.054541115989257816
8692,1952,2,5,43462.0,1,1,2012-09-12,50,90,17,97,15,6,15,6,4,1,5,8,0,0,0,0,0,0,0,74,4859,3,240,10,0,2,3,8,-2.4488161733895675,2.894248948236874
448,1978,4,4,54880.0,1,0,2013-03-01,57,308,85,137,102,45,118,2,6,2,11,5,0,0,0,0,0,0,0,48,4689,2,795,19,0,1,2,-1,1.3604771317829376,-0.11645773967063477
8314,1982,2,3,79908.0,0,0,2013-04-05,30,557,129,761,29,185,111,1,5,6,7,2,0,0,1,0,0,0,0,44,4654,1,1772,18,1,0,1,-1,5.738405681769314,-2.319653512705826
8420,1970,0,3,15315.0,0,0,2013-08-03,27,7,4,13,15,8,17,2,2,0,4,5,0,0,0,0,0,0,0,56,4534,1,64,6,0,0,0,2,-1.6286241052903025,-2.4528566975935564
3174,1959,2,5,87771.0,0,1,2013-05-22,61,1492,38,287,50,57,33,1,5,10,4,6,0,1,1,1,1,0,1,67,4607,2,1957,19,4,1,1,-1,6.185567830692357,1.487404626205572
7685,1978,2,3,33039.0,1,0,2013-09-09,4,30,8,12,8,8,12,1,2,0,4,5,0,0,0,0,0,0,0,48,4497,2,78,6,0,1,0,1,-2.468197975685658,-1.8973943082107292
3179,1980,2,4,81741.0,0,0,2013-06-16,75,249,153,940,58,134,38,0,6,6,7,2,0,0,0,0,0,0,0,46,4582,1,1572,19,0,0,1,-1,4.60938090080972,-2.217023014747274
9780,1971,3,5,71499.0,0,1,2013-06-25,12,465,25,132,136,0,37,2,8,3,13,4,0,0,0,0,0,0,0,55,4573,2,795,24,0,1,2,-1,1.8826218930966432,1.417630183620265
10681,1970,0,3,62466.0,0,1,2014-01-15,13,129,129,259,168,121,83,5,6,3,12,4,0,0,0,0,0,0,0,56,4369,2,889,21,0,1,2,-1,2.7456146542538824,0.7780909022598632
10232,1963,4,2,48799.0,0,1,2013-11-05,9,174,18,81,28,6,24,3,3,2,7,3,0,0,0,0,0,0,0,63,4440,2,331,12,0,1,3,-1,-0.6074095192202149,0.8556802264717017
4184,1950,4,5,52157.0,0,1,2014-06-07,48,189,2,29,3,2,40,2,3,2,5,4,0,0,0,0,0,0,0,76,4226,2,265,10,0,1,3,-1,-1.0129447202438457,1.3927094685447745
9120,1962,2,4,66565.0,0,1,2012-12-05,80,747,10,161,65,40,42,4,4,2,9,8,0,0,0,0,0,0,0,64,4775,2,1065,15,0,1,2,-1,0.777854149067992,1.7989753580327938
891,1951,3,5,29298.0,1,1,2013-09-07,60,6,0,2,2,0,1,1,1,0,2,5,0,0,0,0,0,0,0,75,4499,3,11,3,0,2,3,0,-3.530134262560977,1.3159021108264992
10381,1979,2,4,47691.0,0,1,2013-07-05,43,14,0,3,0,0,4,1,1,0,2,6,0,0,0,0,0,0,0,47,4563,2,21,3,0,1,0,3,-2.6390873770823187,-1.2165460368739687
3525,1970,2,5,38200.0,1,1,2012-12-07,19,12,0,4,0,0,1,1,1,0,2,7,0,0,0,0,0,0,0,56,4773,3,17,3,0,2,3,0,-3.7172484320547072,0.2738663888823074
6818,1974,2,3,44989.0,0,1,2012-09-12,26,98,0,106,49,10,106,5,5,1,5,6,0,0,0,0,0,0,0,52,4859,2,369,11,0,1,3,-1,-0.8422057982070598,0.6863326760432874
3526,1968,4,3,38443.0,1,1,2014-01-27,58,32,0,5,0,0,1,2,1,0,3,7,0,0,0,0,0,0,0,58,4357,3,38,4,0,2,3,0,-3.6420755806178744,0.7218420334967611
8181,1978,0,4,38593.0,1,0,2013-09-13,42,51,12,49,17,24,24,3,4,1,3,8,0,0,0,0,0,0,0,48,4493,2,177,8,0,1,0,1,-2.2174401796514203,-1.4733521147538955
1029,1970,4,5,64413.0,0,1,2013-08-01,27,200,5,44,0,10,20,1,5,1,5,5,0,0,0,0,0,0,0,56,4536,2,279,11,0,1,3,-1,-0.9580963310792417,0.41019724806668634
7369,1981,3,3,36959.0,1,0,2013-10-02,56,25,6,25,6,0,0,2,2,0,3,8,0,0,0,0,0,0,0,45,4474,2,62,5,0,1,0,1,-2.9292704662189584,-1.7205949370936886
2574,1977,4,3,61996.0,0,1,2013-01-31,27,1050,12,144,0,0,24,3,6,4,8,5,0,1,0,1,1,0,1,49,4718,2,1230,18,3,1,1,-1,3.1785356063274612,1.2584815441331225
8159,1968,2,3,51287.0,1,1,2014-04-01,10,117,0,22,13,0,30,3,4,1,3,7,0,0,0,0,0,0,0,58,4293,3,182,8,0,2,3,0,-2.834903426479712,1.075698528174076
1160,1970,2,3,13260.0,1,1,2013-08-23,48,9,4,17,10,2,7,4,3,0,3,8,0,0,0,0,0,0,0,56,4514,3,49,6,0,2,3,0,-3.7320264056754144,0.8814227697810427
10242,1966,4,5,47472.0,1,1,2013-09-16,39,56,0,11,0,0,8,2,2,0,4,5,0,0,0,0,0,0,0,60,4490,3,75,6,0,2,3,0,-3.055643807279256,1.086113947108494
5253,1956,3,5,54603.0,1,1,2013-07-09,85,145,13,46,17,2,4,6,4,2,4,7,0,0,0,0,0,0,0,70,4559,3,227,10,0,2,3,0,-2.400133517412532,2.687693349566165
5966,1974,4,3,45207.0,1,1,2012-11-10,64,203,0,10,0,0,2,5,3,1,6,6,0,1,0,0,0,0,0,52,4800,3,215,10,1,2,3,-1,-2.0550621715381734,1.874907617711294
5314,1951,2,5,40689.0,0,1,2013-03-18,69,270,3,27,39,6,99,7,7,1,5,8,0,0,0,0,0,0,0,75,4672,2,444,13,0,1,3,-1,-0.7375725843972315,2.712178520255911
5081,1967,0,5,47821.0,1,1,2013-10-20,54,9,0,16,6,6,10,1,1,0,3,8,0,0,0,0,0,0,0,59,4456,3,47,4,0,2,3,4,-3.537149546100512,0.21131678034738618
5123,1951,3,3,27450.0,0,0,2013-04-15,57,37,12,23,8,11,52,1,2,1,3,7,0,0,0,0,0,0,0,75,4644,1,143,6,0,0,0,2,-1.208430114606054,-0.9023311459446857
5756,1983,2,5,39453.0,1,0,2014-04-03,64,46,0,7,0,0,2,2,2,0,3,6,0,0,0,0,0,0,0,43,4291,2,55,5,0,1,0,1,-2.840880419088325,-2.050940052470498
8036,1971,0,5,26850.0,1,1,2014-04-18,10,31,1,13,7,2,9,4,2,1,4,4,0,0,0,0,0,0,0,55,4276,3,63,7,0,2,3,-1,-3.1958566889672038,0.3993509902328787
9058,1955,2,6,79800.0,0,0,2012-09-23,65,1060,21,530,32,0,224,1,5,11,5,3,1,0,1,1,0,0,1,71,4848,1,1867,21,3,0,1,-1,6.510712126877527,-0.2285933860949564
5057,1961,3,3,61794.0,0,1,2013-09-14,74,264,47,188,54,47,11,2,4,4,10,2,0,0,0,0,0,0,0,65,4492,2,611,18,0,1,2,-1,1.134117461346134,1.11260184264032
254,1955,2,5,53863.0,0,1,2014-05-17,4,399,4,30,6,4,30,3,7,1,7,7,0,1,0,0,0,0,0,71,4247,2,473,15,1,1,2,-1,0.026779050288186595,1.964462450999097
4179,1959,2,5,24221.0,0,0,2013-08-20,94,8,9,9,2,5,22,1,1,1,3,4,0,0,0,0,0,0,0,67,4517,1,55,5,0,0,0,-1,-1.4280961261456764,-1.7808569277294022
3710,1984,4,4,39684.0,1,0,2012-10-12,41,19,0,35,6,4,17,2,2,1,2,7,0,0,0,0,0,1,1,42,4829,2,81,5,0,1,0,-1,-2.8149537027648437,-1.5361031925797666
7627,1975,3,3,92163.0,0,0,2012-12-12,25,817,183,797,106,163,20,0,5,11,5,2,0,0,1,1,0,0,1,51,4768,1,2086,21,2,0,1,-1,7.8246515353280435,-2.1382491194389077
4501,1965,3,4,69882.0,0,0,2013-11-10,94,292,127,635,132,127,165,1,3,7,9,1,0,0,0,0,0,0,0,61,4435,1,1478,19,0,0,1,-1,4.895058307583172,-1.1102421292883247
6424,1977,2,5,33178.0,1,0,2014-01-30,9,12,6,2,11,2,16,1,1,0,3,4,0,0,0,0,0,0,0,49,4354,2,49,4,0,1,0,1,-2.6583838601883465,-2.0925715143615453
3075,1972,4,3,59973.0,0,0,2013-09-11,47,130,30,168,20,34,0,1,3,4,7,1,0,0,0,0,0,0,0,54,4495,1,382,14,0,0,2,-1,0.8397475826847903,-1.7023452936358185
4992,1975,3,5,17459.0,1,0,2013-09-19,12,6,4,16,3,10,30,3,3,1,2,7,0,0,0,0,0,0,1,51,4487,2,69,6,0,1,0,1,-2.7679624644027756,-1.196365173998914
5252,1969,2,2,23910.0,1,0,2012-10-26,80,16,12,18,7,1,13,1,2,0,3,7,0,0,0,0,0,0,0,57,4815,2,67,5,0,1,0,1,-2.743055983030012,-1.2396976733769811
7444,1969,3,3,42169.0,1,1,2013-10-19,20,19,0,9,0,0,2,2,1,0,3,8,0,0,0,0,0,0,0,57,4457,3,30,4,0,2,3,0,-3.7040731659499997,0.594828617338583
6919,1978,0,3,26224.0,1,0,2013-06-04,39,4,7,15,13,9,15,3,2,1,3,6,0,0,0,0,0,0,0,48,4594,2,63,6,0,1,0,1,-2.656499574089258,-1.7950356333730253
3537,1981,2,5,31089.0,1,0,2012-08-17,57,31,3,31,2,8,4,3,3,0,4,8,0,0,0,0,0,0,0,45,4885,2,79,7,0,1,0,1,-2.6830992183788878,-1.307165392631136
10277,1961,2,4,30081.0,0,1,2013-02-21,27,36,0,2,0,0,4,1,1,0,3,7,0,0,0,0,0,0,0,65,4697,2,42,4,0,1,3,3,-2.599409983977994,-0.0653222074933873
2453,1960,2,5,62807.0,0,1,2012-08-31,83,526,28,135,10,21,99,3,5,3,12,5,0,0,0,0,0,0,0,66,4871,2,819,20,0,1,2,-1,1.2688759128188665,2.0719243795774895
7972,1955,2,4,72906.0,0,0,2013-09-17,79,400,32,519,71,75,54,1,3,4,9,1,0,0,0,0,0,0,0,71,4489,1,1151,16,0,0,2,-1,2.937904343453885,-0.6483282517399818
895,1948,4,3,61467.0,0,2,2012-12-09,69,410,16,114,0,5,49,3,5,2,10,5,0,0,0,0,0,0,0,78,4771,3,594,17,0,2,3,-1,-0.32825276039807033,4.39385762194457
1177,1966,3,5,49618.0,1,1,2013-01-26,77,80,3,26,4,2,14,4,3,1,3,7,0,0,0,0,0,0,0,60,4723,3,129,7,0,2,3,0,-2.9803384957047117,1.5886584266146337
7141,1986,3,4,21888.0,1,0,2012-12-29,15,88,10,46,2,3,64,4,5,1,2,10,0,0,0,0,0,0,1,40,4751,2,213,8,0,1,0,1,-2.554919773438141,-1.1343070913572557
7232,1973,2,6,42429.0,0,1,2014-02-11,99,55,0,6,2,0,4,2,1,1,3,5,0,0,0,0,0,0,0,53,4342,2,67,5,0,1,3,3,-2.295745538658173,-0.6565621468081081
8477,1956,2,2,26150.0,2,1,2013-03-11,61,5,1,13,3,5,1,1,1,0,3,7,0,0,0,0,0,0,0,70,4679,4,28,4,0,3,3,-1,-4.595054793332336,1.940038753123294
2457,1975,1,3,30801.0,0,1,2012-10-26,23,8,4,5,15,2,11,2,1,0,3,7,0,0,0,0,0,0,0,51,4815,2,45,4,0,1,0,-1,-2.620549814875638,-0.8307077750470554
988,1965,2,3,81168.0,0,0,2014-05-07,84,410,0,592,147,22,22,1,6,4,7,3,0,0,0,1,0,0,0,61,4257,1,1193,17,1,0,1,-1,3.5203245169506894,-1.3500936696657593
7930,1969,3,4,26877.0,0,0,2013-08-19,74,101,13,76,20,18,40,2,3,1,6,6,0,0,0,0,0,0,0,57,4518,1,268,10,0,0,0,-1,-0.6282456931409665,-1.5358005423978012
4587,1944,3,6,45006.0,0,0,2013-07-18,90,162,25,53,16,0,10,1,3,1,7,3,0,0,0,0,0,0,0,82,4550,1,266,11,0,0,2,-1,0.0005339723177257638,-0.1484855120374212
6682,1973,1,3,18978.0,1,0,2012-12-11,41,2,8,1,4,7,15,1,1,0,3,8,0,0,0,0,0,0,0,53,4769,2,37,4,0,1,0,1,-3.0632707872944245,-1.738698789815068
6222,1967,2,3,22574.0,2,1,2013-10-28,28,25,0,8,2,0,2,2,2,0,3,7,0,0,0,0,0,0,0,59,4448,4,37,5,0,3,3,-1,-4.683344175452189,1.4687803475727566
10299,1969,4,4,48240.0,0,0,2012-11-09,73,389,91,248,64,49,41,3,6,3,13,5,0,0,0,0,0,0,1,57,4801,1,882,22,0,0,2,-1,2.5736844462791804,-0.1411739816751987
3083,1974,2,3,45837.0,1,1,2013-07-26,88,215,13,87,17,17,24,5,6,2,5,7,0,0,0,0,0,0,0,52,4542,3,373,13,0,2,3,0,-1.9646162818987392,1.616164632640582
8953,1965,3,4,35791.0,2,1,2013-05-06,94,27,0,5,0,0,3,2,1,0,3,8,0,0,0,0,0,0,0,61,4623,4,35,4,0,3,3,-1,-4.683100438717351,1.8247742743803133
1503,1976,4,5,162397.0,1,1,2013-06-03,31,85,1,16,2,1,2,0,0,0,1,1,0,0,0,0,0,0,0,50,4595,3,107,1,0,2,3,-1,-2.1446741450638966,0.09299998146181329
8650,1978,2,6,54162.0,1,1,2013-03-18,31,5,6,10,6,5,10,1,1,0,3,4,0,0,0,0,0,0,0,48,4672,3,42,4,0,2,3,0,-3.1398387927509286,-0.19125338958769636
10862,1960,3,3,30522.0,0,1,2012-08-17,6,179,8,83,19,11,26,5,1,2,9,2,0,0,0,0,0,0,0,66,4885,2,326,12,0,1,3,-1,-0.701325484589453,1.2771974548723566
2782,1961,4,3,54456.0,0,1,2013-07-11,23,352,0,27,10,0,15,3,6,1,7,6,0,0,0,0,0,0,0,65,4557,2,404,14,0,1,3,5,-0.7036816401283762,1.5900863411806367
6941,1971,2,4,31632.0,0,0,2013-07-14,92,17,8,12,11,15,32,1,2,1,2,7,0,0,0,0,0,0,0,55,4554,1,95,5,0,0,0,2,-1.5524564121275675,-2.307131815037153
10972,1949,2,6,72298.0,0,0,2014-03-10,52,625,35,169,58,17,35,1,4,3,6,1,0,1,1,0,0,0,0,77,4315,1,939,13,2,0,1,-1,3.305191438778328,-0.4247733986708976
10708,1978,0,4,36975.0,1,0,2013-12-28,50,10,6,11,0,4,2,1,1,0,3,7,0,0,0,0,0,0,0,48,4387,2,33,4,0,1,0,1,-2.9880011814811795,-2.2847218312088304
6583,1955,0,3,72635.0,0,0,2013-06-03,54,390,22,323,104,35,107,1,6,8,6,3,0,0,0,1,0,0,0,71,4595,1,981,20,1,0,1,-1,3.8156924437075834,-0.6794338558940292
3641,1976,2,3,13624.0,1,0,2013-01-20,93,10,2,15,2,1,6,2,2,0,3,6,0,0,0,0,0,0,0,50,4729,2,36,5,0,1,0,1,-2.9643676551733615,-1.5723663356082103
10156,1975,2,4,84196.0,0,1,2013-06-03,56,215,63,507,231,31,190,1,8,4,7,3,0,0,0,0,0,0,0,51,4595,2,1237,19,0,1,2,-1,3.2956115549630334,0.4253958157256469
4299,1960,2,5,70971.0,0,1,2012-09-21,28,1001,17,572,93,125,17,7,11,11,5,7,0,0,0,0,0,0,1,66,4850,2,1825,27,0,1,2,-1,3.8918879979205796,3.2537328719605485
3469,1977,4,2,34487.0,1,1,2012-09-06,94,19,18,33,24,1,8,3,3,0,3,9,0,0,0,0,0,0,0,49,4865,3,103,6,0,2,3,0,-3.366918878471843,0.8349750386516372
5063,1977,2,4,28769.0,1,0,2012-12-18,76,41,5,129,10,3,3,3,4,1,4,9,0,0,0,0,0,0,0,49,4762,2,191,9,0,1,0,1,-2.356428995442632,-0.9615090082350739
10727,1970,4,3,69084.0,1,0,2013-11-19,43,1181,107,199,39,30,30,2,7,3,13,8,0,0,0,0,0,0,0,56,4426,2,1586,23,0,1,2,-1,2.348877430964072,1.0453754341486299
9624,1958,4,5,65488.0,0,0,2014-06-13,46,603,45,207,36,18,54,1,3,4,6,1,0,0,0,0,0,0,0,68,4220,1,963,13,0,0,2,-1,1.8161257390118222,-0.7263129649246814
5156,1970,0,3,62466.0,0,1,2014-01-15,13,129,129,259,168,121,83,5,6,3,12,4,0,0,0,0,0,0,0,56,4369,2,889,21,0,1,2,-1,2.7456146542538824,0.7780909022598632
4376,1960,0,4,32218.0,0,0,2014-02-15,27,10,24,15,13,1,30,1,2,1,3,7,1,0,0,0,0,0,1,66,4338,1,93,6,1,0,0,-1,-1.083699191916189,-2.1963360749965584
8923,1973,2,4,83917.0,0,0,2013-04-18,12,514,22,732,42,198,79,1,6,7,7,3,0,0,0,0,0,0,1,53,4641,1,1587,20,0,0,1,-1,4.374507372364025,-1.2384785648057204
8461,1962,2,2,46102.0,2,1,2014-03-10,3,14,0,1,0,0,1,1,1,0,2,7,0,0,0,0,0,0,0,64,4315,4,16,3,0,3,3,-1,-4.6864367845154655,1.411682858492284
6945,1952,2,4,84574.0,0,0,2013-06-04,72,387,20,713,38,54,163,1,9,11,11,5,0,0,0,0,0,0,0,74,4594,1,1375,31,0,0,2,-1,4.9180793215916,1.0502705299796296
944,1962,2,3,56181.0,0,1,2013-01-08,6,121,103,69,8,44,48,1,4,2,7,4,0,0,0,0,0,0,0,64,4741,2,393,13,0,1,2,-1,0.22061688642194652,0.5385309494364096
1907,1950,3,2,63120.0,0,1,2012-09-28,53,965,69,279,54,41,69,5,8,4,9,7,0,0,0,0,0,0,1,76,4843,2,1477,21,0,1,2,-1,2.46694608596325,3.368618232872791
701,1971,2,3,73691.0,0,1,2013-11-06,58,707,21,250,85,43,73,2,6,2,8,2,1,0,0,0,0,0,0,55,4439,2,1179,16,1,1,2,-1,2.094585850001263,0.5290989219565421
3856,1960,2,5,63381.0,0,1,2012-10-05,78,571,50,142,33,50,159,4,4,5,13,2,0,0,0,0,0,0,0,66,4836,2,1005,22,0,1,2,-1,2.478757955166287,2.212897352001613
4149,1948,4,5,76140.0,0,0,2014-05-13,57,586,66,653,17,0,26,1,5,9,6,2,0,0,0,0,0,0,0,78,4251,1,1348,20,0,0,2,-1,3.3239526614710537,0.29714246968917496
2131,1959,4,2,62859.0,0,1,2012-12-30,37,1063,89,102,16,12,25,4,9,4,6,6,0,0,0,0,0,0,0,67,4750,2,1307,19,0,1,2,-1,1.7005578107474217,2.662489199345856
2942,1964,2,4,45906.0,0,1,2013-05-07,20,305,3,27,4,3,144,2,5,4,4,5,1,0,0,0,0,0,0,62,4622,2,486,13,1,1,2,-1,0.04109184508935137,0.7169692782000369
1173,1947,3,5,77632.0,0,0,2013-03-10,73,1200,105,758,0,42,147,1,4,2,6,2,0,1,1,0,0,0,1,79,4680,1,2252,12,2,0,1,-1,5.706599836334032,0.34141380311349406
4381,1971,4,3,46463.0,1,1,2013-08-18,56,163,2,40,8,11,11,7,3,1,6,6,0,0,0,0,0,0,0,55,4519,3,235,10,0,2,3,-1,-2.562453498806384,2.0052806544887076
4611,1970,2,5,105471.0,0,0,2013-01-21,36,1009,181,104,202,21,207,0,9,8,13,3,0,0,1,1,0,0,1,56,4728,1,1724,30,2,0,1,-1,8.26089108331838,-0.48701403330209403
3376,1970,3,2,55282.0,1,0,2013-12-13,9,125,6,73,8,4,19,1,3,1,6,4,0,0,0,0,0,0,0,56,4402,2,235,10,0,1,0,-1,-1.4489603706578011,-0.9340169602274049
4679,1977,3,3,78710.0,0,1,2014-05-23,42,721,0,152,119,50,50,3,7,6,12,4,0,0,0,0,0,0,0,49,4241,2,1092,25,0,1,2,-1,2.470012925372328,1.2090884203765515
10928,1958,2,5,66886.0,0,1,2013-09-16,28,315,4,62,41,31,146,2,7,1,7,5,0,0,0,0,0,0,0,68,4490,2,599,15,0,1,2,-1,0.5110032346336035,1.5666172673949488
4248,1960,3,4,98777.0,0,0,2014-02-17,23,1000,19,711,125,115,38,0,4,6,9,1,0,1,0,0,0,0,0,66,4336,1,2008,19,1,0,1,-1,5.555676101321515,-0.34532074101427723
6728,1985,2,5,29103.0,1,0,2012-08-27,38,16,0,17,6,3,6,2,1,0,3,9,0,0,0,0,0,0,0,41,4875,2,48,4,0,1,0,1,-3.171147586620672,-1.9988054320010187
6661,1974,2,3,67445.0,0,1,2012-08-12,63,757,80,217,29,80,11,5,9,6,12,6,0,0,0,0,0,0,0,52,4890,2,1174,27,0,1,2,-1,2.697951054775722,2.0633726006007804
4725,1950,4,5,50616.0,0,1,2014-04-13,71,30,2,25,0,1,9,1,1,1,4,2,0,0,0,0,0,0,0,76,4281,2,67,6,0,1,3,3,-1.6304133536237977,0.725464142080777
3277,1955,2,2,49431.0,0,1,2012-08-03,9,219,3,100,26,0,17,2,7,1,5,8,0,0,0,0,0,0,0,71,4899,2,365,13,0,1,3,5,-0.8972913244400721,1.5632397200191663
5555,1975,2,2,153924.0,0,0,2014-02-07,81,1,1,1,1,1,1,0,0,0,0,0,0,0,0,0,0,0,0,51,4346,1,6,0,0,0,0,-1,-0.7726762982086037,-3.010714380114824
2564,1953,2,5,61278.0,0,1,2014-01-04,87,111,3,28,2,6,15,2,3,1,4,6,0,0,0,0,0,0,0,73,4380,2,165,8,0,1,3,3,-1.5360438710569289,0.9544494908080334
946,1958,0,5,26490.0,0,0,2012-09-22,92,45,47,52,21,20,25,2,3,1,5,6,0,0,0,0,0,0,0,68,4849,1,210,9,0,0,0,-1,-0.5978555880902869,-1.2743733510678021
3867,1947,4,5,73059.0,0,1,2013-08-31,36,410,112,420,0,82,71,1,9,3,13,4,0,0,0,0,0,0,0,79,4506,2,1095,25,0,1,2,-1,3.1172281313839267,2.830906373066623
6940,1966,4,4,46734.0,1,2,2013-10-21,86,100,1,39,6,1,76,4,3,2,3,6,1,0,0,0,0,0,0,60,4455,4,223,8,1,3,3,-1,-2.92092069866069,3.2170876969905033
55,1963,2,5,56253.0,0,1,2012-12-07,83,509,0,65,7,11,5,4,7,2,9,6,0,0,0,0,0,0,0,63,4773,2,597,18,0,1,2,-1,0.03876574311426093,1.90084538112283
7093,1985,2,3,19986.0,1,0,2013-11-14,74,3,6,5,0,2,6,1,0,0,3,7,0,0,0,0,0,0,0,41,4431,2,22,3,0,1,0,1,-3.286003264234562,-2.585933747087792
5084,1975,2,6,58330.0,0,1,2013-12-25,87,445,53,213,104,98,151,1,6,4,13,4,0,0,0,0,0,0,0,51,4390,2,1064,23,0,1,2,-1,2.809981911141422,0.6849958099074
1777,1980,1,3,25965.0,0,0,2012-09-07,29,2,2,11,41,7,11,1,2,0,3,8,0,0,0,0,0,0,0,46,4864,1,74,5,0,0,0,2,-1.7940680758694714,-2.889200311650417
8162,1956,3,5,14661.0,0,0,2013-01-01,88,4,1,11,6,2,2,1,1,0,3,6,0,0,0,0,0,0,0,70,4748,1,26,4,0,0,0,-1,-1.8710052679322282,-1.4135859334888692
10826,1959,2,3,18690.0,0,0,2012-12-28,77,6,1,7,23,4,19,1,1,1,2,8,0,0,0,0,0,0,0,67,4752,1,60,4,0,0,0,2,-1.8766393884353398,-1.685612458087966
8754,1974,4,5,45068.0,0,1,2013-05-16,25,14,0,3,0,0,3,1,1,0,2,7,0,0,0,0,0,0,0,52,4613,2,20,3,0,1,0,-1,-2.6734464583126587,-0.6180719347476239
1987,1987,1,4,21063.0,1,0,2013-09-25,34,1,10,11,19,3,15,2,2,0,3,6,0,0,0,0,0,0,0,39,4481,2,59,5,0,1,0,1,-2.8681985706199606,-2.4704135263378735
11007,1968,4,3,29187.0,1,0,2013-05-09,43,26,0,6,0,0,2,1,1,0,3,8,0,0,0,0,0,0,0,58,4620,2,34,4,0,1,0,1,-3.034971260351231,-1.0656979117503822
7426,1971,0,3,54690.0,1,1,2013-11-07,76,111,16,37,7,9,18,3,3,1,5,3,0,0,0,0,0,0,0,55,4438,3,198,9,0,2,3,-1,-2.2776140077548144,0.6157831620604131
9153,1964,4,3,59304.0,0,1,2013-07-29,81,418,61,428,80,51,10,3,7,8,10,5,0,0,0,0,0,0,0,62,4539,2,1048,25,0,1,2,-1,2.49996080188796,1.8696185621928756
10379,1962,3,4,59247.0,0,2,2013-11-08,87,327,9,122,19,14,83,5,5,2,9,6,0,0,0,0,0,0,0,64,4437,3,574,16,0,2,3,-1,-0.6207310055377518,3.5916744433833903
9204,1970,2,6,66731.0,0,1,2012-09-12,33,371,159,194,58,106,141,4,4,3,6,3,0,0,0,0,0,0,0,56,4859,2,1029,13,0,1,2,-1,2.161146432529419,0.755502279046033
3197,1980,2,3,77353.0,0,1,2013-12-16,38,275,59,107,69,101,59,2,6,4,8,4,0,0,0,0,0,0,0,46,4399,2,670,18,0,1,2,-1,1.4547338423038783,0.029844784604533405
2920,1975,4,4,52614.0,0,1,2012-12-01,63,789,0,142,12,9,38,2,2,4,8,8,0,0,0,0,0,0,0,51,4779,2,990,14,0,1,2,-1,0.10060939768837164,0.7856642650365295
6961,1974,2,3,26751.0,2,0,2014-05-22,26,1,1,5,0,3,1,1,1,0,2,8,0,0,0,0,0,0,0,52,4242,3,11,3,0,2,0,-1,-4.316657930292487,-1.0747955022795113
4673,1963,4,3,81300.0,0,1,2012-10-30,17,1004,12,145,32,12,36,3,10,3,5,5,0,0,0,1,0,0,1,63,4811,2,1241,18,1,1,2,-1,2.3251944534921174,2.111639360993152
9937,1979,2,4,70337.0,0,0,2014-01-02,75,187,81,149,25,43,91,1,2,2,12,1,0,0,0,0,0,0,0,47,4382,1,576,16,0,0,2,-1,1.8376621593264744,-2.0965231135051274
8779,1985,0,3,36145.0,1,0,2013-06-16,13,56,4,76,17,1,18,4,4,1,3,9,1,0,0,0,0,0,1,41,4582,2,172,8,1,1,0,-1,-2.221143326288347,-1.8595248562015139
9596,1980,4,4,65295.0,0,0,2013-12-23,19,365,32,117,34,110,6,1,3,3,13,2,0,0,0,0,0,0,0,46,4392,1,664,19,0,0,2,-1,2.049238913030962,-1.7130856394661496
2891,1963,2,2,68118.0,0,1,2013-10-18,51,595,23,123,10,23,154,2,8,9,4,6,0,0,0,0,0,0,0,63,4458,2,928,21,0,1,2,-1,1.6149998802960936,1.6837004955006294
4910,1967,2,2,68743.0,0,0,2012-08-30,81,1132,134,384,175,134,115,1,11,5,13,7,0,0,0,0,0,0,0,59,4872,1,2074,29,0,0,1,-1,6.186112566208197,0.4638774562458185
75,1982,0,5,41039.0,0,0,2013-07-25,32,34,11,137,179,61,45,1,8,1,5,8,0,0,0,0,0,0,0,44,4543,1,467,14,0,0,0,-1,0.6645962943397163,-2.453279091714923
10120,1955,2,5,38946.0,0,1,2013-10-24,84,116,6,82,6,6,41,2,3,1,6,5,0,0,0,0,0,0,0,71,4452,2,257,10,0,1,3,3,-1.2008194238407546,0.9153824995819666
6327,1967,2,5,65777.0,0,0,2013-12-19,87,565,32,435,28,32,54,1,2,8,6,1,0,0,0,0,0,0,0,59,4396,1,1146,16,0,0,2,-1,2.483798304628294,-1.392550469282015
10142,1976,4,2,66476.0,0,1,2013-03-07,99,372,18,126,47,48,78,2,5,2,11,4,0,0,0,0,0,0,0,50,4683,2,689,18,0,1,2,-1,1.0032372908719613,0.8338887415084567
9826,1972,4,4,86857.0,0,0,2012-09-12,96,899,102,838,133,102,40,1,5,6,10,2,0,0,0,0,0,0,1,54,4859,1,2114,21,0,0,1,-1,5.536681337404952,-0.6794079066232035
1501,1982,4,3,160803.0,0,0,2012-08-04,21,55,16,1622,17,3,4,15,0,28,1,0,0,0,0,0,0,0,0,44,4898,1,1717,29,0,0,1,-1,5.713241008706973,0.6795858697583388
10767,1989,4,5,77845.0,0,0,2014-05-16,40,760,40,480,0,40,26,1,3,5,12,1,0,0,1,1,0,0,0,37,4248,1,1346,20,2,0,1,-1,4.73280544986039,-2.5686026468201644
7279,1969,4,5,69476.0,0,0,2013-09-30,3,260,86,559,63,9,67,1,4,6,4,2,0,0,0,0,0,0,0,57,4476,1,1044,14,0,0,2,-1,2.3897812392687046,-1.4505010535955531
7230,1960,4,2,50611.0,0,1,2012-10-04,98,459,0,24,6,0,4,6,4,5,7,6,0,1,0,0,0,0,1,66,4837,2,493,16,1,1,2,-1,0.19923061198320027,2.5177145641271843
143,1970,2,4,61209.0,0,0,2013-08-25,73,466,0,224,119,49,99,1,5,3,4,2,0,0,0,0,0,0,0,56,4512,1,957,12,0,0,2,-1,1.8027117095124705,-1.5614458748070739
450,1958,3,5,42315.0,0,1,2013-07-12,90,67,15,80,17,11,80,3,1,4,4,3,0,0,0,0,0,0,0,68,4556,2,270,9,0,1,3,-1,-0.8377055072133052,0.8025453789838266
9316,1952,1,5,13084.0,0,0,2013-11-02,29,2,0,7,3,7,10,1,1,0,3,6,0,0,0,0,0,0,0,74,4443,1,29,4,0,0,0,-1,-1.9091353586255804,-1.6097093284057722
6379,1949,3,6,47570.0,1,1,2013-05-29,3,67,1,20,0,2,31,3,2,2,2,7,0,0,0,0,0,0,1,77,4600,3,121,6,0,2,3,0,-2.944846093412184,2.200262623206513
9239,1961,3,3,61923.0,0,2,2013-07-26,94,92,4,18,3,3,6,1,2,1,4,3,0,0,0,0,0,0,0,65,4542,3,126,7,0,2,3,-1,-2.1789350863762817,1.9931093944676082
8315,1995,2,4,34824.0,0,0,2014-03-26,65,4,2,11,2,0,4,1,1,0,2,6,0,0,0,0,0,0,0,31,4299,1,23,3,0,0,0,-1,-2.1846411790024685,-4.040702899957357
2868,1949,4,4,26518.0,1,1,2013-04-08,33,20,1,28,3,3,2,3,2,0,3,8,0,0,0,0,0,0,1,77,4651,3,57,5,0,2,3,0,-3.509344449613542,2.2145519778065195
10888,1961,2,4,45938.0,0,0,2013-11-03,46,273,11,178,62,83,29,2,8,4,6,6,0,0,0,0,0,0,0,65,4442,1,636,18,0,0,2,-1,1.4051268697950348,-0.5026403019685827
1277,1960,2,5,78468.0,0,0,2014-04-09,29,434,22,388,104,22,34,1,10,7,10,4,0,0,0,1,0,0,0,66,4285,1,1004,27,1,0,1,-1,4.275864327210174,-0.1666896091103677
9977,1973,2,2,78901.0,0,1,2013-09-17,99,321,11,309,33,26,34,3,9,3,5,4,0,0,0,0,0,0,0,53,4489,2,734,17,0,1,2,-1,0.7506368469414647,0.8636193921531956
10196,1978,2,3,71427.0,2,0,2014-03-12,26,212,123,177,15,64,23,2,8,2,8,4,0,0,0,0,0,0,0,48,4313,3,614,18,0,2,2,-1,-0.13640552327390115,0.17747410983412285
6384,1978,2,2,71022.0,0,1,2014-02-11,30,909,12,278,0,12,242,3,5,2,11,8,1,0,0,0,0,0,0,48,4342,2,1453,18,1,1,2,-1,2.0566357111514972,0.9559616504831783
8029,1988,3,4,90247.0,0,0,2014-04-29,27,1184,32,352,21,16,16,1,3,4,7,1,0,1,1,1,0,0,1,38,4265,1,1621,14,3,0,1,-1,4.929678744738014,-2.5419962538769774
968,1968,3,2,41335.0,1,0,2013-12-26,24,112,19,21,16,14,5,3,4,1,4,7,0,0,0,0,0,0,0,58,4389,2,187,9,0,1,0,1,-1.9827989941184678,-0.5131666000887978
6988,1986,2,3,71952.0,1,0,2013-01-10,93,656,80,455,52,107,93,2,8,4,8,4,1,0,1,0,0,0,0,40,4739,2,1443,20,2,1,1,-1,3.85507788755681,-1.0996643612660248
4472,1970,4,2,35682.0,1,0,2014-06-27,34,23,0,8,6,2,18,1,1,1,3,2,0,0,0,0,0,0,0,56,4206,2,57,5,0,1,0,1,-2.332759879902652,-1.4984828630025464
6991,1951,2,2,43185.0,0,1,2013-04-10,88,537,6,42,16,6,30,2,9,3,6,8,0,0,0,0,0,0,0,75,4649,2,637,18,0,1,2,-1,-0.0044543771408021605,2.2905566202102436
3336,1948,4,5,66375.0,0,1,2013-11-21,96,712,0,45,0,0,191,3,2,4,5,7,1,0,0,0,0,0,0,78,4424,2,948,11,1,1,2,-1,0.6571325536105679,2.2267024179052872
4301,1971,3,3,35178.0,1,0,2013-01-10,10,23,1,13,2,2,18,1,1,1,2,7,1,0,0,0,0,0,1,55,4739,2,59,4,1,1,0,6,-2.466761313022323,-1.557532848038504
1940,1986,2,3,25252.0,1,0,2013-07-12,26,1,3,4,2,2,6,1,1,0,2,8,0,0,0,0,0,0,0,40,4556,2,18,3,0,1,0,1,-3.33275584273529,-2.523579467739834
1272,1965,3,4,55250.0,0,1,2012-10-21,49,664,58,83,32,0,66,4,7,5,10,5,0,0,0,0,0,0,0,61,4820,2,903,22,0,1,2,-1,1.4922069495949473,2.160405668650401
1388,1975,2,4,33249.0,1,0,2013-02-20,11,6,10,21,19,14,42,2,2,1,3,6,0,0,0,0,0,0,0,51,4698,2,112,6,0,1,0,1,-2.294754890102182,-1.4310800481206563
1044,1953,2,5,58398.0,0,0,2013-05-14,44,299,5,201,21,21,49,3,5,4,8,4,0,0,0,0,0,0,0,73,4615,1,596,17,0,0,2,-1,1.2308969353628079,0.1411929033802711
6969,1982,2,5,50272.0,1,0,2013-08-07,75,99,13,66,43,8,4,3,4,1,5,7,0,0,0,0,0,0,0,44,4530,2,233,10,0,1,0,1,-1.7371953911937028,-1.2549421938928211
10479,1975,4,3,76618.0,0,0,2012-12-07,64,749,40,294,121,160,147,1,3,2,5,1,0,0,0,0,0,0,0,51,4773,1,1511,10,0,0,1,-1,3.4055128174899636,-1.5834113982739697
3619,1960,0,2,87305.0,0,0,2012-09-23,19,345,25,501,63,138,80,1,5,3,8,2,0,0,1,0,0,0,1,66,4848,1,1152,16,1,0,1,-1,4.101894548520801,-1.2557381218930432
1715,1978,2,5,25851.0,1,0,2013-02-11,45,9,4,18,7,5,5,2,2,0,3,7,0,0,0,0,0,0,0,48,4707,2,48,5,0,1,0,1,-2.8809405091566593,-1.6369402522041827
10159,1970,2,2,58710.0,0,1,2013-03-31,77,440,81,368,0,122,174,6,11,5,9,6,0,0,0,0,0,0,0,56,4659,2,1185,25,0,1,2,-1,2.9162344528402606,2.3246108633966496
1463,1958,2,4,45160.0,1,1,2014-03-29,9,8,2,5,3,0,3,1,1,0,2,7,0,0,0,0,0,0,0,68,4296,3,21,3,0,2,3,0,-3.6241544944569046,0.7709244742366242
5114,1965,3,3,74806.0,0,1,2012-12-19,1,670,9,249,0,28,9,2,5,4,5,4,0,0,0,0,0,0,0,61,4761,2,965,14,0,1,2,-1,0.6708664053005609,1.1289068819042025
4990,1954,2,3,59111.0,0,0,2013-05-02,90,524,0,134,28,28,155,1,11,1,8,7,0,0,0,0,0,0,0,72,4627,1,869,20,0,0,2,-1,1.9047674288646994,0.6792775781677389
4329,1984,4,3,18988.0,1,0,2014-05-23,43,6,0,6,2,1,1,2,1,0,3,7,0,0,0,0,0,0,0,42,4241,2,16,4,0,1,0,1,-3.267146586900934,-2.0920012710935527
10936,1965,2,3,72190.0,0,0,2013-02-13,79,597,166,597,172,166,249,1,5,6,4,3,0,0,0,0,0,0,0,61,4705,1,1947,15,0,0,1,-1,5.599665824814615,-1.0645997363381068
4692,1976,2,3,7500.0,1,0,2012-08-01,19,7,0,12,13,7,32,5,4,1,2,9,1,0,0,0,0,0,1,50,4901,2,71,7,1,1,0,-1,-2.6108316654789423,-0.9371009016534918
7212,1966,2,3,44794.0,0,1,2014-06-08,99,54,0,7,0,0,4,1,2,0,3,6,0,0,0,0,0,0,0,60,4225,2,65,5,0,1,3,3,-2.357442211689412,-0.38739659959254863
6086,1955,2,3,80395.0,0,0,2013-11-23,62,445,25,706,80,76,48,1,6,5,12,2,0,0,0,1,0,0,0,71,4422,1,1380,23,1,0,1,-1,4.881400465323681,-0.3079206476284721
437,1976,3,2,75012.0,0,0,2014-01-25,41,294,142,218,164,58,151,1,3,8,11,1,0,0,0,0,0,0,0,50,4359,1,1027,22,0,0,1,-1,4.270895787700448,-1.5880370791276064
11171,1965,3,3,56962.0,2,1,2013-10-11,60,292,3,77,10,3,26,7,6,3,5,7,0,0,0,0,0,0,0,61,4465,4,411,14,0,3,3,-1,-2.8044817379218236,3.603804545834836
11101,1991,2,5,89891.0,0,0,2013-04-15,17,412,22,132,59,28,183,1,11,6,8,4,0,0,1,0,0,0,0,35,4644,1,836,25,1,0,1,-1,3.9728315760488937,-1.6618943328008247
5329,1949,4,2,35946.0,1,1,2013-09-27,24,8,0,3,0,0,0,1,0,0,3,5,0,0,0,0,0,0,0,77,4479,3,11,3,0,2,3,0,-3.46922867038982,1.486312232208339
610,1953,4,5,53593.0,1,1,2012-08-07,60,349,4,78,6,0,43,8,7,2,6,8,0,0,0,0,0,0,0,73,4895,3,480,15,0,2,3,-1,-1.5669367467795634,4.157495907104855
9384,1978,2,3,66373.0,1,1,2013-06-12,57,328,9,124,12,24,109,7,4,2,10,3,0,0,0,0,0,0,0,48,4586,3,606,16,0,2,3,-1,-0.6208581021664819,1.9832336741061012
5956,1948,4,2,45072.0,1,2,2013-10-16,74,144,2,99,7,2,30,5,6,1,4,8,0,0,0,0,0,0,0,78,4460,4,284,11,0,3,3,-1,-3.066703796074456,4.982296721885102
10430,1973,2,2,89694.0,1,1,2013-10-09,22,1126,28,211,37,28,42,3,4,3,4,5,0,1,1,1,0,0,0,53,4467,3,1472,11,3,2,1,-1,2.4838744684884544,1.2003271149985095
7875,1949,2,3,72025.0,0,0,2014-04-29,46,967,0,617,43,50,0,1,4,8,13,2,0,1,1,1,0,0,1,77,4265,1,1677,25,3,0,1,-1,6.448549319861563,0.10597588100238314
7072,1973,2,3,67432.0,0,1,2013-03-29,69,432,79,341,177,136,170,2,8,5,4,4,0,0,0,0,0,0,0,53,4661,2,1335,17,0,1,2,-1,3.21495243355604,0.5850844500588844
6255,1952,3,5,70545.0,0,1,2014-06-03,29,138,39,63,55,18,21,1,4,1,7,2,0,0,0,0,0,0,0,74,4230,2,334,12,0,1,2,-1,-0.0034842266130705214,1.0329111532556365
6516,1989,1,3,17487.0,1,0,2013-03-18,37,0,0,1,7,4,6,1,1,0,2,7,0,0,0,0,0,0,0,37,4672,2,18,3,0,1,0,1,-3.3267237723477643,-2.838707634884279
5564,1969,2,5,62882.0,0,1,2012-08-09,26,509,133,497,78,24,97,2,7,5,6,4,0,0,0,0,0,0,0,57,4893,2,1338,18,0,1,2,-1,2.652381893222559,0.9650931964276366
5682,1953,4,4,64108.0,0,1,2013-03-23,8,948,10,86,13,21,21,4,6,9,11,5,0,0,0,0,0,0,0,73,4667,2,1099,26,0,1,2,-1,2.120746899962584,3.205351701967304
7458,1956,3,5,34941.0,1,1,2013-03-06,26,39,2,25,4,3,24,2,3,0,3,8,0,0,0,0,0,0,0,70,4684,3,97,6,0,2,3,0,-3.2302355480514566,1.7126204518667296
5237,1950,4,4,48767.0,1,2,2014-01-01,79,28,1,21,3,0,10,3,2,1,3,5,0,0,0,0,0,0,0,76,4383,4,63,6,0,3,3,-1,-3.6623659252934764,3.8382436154767574
7761,1978,0,5,38702.0,1,0,2013-08-01,71,13,11,24,13,8,40,2,3,0,4,6,0,0,0,0,0,0,0,48,4536,2,109,7,0,1,0,1,-2.2715178458381624,-1.7195729771607091
5278,1964,2,3,82224.0,0,0,2014-01-25,83,307,26,360,138,31,40,1,6,9,5,3,0,0,0,1,0,0,0,62,4359,1,902,20,1,0,1,-1,3.6976200026534776,-1.1968201120519344
3560,1952,2,5,83844.0,0,0,2013-05-12,57,901,31,345,75,31,191,1,4,4,11,1,0,0,1,0,0,0,0,74,4617,1,1574,19,1,0,1,-1,4.965100783266941,0.07202351657063938
7235,1975,0,3,17003.0,1,0,2013-12-09,37,2,5,12,4,8,7,3,2,0,4,5,0,0,0,0,0,0,0,51,4406,2,38,6,0,1,0,1,-2.78794835797523,-1.7462543121864098
10548,1995,2,4,71163.0,0,0,2014-03-09,30,283,17,372,138,106,44,1,3,8,12,1,0,0,0,0,0,0,0,31,4316,1,960,23,0,0,1,-1,3.4342256841308973,-2.8412777133455913
2281,1970,2,4,33697.0,1,0,2013-09-15,34,4,3,7,0,3,11,1,1,0,2,7,1,0,0,0,0,0,0,56,4491,2,28,3,1,1,0,6,-2.704191248313182,-1.7837212594683456
4073,1954,0,3,63564.0,0,0,2014-01-29,0,769,80,252,15,34,65,1,10,10,7,6,1,0,0,0,0,0,1,72,4355,1,1215,27,1,0,2,-1,3.856026073712528,0.1413694985491308
6974,1972,4,5,83443.0,0,0,2013-12-31,89,518,42,742,55,56,84,1,6,10,5,2,0,0,0,0,0,0,0,54,4384,1,1497,21,0,0,1,-1,4.023330985840103,-0.9347641204304155
7938,1958,4,5,51518.0,0,1,2013-10-03,92,350,8,66,17,4,4,2,3,2,10,3,0,0,0,0,0,0,0,68,4473,2,449,15,0,1,2,-1,-0.14142031301466415,1.3965505974185208
7094,1975,2,6,58330.0,0,1,2013-12-25,87,445,53,213,104,98,151,1,6,4,13,4,0,0,0,0,0,0,0,51,4390,2,1064,23,0,1,2,-1,2.809981911141422,0.6849958099074
3667,1969,2,3,80952.0,0,0,2013-02-28,20,778,178,689,41,27,44,1,8,5,11,8,0,1,1,1,0,0,1,57,4690,1,1757,24,3,0,1,-1,6.728902013790398,-0.6978758294707506
7723,1979,2,5,75507.0,0,0,2014-05-02,56,709,93,374,104,80,80,1,8,6,6,3,0,0,0,0,0,0,0,47,4262,1,1440,20,0,0,1,-1,3.8467289256461594,-1.5249768966876796
3870,1978,0,5,63855.0,0,0,2013-02-09,28,359,35,314,93,116,89,1,7,3,13,4,0,0,0,0,0,0,0,48,4709,1,1006,23,0,0,2,-1,3.2889815455788898,-1.4208052907840243
4012,1972,4,5,62220.0,0,1,2012-08-11,55,799,12,375,16,12,12,5,7,6,5,6,0,0,0,0,0,0,1,54,4891,2,1226,18,0,1,2,-1,1.1681016149367045,1.84843575832282
5909,1964,2,3,58512.0,0,1,2013-09-19,25,895,10,101,13,0,152,5,3,4,8,8,0,0,0,0,0,0,0,62,4487,2,1171,15,0,1,2,-1,0.7002794554131121,1.8642592427877667
10470,1979,3,3,40662.0,1,0,2013-03-15,0,40,2,23,0,4,23,2,2,1,3,4,0,0,0,0,0,0,0,47,4675,2,92,6,0,1,0,1,-2.309599387436928,-1.5754249812445984
6488,1959,4,3,38829.0,0,1,2014-04-06,86,76,0,7,0,0,16,1,3,2,2,5,0,0,0,0,0,0,0,67,4288,2,99,7,0,1,3,3,-1.9142780529215224,0.4037375910939551
10270,1981,0,3,35523.0,1,0,2013-10-03,8,11,5,22,12,5,11,2,3,0,3,7,0,0,0,0,0,0,0,45,4473,2,66,6,0,1,0,1,-2.7301995042579112,-2.0694082585734317
6887,1967,2,4,79146.0,1,1,2014-04-24,33,245,16,223,21,43,16,2,8,1,8,6,0,0,0,0,0,0,0,59,4270,3,564,17,0,2,3,-1,-0.6358083845512194,1.835504157659118
6406,1988,3,3,78285.0,0,0,2013-10-28,13,647,107,391,175,67,40,1,6,4,10,3,0,0,0,0,0,0,0,38,4448,1,1427,20,0,0,1,-1,3.9445542591894456,-2.0568642156749504
7573,1978,4,4,31626.0,1,0,2013-05-10,12,39,1,9,2,1,34,1,2,1,2,7,1,0,0,0,0,0,1,48,4619,2,86,5,1,1,0,6,-2.371892839035145,-1.7465329643698555
4508,1952,2,4,75127.0,0,0,2014-05-22,92,203,35,305,46,17,227,1,2,11,5,1,0,0,0,0,0,0,0,74,4242,1,833,18,0,0,2,-1,2.9418915570095123,-0.43269231238679257
221,1955,2,3,48726.0,0,1,2013-04-27,90,138,3,38,4,0,59,3,3,2,4,6,0,0,0,0,0,0,0,71,4632,2,242,9,0,1,3,3,-1.3366616706400707,1.168733712963657
5331,1977,2,3,74985.0,0,0,2012-09-11,8,587,51,898,247,0,86,1,3,6,7,2,0,0,0,0,0,0,0,49,4860,1,1869,16,0,0,1,-1,4.312744486635688,-1.8613692140837763
1911,1987,2,5,67430.0,0,0,2012-09-05,6,595,97,291,127,133,121,1,11,5,12,6,0,0,0,0,0,0,0,39,4866,1,1364,28,0,0,2,-1,4.734075508398603,-1.0183943330851675
20,1965,0,3,46891.0,0,1,2013-09-01,91,43,12,23,29,15,61,1,2,1,4,4,0,0,0,0,0,0,0,61,4505,2,183,7,0,1,3,-1,-1.366965444110724,-0.38992333584412064
8786,1956,3,3,62058.0,0,1,2013-05-26,52,301,7,74,10,0,58,4,6,1,7,6,0,0,0,0,0,0,0,70,4603,2,450,14,0,1,2,5,-0.40275064222886386,2.00957826137301
10582,1979,2,3,72063.0,0,1,2013-07-03,3,180,32,348,76,32,90,2,5,2,12,2,0,0,0,0,0,0,0,47,4565,2,758,19,0,1,2,-1,1.56388670243783,0.18190858090099352
1915,1951,4,3,78939.0,0,0,2013-12-12,57,794,115,243,150,0,205,1,8,5,6,3,0,0,0,0,0,0,0,75,4403,1,1507,19,0,0,2,-1,4.251150640773663,0.6305277603022206
8897,1965,2,4,42720.0,1,1,2013-04-24,9,392,5,91,28,26,112,8,7,3,7,8,0,0,0,0,0,0,1,61,4635,3,654,17,0,2,3,-1,-0.9781391351816875,3.1835563741585817
2371,1972,2,3,33622.0,1,1,2013-04-13,22,39,1,22,3,4,12,3,2,0,4,7,0,0,0,0,0,0,0,54,4646,3,81,6,0,2,3,0,-3.385895924315008,0.6761036321276181
4303,1957,4,5,6835.0,0,1,2012-12-08,76,107,2,12,2,2,12,0,0,0,1,20,0,0,0,0,0,0,0,69,4772,2,137,1,0,1,0,-1,-3.942219327098039,0.4579959994801986
6825,1953,2,5,41452.0,1,1,2013-03-06,86,13,0,3,0,0,0,1,1,0,2,7,0,0,0,0,0,0,0,73,4684,3,16,3,0,2,3,0,-3.5795693977312335,1.2844734625520988
1072,1965,4,4,40760.0,0,1,2013-08-30,64,70,0,17,0,0,6,2,2,1,3,6,0,0,0,0,0,0,0,61,4507,2,93,6,0,1,3,3,-2.1613965419959142,0.25384638185074176
4964,1958,4,5,74250.0,0,0,2014-01-26,90,680,11,392,75,0,0,1,2,11,4,1,0,0,0,0,0,0,0,68,4358,1,1158,17,0,0,2,-1,2.5852790154788967,-0.6015171400263878
2461,1955,3,4,51124.0,1,1,2013-12-18,79,26,1,11,0,1,4,2,1,0,3,3,0,0,0,0,0,0,0,71,4397,3,43,4,0,2,3,0,-3.0707428654072046,1.31223677472489
10736,1971,2,4,72258.0,0,1,2013-09-12,28,522,0,522,227,120,134,2,6,9,5,2,0,0,0,0,0,0,0,55,4494,2,1525,20,0,1,2,-1,3.793955407629132,0.6119843866014745
3194,1974,4,4,71466.0,0,0,2014-04-05,86,412,12,546,78,182,0,1,4,4,10,1,0,0,0,0,0,0,0,52,4289,1,1230,18,0,0,1,-1,3.3834417565417803,-1.5486686452027347
10839,1976,2,5,36283.0,1,1,2014-04-14,42,6,5,5,8,0,5,2,1,0,3,4,0,0,0,0,0,0,0,50,4280,3,29,4,0,2,3,0,-3.4467458220585954,-0.1585905827594515
49,1970,2,4,20587.0,1,0,2014-05-11,39,2,3,6,4,1,9,1,1,1,2,7,0,0,0,0,0,0,0,56,4253,2,25,4,0,1,0,1,-3.070069701487406,-1.7064077682168477
4290,1972,2,3,30467.0,1,0,2014-03-19,8,1,3,8,2,5,5,1,1,0,2,7,0,0,0,0,0,0,0,54,4306,2,24,3,0,1,0,1,-3.1246672037483276,-1.842042347673269
10219,1972,2,5,31590.0,1,0,2013-06-18,40,6,2,15,6,6,3,1,1,0,3,8,0,0,0,0,0,0,0,54,4580,2,38,4,0,1,0,1,-2.991560232297429,-1.5723173117698248
4211,1986,1,3,20425.0,1,0,2012-10-29,5,4,12,5,3,16,17,2,2,0,3,7,0,0,0,0,0,0,0,40,4812,2,57,5,0,1,0,1,-2.891065136433996,-2.256786461264942
1135,1960,3,5,17144.0,1,1,2014-02-15,96,18,2,19,0,2,6,5,3,0,4,7,0,0,0,0,0,0,0,66,4338,3,47,7,0,2,3,0,-3.5009271695283246,1.809498237367104
6299,1968,4,2,42564.0,0,1,2013-01-02,28,324,48,186,39,18,198,6,6,8,4,7,1,0,0,0,0,0,1,58,4747,2,813,18,1,1,2,-1,1.3916530861411212,1.77048082563099
10846,1978,3,3,43783.0,1,0,2014-05-29,22,327,9,125,25,4,139,6,7,1,8,7,1,0,0,0,0,0,0,48,4235,2,629,16,1,1,2,-1,-0.1271804725555246,0.09072882694320313
347,1976,2,2,40780.0,0,1,2012-09-08,30,229,27,71,13,3,34,4,7,1,5,9,0,0,0,0,0,0,0,50,4863,2,377,13,0,1,3,-1,-1.139158730850972,0.6814690266224097
6543,1945,3,5,62847.0,0,0,2013-01-15,45,521,168,706,80,76,61,1,3,6,4,2,0,0,0,0,0,0,0,81,4734,1,1612,13,0,0,1,-1,3.950824162000403,-0.21660206894578946
10446,1957,4,3,82017.0,0,0,2012-11-07,58,184,23,446,30,23,23,1,5,4,7,2,0,1,1,1,0,0,1,69,4803,1,729,16,3,0,1,-1,4.207142178233883,-0.659411693949192
3479,1950,2,4,16813.0,0,0,2013-07-19,49,4,8,11,12,2,13,1,2,0,3,7,1,0,0,0,0,0,0,76,4549,1,50,5,1,0,0,-1,-1.4016896435137147,-1.3548716903347617
11075,1978,2,3,51267.0,1,1,2013-10-29,37,183,2,64,7,2,12,4,3,3,5,4,0,0,0,0,0,0,0,48,4447,3,270,11,0,2,3,0,-2.192212266691338,0.767797988997763
4442,1961,2,4,46524.0,0,1,2013-04-05,70,31,19,35,26,14,52,2,1,1,5,3,0,0,0,0,0,0,0,65,4654,2,177,7,0,1,3,3,-1.2299443742562721,0.23982233521435325
199,1962,3,4,45183.0,0,0,2013-01-20,33,219,3,60,12,9,12,1,4,1,7,7,0,1,0,0,0,0,0,64,4729,1,315,12,1,0,2,-1,0.2348956370111228,-0.6576202777730725
6722,1954,4,3,70421.0,0,1,2014-06-28,98,479,28,136,75,14,35,3,10,3,7,6,0,0,0,0,0,0,0,72,4205,2,767,20,0,1,2,-1,1.1034435532350426,2.4767298682628205
796,1965,0,2,60161.0,0,1,2012-10-23,17,584,44,212,46,8,177,3,11,4,8,8,0,0,0,0,0,0,0,61,4818,2,1071,23,0,1,2,-1,1.9004860966103203,2.0318078267404363
3749,1973,2,5,73926.0,0,0,2013-03-02,54,627,91,597,159,91,15,1,6,5,12,3,0,0,0,0,0,0,0,53,4688,1,1580,23,0,0,1,-1,4.60278690413898,-1.0459213548106792
8523,1968,2,3,19329.0,1,0,2013-12-14,39,24,1,16,12,2,5,3,4,0,3,8,0,0,0,0,0,0,0,58,4401,2,60,7,0,1,0,1,-2.838712936094389,-0.802838143609904
310,1970,3,3,61872.0,0,1,2013-12-13,81,330,5,159,36,27,16,4,4,4,9,4,0,0,0,0,0,0,0,56,4402,2,573,17,0,1,2,-1,0.3250411665330032,1.0019568174855837
8629,1956,2,6,46984.0,1,1,2013-03-26,71,19,1,10,2,1,8,1,1,0,3,5,0,0,0,0,0,0,0,70,4664,3,41,4,0,2,3,0,-3.19407055192268,1.1401420640970992
236,1951,2,3,34838.0,1,1,2013-01-19,62,28,23,29,29,14,47,3,2,1,4,6,0,0,0,0,0,0,0,75,4730,3,170,7,0,2,3,-1,-2.5452284245697134,1.973614239920885
9930,1944,4,4,82716.0,0,0,2013-11-05,8,606,148,228,15,148,22,1,6,8,13,2,0,0,0,0,0,0,0,82,4440,1,1167,27,0,0,2,-1,4.833667820571341,1.0346319263430297
3483,1958,2,3,48192.0,0,0,2013-04-06,76,1039,43,204,153,58,29,3,2,8,12,8,0,1,0,1,1,0,1,68,4653,1,1526,22,3,0,1,-1,5.517541752068222,0.22738907679912443
4599,1976,3,3,49681.0,0,2,2013-11-04,66,411,0,26,0,0,21,6,7,1,7,7,0,0,0,0,0,0,0,50,4441,3,458,15,0,2,3,-1,-1.6053096280175907,2.956572661489124
7326,1971,3,3,56850.0,0,1,2014-03-23,83,34,1,19,2,7,0,1,1,1,3,2,0,0,0,0,0,0,0,55,4302,2,63,5,0,1,3,3,-1.860594550165485,-0.7044829064584001
7352,1957,2,3,55267.0,0,1,2013-10-21,28,161,28,136,32,3,45,4,3,4,6,3,0,0,0,0,0,0,0,69,4455,2,405,13,0,1,2,-1,-0.17824319132620473,1.187112894782024
2350,1972,2,3,59666.0,1,1,2013-03-22,87,623,53,178,23,17,133,7,3,2,8,8,0,1,0,0,0,0,0,54,4668,3,1027,13,1,2,3,-1,0.058898857702992864,2.631242645523477
9145,1972,2,4,72504.0,0,1,2013-04-06,43,604,26,470,123,161,94,2,5,9,6,2,0,0,0,0,0,0,0,54,4653,2,1478,20,0,1,2,-1,3.5938604670311007,0.6166713217263577
2964,1981,2,3,26872.0,0,0,2013-10-16,0,3,10,8,3,16,32,1,1,1,2,6,0,0,0,0,0,0,0,45,4460,1,72,4,0,0,0,2,-1.7646120384090187,-3.171305347029086
5585,1972,2,4,21359.0,1,0,2013-04-20,1,12,2,17,6,1,10,2,2,0,3,8,0,0,0,0,0,0,1,54,4639,2,48,5,0,1,0,1,-3.004396547653234,-1.3242812894586513
9687,1975,2,4,73170.0,0,0,2014-05-31,1,184,174,256,50,30,32,1,5,4,6,2,0,0,0,0,0,0,0,51,4233,1,726,15,0,0,2,-1,2.2120176465711894,-2.1473444070394074
3732,1955,3,3,52750.0,0,1,2013-02-04,72,393,0,239,90,69,69,6,5,7,9,4,0,0,0,0,0,0,0,71,4714,2,860,21,0,1,2,-1,1.7320630709920362,2.580789839666656
6303,1986,4,5,91820.0,0,0,2013-11-23,72,410,73,747,76,161,30,0,5,5,12,1,0,0,0,0,0,0,0,40,4422,1,1497,22,0,0,1,-1,4.697830311266524,-2.0084099359554015
11176,1970,4,5,65968.0,0,1,2014-05-12,12,376,9,83,19,4,4,2,5,4,7,3,0,0,0,0,0,0,0,56,4252,2,495,16,0,1,2,-1,0.07413325237879435,0.7068909788240532
2986,1976,2,3,30772.0,1,1,2014-03-12,89,7,2,4,2,1,4,1,1,0,2,6,0,0,0,0,0,0,0,50,4313,3,20,3,0,2,3,0,-3.798776655795051,-0.3271964928273589
7462,1954,2,4,22507.0,0,0,2012-11-24,67,68,0,226,51,157,68,3,10,2,4,9,0,0,0,0,0,0,0,72,4786,1,570,16,0,0,2,-1,1.0178623994707983,0.14475986209525546
3900,1972,2,3,65685.0,0,1,2014-03-29,54,642,14,49,0,7,57,1,9,2,9,5,0,0,0,0,0,0,0,54,4296,2,769,20,0,1,2,-1,0.725476872538207,0.9864709589938568
7034,1978,0,3,25804.0,1,0,2013-09-01,34,8,7,9,13,6,12,2,2,0,3,8,0,0,0,0,0,0,0,48,4505,2,55,5,0,1,0,1,-2.97840274071931,-1.9841361382577503
9493,1980,4,4,76412.0,0,0,2013-05-05,15,840,53,804,23,71,17,1,5,4,8,3,0,0,1,1,0,0,1,46,4624,1,1808,17,2,0,1,-1,5.273217047993504,-2.017655798006663
1143,1972,2,3,22063.0,1,0,2013-08-08,43,7,10,13,3,11,11,2,2,0,3,7,0,0,0,0,0,0,0,54,4529,2,55,5,0,1,0,1,-2.8539861693622246,-1.4029912665282032
1,1961,2,4,57091.0,0,0,2014-06-15,0,464,5,64,7,0,37,1,7,3,7,5,0,0,0,0,1,0,1,65,4218,1,577,17,1,0,2,-1,1.487887137910845,-0.6242754904535246
3855,1963,2,3,22419.0,0,0,2013-04-18,74,30,3,47,19,21,42,1,3,2,2,8,0,0,0,0,0,0,0,63,4641,1,162,7,0,0,0,2,-1.2670475766335962,-1.6598279210840712
5536,1959,2,5,87771.0,0,1,2013-05-22,61,1492,38,287,50,57,33,1,5,10,4,6,0,1,1,1,1,0,1,67,4607,2,1957,19,4,1,1,-1,6.185567830692357,1.487404626205572
5989,1959,0,2,78353.0,0,1,2013-04-16,51,752,122,476,39,153,34,1,10,2,11,8,0,0,0,0,0,0,0,67,4643,2,1576,23,0,1,2,-1,3.489570428045283,1.7402495335543522
9499,1954,2,3,93404.0,1,2,2013-05-07,97,1279,15,287,20,0,15,3,3,4,7,5,0,1,1,0,0,0,0,72,4622,4,1616,14,2,3,3,-1,1.4114649214856245,4.665163137875626
6768,1962,2,2,37859.0,1,2,2013-01-12,75,22,1,8,2,1,2,2,1,0,3,8,0,0,0,0,0,0,0,64,4737,4,36,4,0,3,3,-1,-4.349884851875276,2.7235956785560376
2150,1958,4,6,80995.0,0,1,2013-05-11,83,860,28,409,73,56,56,1,8,9,4,4,0,0,0,0,0,0,0,68,4618,2,1482,21,0,1,2,-1,3.0059046703925754,2.070969886816347
6646,1984,2,5,16529.0,1,0,2014-03-01,23,3,0,5,13,0,1,1,1,0,3,6,0,0,0,0,0,0,0,42,4324,2,22,4,0,1,0,1,-3.138534787997691,-2.528426428724779
4887,1976,4,2,55412.0,1,1,2013-11-22,65,10,5,28,11,1,8,1,2,0,3,5,0,0,0,0,0,0,0,50,4423,3,63,5,0,2,3,0,-3.111833738556847,0.20155642688608685
8560,1992,2,4,48789.0,0,0,2012-09-10,94,351,16,156,7,5,145,1,6,4,7,6,0,0,0,0,0,0,0,34,4861,1,680,17,0,0,2,-1,1.0679793062630196,-2.101099291405717
3321,1967,4,5,56575.0,0,2,2013-05-05,42,421,5,90,0,16,10,3,7,3,7,5,0,0,0,0,0,0,0,59,4624,3,542,17,0,2,3,-1,-0.7041895980395388,3.209845773330872
11003,1980,0,5,25130.0,1,0,2013-10-02,10,2,5,7,0,18,18,2,2,0,3,7,0,0,0,0,0,0,0,46,4474,2,50,5,0,1,0,1,-2.897773960980888,-2.1339606020473534
10402,1967,2,3,35441.0,1,1,2013-02-14,94,25,1,9,2,1,1,2,1,0,3,8,0,0,0,0,0,0,0,59,4704,3,39,4,0,2,3,0,-3.6942625576946657,0.7083871523259978
9904,1956,2,3,71391.0,0,1,2013-03-29,50,336,123,274,46,123,141,5,6,5,12,3,0,0,0,0,0,0,0,70,4661,2,1043,23,0,1,2,-1,3.285332839856671,2.402135463412524
6141,1972,3,4,49494.0,1,0,2013-04-25,46,191,9,97,0,6,82,2,6,1,5,7,0,0,0,0,0,0,0,54,4634,2,385,12,0,1,0,-1,-1.1698738787472918,-0.2686795795753453
5687,1980,2,2,81702.0,0,0,2012-09-23,98,563,50,774,28,31,187,1,7,7,12,3,0,0,0,0,0,0,0,46,4848,1,1633,26,0,0,1,-1,4.695378563862632,-0.772197324665606
10856,1980,0,4,45889.0,0,1,2013-07-02,42,31,0,6,0,1,8,1,1,0,3,6,0,0,0,0,0,0,0,46,4566,2,46,4,0,1,0,-1,-2.52816281542174,-1.4580717055446624
5121,1977,2,4,56628.0,0,1,2014-03-21,30,479,5,82,7,17,171,2,7,6,5,5,1,0,0,0,0,0,0,49,4304,2,761,18,1,1,2,-1,1.115884281205927,0.3542741880904585
4186,1950,2,5,34026.0,1,1,2013-08-05,11,18,6,15,12,8,17,3,2,1,3,5,0,0,0,0,0,0,0,76,4532,3,76,6,0,2,3,0,-2.9705804432924943,1.817672419531561
368,1974,2,3,40049.0,0,1,2012-11-29,61,91,65,52,10,44,28,3,3,2,6,5,0,0,0,0,0,0,0,52,4781,2,290,11,0,1,3,-1,-0.7271805778432504,0.004004592188570093
3312,1988,2,4,34176.0,1,0,2014-05-12,12,5,7,24,19,14,20,4,3,0,4,6,0,0,0,0,0,0,0,38,4252,2,89,7,0,1,0,1,-2.526325294356234,-1.9373757564517697
11121,1981,2,3,19419.0,1,0,2012-11-10,76,2,14,28,16,3,7,4,4,0,3,9,0,0,0,0,0,0,0,45,4800,2,70,7,0,1,0,1,-2.8703339532574885,-1.1906443036635341
5332,1960,0,3,82504.0,0,0,2013-07-27,2,362,50,431,134,35,54,1,3,6,7,1,0,0,0,0,0,0,0,66,4541,1,1066,16,0,0,2,-1,2.9669413104577305,-1.3089797632764186
5848,1970,2,5,81205.0,0,0,2014-01-13,43,724,74,929,97,55,130,1,5,6,7,2,1,0,1,0,1,0,1,56,4371,1,2009,18,3,0,1,-1,6.660738697175981,-1.7053914910377506
10343,1991,0,4,61618.0,0,0,2012-09-29,27,605,91,399,0,45,205,2,3,6,8,3,0,0,0,0,0,0,0,35,4842,1,1345,17,0,0,2,-1,3.0734442872086083,-2.3309899515438137
5935,1956,3,4,55284.0,0,1,2012-12-24,60,547,7,140,0,7,63,3,7,5,8,5,0,0,0,0,0,0,0,70,4756,2,764,20,0,1,2,-1,0.8670171376243482,2.3550342124435977
2895,1963,2,4,49980.0,0,1,2013-10-23,79,104,1,54,13,9,14,2,3,1,5,5,0,0,0,0,0,0,0,63,4453,2,195,9,0,1,3,3,-1.4254294687806817,0.3605411267315626
10262,1980,2,3,15072.0,2,0,2013-05-10,96,8,2,15,0,10,18,4,3,1,3,5,0,0,0,0,0,0,0,46,4619,3,53,7,0,2,0,-1,-3.6454660033635755,-0.4941149287145123
7848,1974,2,4,49166.0,0,1,2013-06-13,17,224,2,25,7,0,110,2,5,3,3,6,0,0,0,0,0,0,0,52,4585,2,368,11,0,1,3,-1,-0.9171294930109865,0.14821667074677417
9477,1954,4,3,65324.0,0,1,2014-01-11,0,384,0,102,21,32,5,3,6,2,9,4,0,0,0,0,0,0,0,72,4373,2,544,17,0,1,2,-1,0.3046143309277454,2.027184899345704
4856,1957,0,3,82347.0,0,0,2012-11-06,38,556,54,845,202,133,63,1,7,7,10,3,1,0,0,1,0,0,0,69,4804,1,1853,24,2,0,1,-1,6.821270990416775,-0.7500842566752658
7186,1966,4,5,30843.0,1,1,2014-05-26,43,24,0,2,0,0,9,2,1,1,2,5,1,0,0,0,0,0,0,60,4238,3,35,4,1,2,3,-1,-3.1738643527232604,0.48620949372009153
5794,1974,4,3,46374.0,0,1,2014-03-17,1,408,0,21,0,0,17,3,7,1,7,8,0,1,0,1,0,0,1,52,4308,2,446,15,2,1,2,-1,0.4699422229399905,0.8606284561469993
1456,1979,2,4,60474.0,0,1,2013-04-01,25,265,199,303,234,9,170,7,10,2,12,7,0,0,0,0,0,0,0,47,4658,2,1180,24,0,1,2,-1,3.3978771984517278,1.6445627009856196
4877,1973,3,3,38576.0,0,1,2014-03-04,2,34,0,7,0,0,0,1,1,0,3,7,0,0,0,0,0,0,0,53,4321,2,41,4,0,1,0,3,-2.6730546669240898,-0.8052729894318761
425,1985,2,3,55357.0,2,0,2013-02-19,66,374,64,116,84,25,64,3,6,2,11,5,0,0,0,0,0,0,0,41,4699,3,727,19,0,2,2,-1,-0.23512056155731492,0.27876088945578786
3007,1966,2,5,37758.0,1,1,2012-10-04,49,27,2,10,0,0,1,2,1,0,3,8,0,0,0,0,0,0,0,60,4837,3,40,4,0,2,3,0,-3.6370461318651284,0.8323289126921705
1031,1989,0,3,85710.0,0,0,2013-05-05,5,600,20,350,29,30,33,1,6,9,10,2,0,0,1,0,0,0,0,37,4624,1,1062,25,1,0,1,-1,4.040659586156198,-2.3341752426156464
4297,1969,2,5,23228.0,1,0,2014-01-26,71,13,2,18,6,1,0,2,2,0,3,8,0,0,0,0,0,0,0,57,4358,2,40,5,0,1,0,1,-3.0349633061450394,-1.2251582644702161
807,1969,3,5,44602.0,1,1,2014-02-15,35,167,2,89,0,0,34,6,6,1,4,8,0,0,0,0,0,0,0,57,4338,3,292,11,0,2,3,-1,-2.5700217421503075,2.048043361088045
9553,1987,2,3,7500.0,0,0,2013-01-09,94,0,2,3,4,1,5,1,0,0,3,6,0,0,0,0,0,0,0,39,4740,1,15,3,0,0,0,2,-2.3066932073054867,-3.5205794893460047
4271,1989,0,5,38683.0,1,0,2012-10-04,80,46,35,69,84,41,66,6,4,1,6,7,0,0,0,0,0,0,0,37,4837,2,341,11,0,1,0,-1,-1.1458367720689024,-1.28137370530698
4120,1975,0,4,49514.0,1,0,2013-12-17,61,88,39,78,58,13,93,2,6,1,4,7,0,0,0,0,0,0,0,51,4398,2,369,11,0,1,0,-1,-1.0134713610262098,-1.129101305532247
2036,1973,4,5,57906.0,0,1,2013-06-11,29,243,11,119,10,3,15,3,4,2,8,4,0,0,0,0,0,0,0,53,4587,2,401,14,0,1,2,-1,-0.4353295971844965,0.679602593681394
115,1966,3,4,43456.0,0,1,2013-03-26,0,275,11,68,25,7,7,3,5,1,8,5,0,0,0,0,0,0,0,60,4664,2,393,14,0,1,3,5,-0.6265583560848523,1.0052589943437598
4259,1986,3,4,19485.0,2,0,2013-09-24,80,6,0,4,0,0,0,1,1,0,2,7,0,0,0,0,0,0,0,40,4482,3,10,3,0,2,0,-1,-4.3431735551470245,-1.5524045021859432
8687,1978,2,5,53172.0,0,1,2013-05-06,54,121,62,90,68,20,125,3,2,3,8,3,0,0,0,0,0,0,0,48,4623,2,486,13,0,1,2,-1,0.38051473038623507,-0.10051640496430701
2447,1979,2,5,30545.0,1,0,2012-10-17,71,4,12,15,19,7,12,2,2,0,3,7,0,0,0,0,0,0,0,47,4824,2,69,5,0,1,0,1,-2.6901817960871175,-1.6211241786830621
10140,1983,4,5,70123.0,0,0,2013-09-28,27,1308,0,396,23,0,0,1,5,7,4,3,0,1,0,0,1,0,0,43,4478,1,1727,16,2,0,1,-1,3.8194177492719588,-1.2199740561931913
9353,1959,2,4,62450.0,0,1,2014-01-06,61,515,47,267,62,66,38,2,5,5,4,3,0,1,0,0,0,0,0,67,4378,2,995,14,1,1,2,-1,1.9014300893013958,1.176024559901322
3623,1976,2,5,21675.0,1,0,2014-06-11,55,4,0,16,17,4,4,3,4,0,3,7,0,0,0,0,0,0,0,50,4222,2,45,7,0,1,0,1,-2.8039211960470145,-1.3594279537850582
738,1981,0,4,42395.0,1,1,2014-04-04,35,48,13,57,24,15,25,4,3,1,4,7,0,0,0,0,0,0,0,45,4290,3,182,8,0,2,3,-1,-2.8818084483934476,0.08588424382795837
7631,1978,3,5,61346.0,1,0,2013-10-06,34,562,58,168,43,16,142,1,5,7,10,3,0,0,0,0,0,0,0,48,4470,2,989,22,0,1,2,-1,1.884422256236785,-0.25926334395583234
4789,1953,2,5,80812.0,0,0,2013-09-17,95,769,22,500,210,143,33,1,4,8,5,2,1,0,1,1,0,0,0,73,4489,1,1677,17,3,0,1,-1,6.533311179931633,-1.2229789611055333
773,1971,3,2,42835.0,1,1,2013-06-30,64,379,4,93,12,9,98,7,6,6,4,6,0,0,0,0,0,0,0,55,4568,3,595,16,0,2,3,-1,-1.130181600036048,2.512098199562372
10602,1983,2,3,39922.0,1,0,2013-02-14,30,29,12,59,19,1,36,2,3,0,4,8,0,0,0,0,0,0,0,43,4704,2,156,7,0,1,0,1,-2.368142159699438,-1.6553556902920947
1446,1956,3,4,86424.0,0,0,2014-04-05,12,387,68,569,89,45,68,1,6,9,12,1,0,0,0,0,0,0,0,70,4289,1,1226,27,0,0,2,-1,4.587239179720419,0.09439992745542664
3270,1978,0,5,17117.0,1,0,2013-01-17,96,12,23,38,30,18,7,4,3,1,3,9,0,0,0,0,0,0,0,48,4732,2,128,7,0,1,0,1,-2.627819440440335,-1.3806992659619957
8443,1972,2,4,24762.0,1,0,2014-02-10,16,6,10,12,3,15,40,3,3,1,2,8,1,0,0,0,0,0,1,54,4343,2,86,6,1,1,0,6,-2.3777094772319223,-1.353144097930939
9653,1975,2,3,35797.0,0,1,2012-10-16,16,27,1,14,4,1,21,2,2,0,3,8,0,0,0,0,0,0,0,51,4825,2,68,5,0,1,0,-1,-2.533616155641022,-0.49737834041773343
8916,1975,2,2,36627.0,2,0,2013-07-23,78,9,1,5,0,0,1,1,0,0,3,5,0,0,0,0,0,0,0,51,4545,3,16,3,0,2,0,-1,-3.932630377249668,-1.0705853051820204
8017,1981,0,3,51111.0,1,1,2014-06-19,83,22,0,19,6,5,3,2,2,0,3,6,0,0,0,0,0,0,0,45,4214,3,55,5,0,2,3,-1,-3.4292341970839453,-0.49535019416937426
5830,1972,4,4,86857.0,0,0,2012-09-12,96,899,102,838,133,102,40,1,5,6,10,2,0,0,0,0,0,0,1,54,4859,1,2114,21,0,0,1,-1,5.536681337404952,-0.6794079066232035
4597,1970,4,5,82072.0,0,0,2013-07-02,67,889,55,685,168,92,129,1,3,2,13,1,0,0,0,0,0,0,0,56,4566,1,2018,18,0,0,1,-1,5.060756308417585,-0.7641877877055833
7023,1953,4,4,46231.0,2,1,2012-11-26,87,189,2,55,0,5,12,4,6,1,4,9,0,0,0,0,0,0,0,73,4784,4,263,11,0,3,3,-1,-3.466895395393177,3.903779178614132
8086,1959,2,3,42243.0,1,1,2013-12-11,34,48,0,2,0,0,5,2,2,0,3,7,0,0,0,0,0,0,0,67,4404,3,55,5,0,2,3,0,-3.4294821489538023,1.1357925606141213
8825,1962,2,5,51195.0,1,1,2013-04-01,46,230,14,156,82,24,58,8,9,2,5,8,0,0,0,0,0,0,0,64,4658,3,564,16,0,2,3,-1,-1.0353797620102925,3.2505187097204122
2930,1978,3,4,68092.0,0,0,2013-12-16,7,852,60,207,78,36,48,2,2,6,10,5,0,0,0,0,0,0,0,48,4399,1,1281,18,0,0,2,-1,2.6454076534283057,-1.3547492762214728
1928,1973,2,3,31814.0,1,0,2013-02-09,73,35,3,20,4,1,20,2,2,0,3,9,1,0,0,0,0,0,0,53,4709,2,83,5,1,1,0,6,-2.584144437522673,-1.4119207625454397
7108,1965,3,6,51390.0,1,1,2012-09-08,54,205,20,47,23,2,56,6,5,2,5,5,0,0,0,0,0,0,0,61,4863,3,353,12,0,2,3,-1,-1.6985092625796008,2.4869393989052293
10925,1983,2,3,76630.0,0,0,2014-01-14,93,255,31,446,40,56,175,1,3,10,11,1,0,0,0,0,0,0,0,43,4370,1,1003,24,0,0,1,-1,3.6735939780645364,-1.7806308389900793
9960,1991,1,4,26868.0,1,0,2014-04-30,52,0,0,1,8,3,2,1,1,0,2,7,0,0,0,0,0,0,0,35,4264,2,14,3,0,1,0,1,-3.328322603291618,-3.0853585202446956
8800,1943,4,2,48948.0,0,0,2013-02-01,53,437,8,206,160,49,42,2,7,10,5,6,1,0,0,0,0,0,1,83,4717,1,902,22,1,0,2,-1,3.075293782557191,0.857454835144535
9224,1972,4,4,55260.0,0,1,2012-12-12,81,825,8,53,11,0,242,2,8,10,5,6,0,0,0,0,0,0,0,54,4768,2,1139,23,0,1,2,-1,2.08627244227032,1.9511385173860107
5519,1956,2,5,64090.0,0,1,2013-08-07,8,316,58,161,76,51,135,1,6,9,4,5,0,0,0,0,0,0,1,70,4530,2,797,19,0,1,2,-1,1.8687056235030186,1.3936982314865567
5046,1958,2,2,78331.0,0,1,2014-01-23,97,756,138,354,160,169,61,2,10,6,7,4,0,0,0,0,0,0,0,68,4361,2,1638,23,0,1,2,-1,4.520024817946294,1.8079417426775681
7037,1974,4,3,37087.0,1,0,2013-08-11,50,194,55,134,15,0,3,3,4,2,8,6,0,0,0,0,0,0,0,52,4526,2,401,14,0,1,0,-1,-0.9333978928333192,-0.36370008460526687
905,1986,2,2,21846.0,1,0,2013-10-22,38,7,17,18,6,10,26,4,4,0,3,8,0,0,0,0,0,0,0,40,4454,2,84,7,0,1,0,1,-2.790683888207575,-1.6651411585485374
8624,1958,2,3,81320.0,0,0,2013-02-06,61,183,33,493,59,103,57,1,4,3,10,2,0,0,0,0,0,0,0,68,4712,1,928,17,0,0,2,-1,2.8240516307477574,-0.6595812114347531
8945,1970,2,2,54137.0,0,1,2013-08-16,46,171,0,11,0,1,20,2,4,1,4,6,0,0,0,0,0,0,0,56,4521,2,203,9,0,1,3,7,-1.6102361595640444,0.09619490813361906
6445,1967,2,5,66825.0,0,0,2013-07-14,73,243,101,405,29,40,40,1,4,5,6,2,0,0,0,0,0,0,0,59,4554,1,858,15,0,0,2,-1,2.187207290371287,-1.4646045146757432
2727,1973,2,5,57100.0,0,0,2013-12-04,19,181,21,69,39,3,96,1,3,3,6,3,0,0,0,0,0,0,0,53,4411,1,409,12,0,0,2,-1,0.5044439751876819,-1.92215499808557
6404,1969,2,5,58917.0,1,2,2013-03-24,10,151,7,89,0,7,28,5,4,1,6,5,0,0,0,0,0,0,0,57,4666,4,282,11,0,3,3,-1,-2.7829338772258105,3.4492579847849827
11074,1977,2,4,85072.0,0,0,2014-04-09,94,494,92,391,194,11,241,1,3,4,10,0,0,0,0,0,0,0,0,49,4285,1,1423,17,0,0,1,-1,4.2758869910045565,-1.7169664038618813
10150,1961,2,4,86429.0,0,0,2013-11-21,10,464,28,873,29,18,37,0,7,4,7,2,0,0,0,1,0,0,1,65,4424,1,1449,18,1,0,1,-1,4.03886344225601,-1.0565202670558238
1968,1971,2,6,45684.0,1,0,2013-12-02,37,5,1,5,10,0,7,1,1,0,2,7,0,0,0,0,0,0,0,55,4413,2,28,3,0,1,0,1,-2.926895152626572,-1.6186432157206652
6534,1974,2,5,47889.0,1,0,2014-01-04,94,29,0,29,0,5,4,1,2,0,3,5,0,0,0,0,0,0,0,52,4380,2,67,5,0,1,0,1,-2.5166981715978953,-1.6459388445468195
9485,1986,4,3,45921.0,0,0,2014-03-10,23,102,9,49,24,3,12,1,2,1,6,4,0,0,0,0,0,0,0,40,4315,1,199,9,0,0,0,2,-0.7594101207152624,-2.828329269722744
7053,1966,4,4,78420.0,0,0,2013-06-29,75,604,28,674,91,28,28,1,3,10,8,1,0,0,0,0,0,0,0,60,4569,1,1453,21,0,0,1,-1,3.8462318127787514,-0.7139493710558642
4654,1992,2,5,75114.0,0,0,2013-11-07,40,571,12,523,63,60,24,1,3,10,5,2,0,0,0,0,0,0,0,34,4438,1,1253,18,0,0,1,-1,2.8108943880450914,-2.753293294518494
9760,1963,4,6,52278.0,0,1,2013-01-25,24,953,0,71,0,0,174,6,10,5,10,8,0,0,0,0,0,0,1,63,4724,2,1198,25,0,1,2,-1,1.7843937767906661,3.532222310120046
1048,1972,3,3,35641.0,1,0,2013-07-14,11,63,3,67,8,9,28,2,3,1,4,7,0,0,0,0,0,0,1,54,4554,2,178,8,0,1,0,1,-2.1619151442872377,-0.9469440703158386
10619,1994,2,4,95529.0,0,0,2012-12-03,29,770,29,890,250,27,24,1,7,3,7,3,0,0,1,0,0,0,1,32,4777,1,1990,17,1,0,1,-1,5.218774234358677,-2.7508113950256528
9308,1954,2,3,62820.0,0,0,2013-05-11,51,398,61,265,138,61,53,1,3,4,6,1,0,0,0,0,0,0,0,72,4618,1,976,13,0,0,2,-1,2.49264062448822,-0.8631750026406986
10505,1960,3,5,73113.0,0,0,2013-12-26,86,741,19,154,50,9,28,1,3,4,7,2,0,0,0,0,0,0,0,66,4389,1,1001,14,0,0,2,-1,1.7650242932557778,-0.6725778732145091
8362,1982,4,3,84169.0,0,0,2013-08-07,9,1478,19,403,0,19,0,1,7,6,6,3,0,1,1,0,0,0,1,44,4530,1,1919,19,2,0,1,-1,4.768011299618652,-1.042095291286537
2625,1954,0,4,42607.0,0,1,2013-11-17,30,156,29,56,30,32,47,2,3,2,7,3,0,0,0,0,0,0,0,72,4428,2,350,12,0,1,2,-1,-0.3596218848169793,0.6882405106106534
4637,1954,4,4,74637.0,0,0,2013-05-18,73,960,64,464,146,0,16,1,6,9,9,3,0,0,0,1,0,0,0,72,4611,1,1650,24,1,0,1,-1,5.239068719336488,0.3044551863044482
9972,1955,4,5,46015.0,1,1,2014-04-13,25,38,0,2,0,0,6,1,1,0,3,7,1,0,0,0,1,0,0,71,4281,3,46,4,2,2,3,-1,-2.379937375516168,1.1290700345113887
4483,1993,2,4,72354.0,0,0,2013-04-17,67,315,26,473,220,12,182,1,2,10,6,1,0,0,0,0,0,0,0,33,4642,1,1228,18,0,0,1,-1,3.6511026053439792,-2.8166871607279242
4487,1969,3,4,39858.0,1,0,2013-01-24,67,15,20,25,2,7,26,1,2,0,4,6,0,0,0,0,0,0,1,57,4725,2,95,6,0,1,0,1,-2.2622949528099814,-1.0233407251058075
4988,1948,4,3,34469.0,1,1,2014-05-04,58,19,6,20,0,5,12,3,1,1,4,4,0,0,0,0,0,0,0,78,4260,3,62,6,0,2,3,0,-2.972224506969001,2.0162549909897134
8931,1986,2,5,83033.0,1,0,2014-05-18,82,812,99,431,237,149,33,1,11,4,10,5,0,0,0,1,0,0,0,40,4246,2,1761,25,1,1,1,-1,5.146043829323751,-0.8580683665428324
5871,1979,3,5,24401.0,0,0,2012-08-31,98,73,28,217,10,24,115,3,6,1,6,8,0,0,0,0,0,0,0,47,4871,1,467,13,0,0,0,-1,0.04119411741407781,-1.3149752218958082
2008,1978,2,3,77583.0,0,0,2014-02-10,93,372,23,384,250,12,108,1,4,5,9,2,0,0,0,1,0,0,0,48,4343,1,1149,18,1,0,1,-1,4.147750957442471,-2.1286434326436625
3139,1982,0,4,74116.0,0,0,2013-12-30,53,871,111,704,145,55,166,1,4,4,10,2,0,1,0,0,0,0,0,44,4385,1,2052,18,1,0,1,-1,5.503694895282413,-1.8514779812370805
10037,1993,2,4,74293.0,0,0,2014-05-04,66,375,152,335,93,91,81,1,5,4,6,2,0,0,0,0,0,0,0,33,4260,1,1127,15,0,0,1,-1,3.1082037361709665,-3.0466050254174406
10673,1976,4,3,68397.0,0,1,2013-11-17,6,760,80,466,17,13,80,1,6,9,5,3,0,0,0,0,0,0,0,50,4428,2,1416,20,0,1,2,-1,2.5487866265053114,0.6133140211142457
5303,1974,4,5,79632.0,0,0,2014-04-08,42,471,0,510,99,21,12,1,6,4,9,2,0,0,0,0,0,0,0,52,4286,1,1113,19,0,0,2,-1,2.626773054695071,-1.171494042774764
538,1989,2,4,46107.0,1,0,2014-02-10,78,31,9,27,16,9,33,1,1,1,4,3,0,0,0,0,0,0,0,37,4343,2,125,6,0,1,0,1,-2.080739018055622,-2.6171696477655493
7922,1951,4,4,64950.0,0,1,2012-08-12,29,819,0,72,12,0,63,2,11,2,10,7,0,1,0,0,0,0,0,75,4890,2,966,23,1,1,2,-1,1.9314138420503557,3.6056283386601673
5692,1989,1,3,25443.0,1,0,2012-12-22,82,1,4,3,8,9,7,1,1,0,3,8,0,0,0,0,0,0,0,37,4758,2,32,4,0,1,0,1,-3.137265012297398,-2.6428878062778587
4843,1952,2,4,75127.0,0,0,2014-05-22,92,203,35,305,46,17,227,1,2,11,5,1,0,0,0,0,0,0,0,74,4242,1,833,18,0,0,2,-1,2.9418915570095123,-0.43269231238679257
6383,1971,4,5,32892.0,1,0,2014-05-25,78,26,0,15,2,1,2,2,3,0,3,8,0,0,0,0,0,0,0,55,4239,2,46,6,0,1,0,1,-2.8571539701067645,-0.961751040227917
1628,1971,2,5,71796.0,0,0,2013-10-24,54,354,21,311,167,75,32,1,9,3,4,4,0,0,0,0,0,0,0,55,4452,1,960,16,0,0,2,-1,2.3739462599894274,-1.3378592063309889
1204,1970,4,3,67536.0,0,1,2013-05-22,45,1253,0,447,23,71,35,3,11,5,11,8,0,0,0,1,0,0,0,56,4607,2,1829,27,1,1,2,-1,3.9702588575810847,2.368186727603606
3673,1971,2,4,55239.0,0,1,2013-07-14,59,371,17,238,23,24,106,3,7,5,11,5,0,0,0,0,0,0,0,55,4554,2,779,23,0,1,2,-1,1.426964348910662,1.381087510266587
760,1975,4,2,60554.0,1,0,2013-08-09,8,588,7,76,110,15,15,2,8,4,9,6,0,0,0,0,0,0,0,51,4528,2,811,21,0,1,2,-1,0.7945221934612652,0.2682670882090388
8957,1952,0,4,64831.0,1,1,2013-06-10,51,480,86,249,75,86,144,8,6,3,5,6,0,0,0,0,0,0,0,74,4588,3,1120,14,0,2,2,-1,0.6892443830986065,3.3517746471921304
4128,1962,4,5,56067.0,0,1,2013-07-20,51,517,12,54,16,6,120,2,7,4,7,5,0,0,0,0,0,0,0,64,4548,2,725,18,0,1,2,-1,0.7455256784033314,1.8249422413506076
6810,1983,2,2,82025.0,0,0,2013-05-28,76,267,98,606,48,70,98,1,3,2,6,1,0,0,1,0,0,0,1,43,4601,1,1187,11,1,0,1,-1,3.518540503767488,-2.9235374121110964
5386,1953,2,5,94384.0,0,0,2013-03-04,62,1111,24,790,160,45,172,0,5,8,5,2,0,1,1,1,0,0,1,73,4686,1,2302,18,3,0,1,-1,7.7731710847246696,-0.2761456387589344
8700,1986,1,4,14906.0,0,0,2012-12-22,86,7,7,14,7,16,15,3,2,1,3,7,0,0,0,0,0,0,0,40,4758,1,66,6,0,0,0,2,-1.8372581874145175,-2.913887431807172
3202,1987,4,3,51563.0,0,0,2012-10-01,60,1166,0,48,0,0,36,1,4,4,10,8,0,1,1,0,0,0,0,39,4840,1,1250,18,2,0,1,-1,2.8611844808287916,-1.299747484066229
1328,1982,0,3,57937.0,0,1,2014-02-16,56,261,42,144,55,48,133,3,4,4,9,3,0,0,0,0,0,0,0,44,4337,2,683,17,0,1,2,-1,1.046305688862399,-0.29701811169509673
8405,1979,2,2,68274.0,1,1,2013-09-30,83,135,25,51,23,25,46,2,4,2,5,3,0,0,0,0,0,0,0,47,4476,3,305,11,0,2,3,-1,-1.5273880805349802,0.47556275311597607
6515,1977,2,5,39771.0,1,0,2013-12-06,92,6,2,18,2,8,14,1,2,0,3,4,0,0,0,0,0,0,0,49,4409,2,50,5,0,1,0,1,-2.4961697938264726,-1.8782393434852398
2882,1975,0,2,67893.0,0,1,2012-10-01,31,711,28,142,49,18,47,2,3,2,9,8,0,0,0,0,0,0,0,51,4840,2,995,14,0,1,2,-1,0.4618892798033082,0.3090601307766835
7574,1979,4,5,27922.0,1,0,2014-05-10,80,11,0,13,2,4,11,1,2,0,3,4,0,0,0,0,0,0,0,47,4254,2,41,5,0,1,0,1,-2.6698228348353426,-1.8528222182221417
6387,1976,4,5,52190.0,1,1,2014-05-08,39,42,0,17,0,0,18,3,2,1,3,5,1,0,0,0,0,0,0,50,4256,3,77,6,1,2,3,-1,-2.7692603483702625,0.36479234006845845
5320,1973,3,2,44051.0,1,1,2013-01-29,20,79,7,58,6,3,18,4,3,1,4,6,0,0,0,0,0,0,1,53,4720,3,171,8,0,2,3,0,-2.80713045536755,1.1191024021189155
5048,1971,4,4,42767.0,2,0,2013-05-11,53,20,6,43,19,5,38,1,3,1,2,8,0,0,0,0,0,0,0,55,4618,3,131,6,0,2,3,-1,-3.3396439058681615,-0.07418392569869839
8146,1976,3,5,46106.0,1,1,2014-05-11,84,30,0,8,2,0,14,1,1,1,2,6,0,0,0,0,0,0,0,50,4253,3,54,4,0,2,3,0,-3.4458218491598487,-0.07039467532916602
10031,1976,4,3,16927.0,1,1,2013-02-10,50,20,2,23,3,1,4,5,3,0,4,8,0,0,0,0,0,0,0,50,4708,3,53,7,0,2,3,0,-3.6341933386129925,1.1445639119476891
5748,1965,2,3,59754.0,0,1,2012-12-01,96,115,27,44,4,146,139,3,5,2,6,5,0,0,0,0,0,0,1,61,4779,2,475,13,0,1,2,-1,0.5315274693385265,0.9922783464151557
2134,1952,2,4,53700.0,0,1,2012-08-17,94,263,5,233,69,41,83,4,5,5,8,5,0,0,0,0,0,0,0,74,4885,2,694,18,0,1,2,-1,1.030750177877979,2.254403083653885
1523,1973,2,3,59041.0,1,1,2014-05-07,25,69,2,15,2,2,6,2,2,0,4,5,0,0,0,0,0,0,0,53,4257,3,96,6,0,2,3,0,-3.0307177824226557,0.32315130187912233
9665,1957,4,2,54237.0,0,1,2013-04-27,48,267,3,30,4,0,57,4,5,2,5,6,0,0,0,0,0,0,0,69,4632,2,361,12,0,1,3,5,-0.8454223840736691,1.831552759138856
4640,1967,2,2,70647.0,0,1,2012-09-21,65,561,85,171,25,123,114,2,4,7,13,2,0,0,0,0,0,0,0,59,4850,2,1079,24,0,1,2,-1,3.2494370999290867,1.3843810529712657
3635,1962,4,4,52597.0,0,1,2014-05-07,69,492,0,37,7,0,42,3,6,3,8,5,0,0,0,0,0,0,0,64,4257,2,578,17,0,1,2,3,-0.014008669349952473,1.6696861781536625
3547,1969,3,5,41021.0,1,0,2012-12-30,12,14,7,9,6,16,12,2,2,0,3,6,0,0,0,0,0,0,1,57,4750,2,64,5,0,1,0,1,-2.4774943329224355,-0.9493341953733127
2456,1975,4,3,40233.0,0,1,2013-10-14,84,80,4,46,0,17,2,5,2,1,5,6,0,0,0,0,0,0,0,51,4462,2,149,8,0,1,3,-1,-1.9421014478197927,0.27468461014583234
5633,1980,2,3,50183.0,1,1,2014-06-25,47,97,12,84,13,10,15,7,3,1,6,5,0,0,0,0,0,0,0,46,4208,3,231,10,0,2,3,-1,-2.506246377928363,1.0041405065096054
7801,1959,2,5,54753.0,0,1,2013-09-12,87,197,107,227,7,59,131,3,5,2,11,4,0,0,0,0,0,0,0,67,4494,2,728,18,0,1,2,-1,1.5122506288365045,1.5317347204920764
10489,1973,2,3,92955.0,0,0,2013-08-19,35,693,21,925,31,24,84,1,6,7,9,2,0,0,1,1,0,0,1,53,4518,1,1778,22,2,0,1,-1,5.973151459062702,-1.5033350429242864
7011,1973,2,3,33471.0,1,0,2012-10-12,47,43,2,27,0,9,12,3,3,0,4,7,0,0,0,0,0,0,0,53,4829,2,93,7,0,1,0,1,-2.515514444501138,-0.8950850375813426
2620,1974,4,3,34596.0,1,0,2013-04-13,48,14,0,2,0,0,7,1,1,0,2,8,0,0,0,0,0,0,1,52,4646,2,23,3,0,1,0,1,-3.1372780715163113,-1.4519773345267963
3933,1980,2,5,44010.0,1,0,2012-10-13,46,186,36,234,86,72,48,6,10,2,6,9,0,0,0,0,0,0,0,46,4828,2,662,18,0,1,2,-1,0.16196072568013287,0.28999966400877375
10981,1988,2,3,84219.0,0,0,2014-02-02,27,434,137,400,45,137,45,1,3,4,10,1,0,0,0,0,0,0,0,38,4351,1,1198,17,0,0,1,-1,3.564641847370403,-2.6866449741287437
1734,1968,4,5,40706.0,2,1,2013-01-17,37,59,0,11,4,2,5,4,3,0,4,7,0,0,0,0,0,0,0,58,4732,4,81,7,0,3,3,-1,-4.188467398415258,2.4399326017190464
10995,1988,0,3,15716.0,1,0,2012-11-12,8,16,5,30,8,7,26,3,3,0,4,8,0,0,0,0,0,1,0,38,4798,2,92,7,0,1,0,-1,-2.972265397904497,-2.0181785471569444
6357,1959,0,2,59052.0,0,1,2013-11-17,29,230,35,75,63,57,31,3,7,1,7,5,0,0,0,0,0,0,0,67,4428,2,491,15,0,1,2,-1,0.23202252577181218,1.0402637439951168
9209,1971,3,5,80573.0,0,0,2012-10-14,85,829,138,430,60,92,15,1,4,6,13,2,0,0,0,0,0,0,0,55,4827,1,1564,23,0,0,1,-1,4.644987397068292,-0.6692479320696846
10286,1962,2,3,83715.0,0,0,2014-02-03,2,318,8,407,150,35,8,1,2,8,13,0,0,0,0,0,0,0,0,64,4350,1,926,23,0,0,2,-1,3.422125217372068,-0.9256570647470959
2611,1959,3,5,82576.0,0,0,2012-08-01,66,1206,55,445,168,18,18,1,2,4,12,1,0,0,1,0,0,0,0,67,4901,1,1910,18,1,0,1,-1,5.247792910740995,-0.4242436807923409
1600,1965,3,3,56962.0,2,1,2013-10-11,60,292,3,77,10,3,26,7,6,3,5,7,0,0,0,0,0,0,0,61,4465,4,411,14,0,3,3,-1,-2.8044817379218236,3.603804545834836
3308,1952,2,3,35704.0,1,1,2014-01-03,54,30,9,12,2,11,30,3,2,0,4,4,0,0,0,0,0,0,0,74,4381,3,94,6,0,2,3,0,-2.8895635138706712,1.6686179393150335
5407,1954,2,5,53103.0,0,1,2013-09-12,70,729,17,133,11,0,195,5,10,6,7,7,1,0,0,0,0,0,0,72,4494,2,1085,23,1,1,2,-1,2.0711136235696213,3.020723147518347
2166,1960,0,6,46779.0,1,1,2013-07-12,55,12,1,3,0,0,7,1,0,1,2,4,0,0,0,0,0,0,0,66,4556,3,23,3,0,2,3,-1,-3.313458887679029,0.40812790621697737
3955,1965,2,2,4861.0,0,0,2014-06-22,20,2,1,1,1,0,1,0,0,0,0,14,0,0,0,0,0,0,0,61,4211,1,6,0,0,0,0,-1,-3.29451496531774,-2.65635191391924
6634,1979,3,2,33462.0,1,0,2013-08-07,78,22,3,18,0,0,11,1,2,0,3,7,0,0,0,0,0,0,0,47,4530,2,54,5,0,1,0,1,-2.8502417823286814,-1.7681007372002726
3056,1978,2,2,63693.0,0,1,2013-10-14,63,587,43,337,42,87,54,3,11,6,9,6,0,0,0,0,0,0,0,48,4462,2,1150,26,0,1,2,-1,2.5148670527932224,1.2611541713716417
5718,1950,2,3,80763.0,0,0,2013-08-15,17,674,168,108,192,42,231,1,5,11,6,3,0,0,1,1,0,0,1,76,4522,1,1415,22,2,0,1,-1,6.9432657901832755,-0.3378209123663447
6872,1974,4,3,65352.0,0,1,2013-08-21,43,284,3,84,4,7,23,2,4,2,8,4,0,0,0,0,0,0,0,52,4516,2,405,14,0,1,2,3,-0.3958326848907347,0.48513630445747025
8164,1978,4,3,82170.0,0,0,2013-11-25,13,1023,93,651,49,55,37,1,5,6,7,2,0,0,0,0,0,0,0,48,4420,1,1908,18,0,0,1,-1,4.137068770779423,-1.3194986696550286
4580,1969,2,3,75759.0,0,0,2013-10-25,46,1394,22,708,89,91,182,1,9,7,9,5,1,0,1,1,0,0,1,57,4451,1,2486,25,3,0,1,-1,7.827889943230332,-0.6812999110113874
9305,1976,0,4,79689.0,0,0,2013-05-12,65,311,26,640,180,37,121,1,4,9,13,2,0,0,0,0,0,0,0,50,4617,1,1315,26,0,0,1,-1,4.583351680453787,-1.4412737831965061
453,1956,4,6,35340.0,1,1,2014-06-29,1,27,0,12,0,1,5,2,2,0,3,5,0,0,0,0,0,0,0,70,4204,3,45,5,0,2,3,0,-3.2970833881195927,1.391096850738688
8545,1954,2,2,85683.0,0,0,2014-03-21,6,1296,17,311,45,69,51,1,2,4,10,1,0,1,1,1,1,0,1,72,4304,1,1789,16,4,0,1,-1,6.603253044613937,-0.5452036790938345
9850,1972,0,3,24884.0,1,0,2012-11-29,32,3,6,7,0,0,3,1,0,0,3,7,0,0,0,0,0,0,0,54,4781,2,19,3,0,1,0,1,-3.1420243776337884,-1.939753615649664
7378,1981,3,5,42021.0,1,0,2012-08-31,34,393,5,136,7,5,27,5,10,1,6,9,1,0,0,0,0,0,0,45,4871,2,573,17,1,1,0,-1,-0.5412940371908783,0.20639670257379256
7646,1989,2,4,64449.0,1,0,2014-02-18,70,218,63,282,137,35,70,4,5,3,12,4,0,0,0,0,0,0,0,37,4335,2,805,20,0,1,2,-1,1.362657243381151,-0.9622149010589993
1640,1954,2,2,64587.0,1,1,2014-06-22,49,66,0,16,0,6,20,2,1,1,4,3,0,0,0,0,0,0,0,72,4211,3,108,6,0,2,3,0,-2.60805557624254,1.3252303120037598
5184,1995,2,4,34824.0,0,0,2014-03-26,65,4,2,11,2,0,4,1,1,0,2,6,0,0,0,0,0,0,0,31,4299,1,23,3,0,0,0,-1,-2.1846411790024685,-4.040702899957357
8492,1978,2,5,75437.0,0,0,2013-11-09,25,795,0,545,95,58,0,1,8,4,10,6,0,0,0,1,0,0,0,48,4436,1,1493,22,1,0,1,-1,4.012269806193503,-1.332537824414009
11188,1957,2,5,26091.0,1,1,2014-02-25,84,15,10,19,8,17,20,3,2,1,3,5,0,0,0,0,0,0,0,69,4328,3,89,6,0,2,3,0,-3.0489877160240275,1.324444293001066
1212,1973,2,3,52845.0,1,0,2013-08-13,7,384,25,292,130,41,64,3,8,8,6,6,1,0,0,0,0,0,0,53,4524,2,936,22,1,1,2,-1,1.8507492888264965,-0.09420208220491437
9097,1956,2,2,46086.0,0,1,2013-11-03,34,244,8,32,7,2,50,4,3,1,8,4,0,0,0,0,0,0,0,70,4442,2,343,12,0,1,3,-1,-0.8074549276200063,1.3522022458280647
10473,1956,4,6,78028.0,0,1,2012-09-10,38,158,19,288,25,0,38,1,6,4,9,7,0,1,1,0,0,0,1,70,4861,2,528,19,2,1,2,-1,2.153321212636451,1.8864866858052511
7962,1987,4,4,95169.0,0,0,2013-10-09,1,1285,21,449,106,20,20,1,4,3,4,1,0,0,1,1,0,0,1,39,4467,1,1901,11,2,0,1,-1,4.743254489243584,-2.6503120801194378
9984,1981,0,3,56337.0,1,1,2013-03-27,25,349,16,144,28,5,182,5,8,5,4,8,1,0,0,1,0,0,1,45,4663,3,724,17,2,2,2,-1,0.5478035703871963,1.1471692879249418
5527,1987,2,5,22434.0,1,0,2013-02-13,25,4,12,11,3,13,15,2,2,0,3,8,0,0,0,0,0,0,0,39,4705,2,58,5,0,1,0,1,-2.9642420710249953,-2.1574169878499228
6374,1954,4,3,36930.0,0,1,2013-05-17,50,223,2,31,0,2,39,5,5,2,4,8,0,0,0,0,0,0,0,72,4612,2,297,11,0,1,3,5,-1.4304883496067704,2.057708834928203
7453,1954,2,4,36130.0,0,1,2013-02-02,46,157,43,127,68,56,37,6,3,8,4,4,1,0,0,0,0,0,1,72,4716,2,488,15,1,1,2,-1,0.7192214088897773,1.5268628089621377
8952,1953,3,3,65569.0,0,1,2012-11-05,96,397,46,288,20,38,70,2,6,5,10,3,0,0,0,0,0,0,0,73,4805,2,859,21,0,1,2,-1,1.895667925861697,2.229687537021731
241,1952,2,5,83844.0,0,0,2013-05-12,57,901,31,345,75,31,191,1,4,4,11,1,0,0,1,0,0,0,0,74,4617,1,1574,19,1,0,1,-1,4.965100783266941,0.07202351657063938
8975,1968,2,3,19514.0,1,1,2014-01-26,47,14,3,21,2,1,28,4,3,1,2,8,1,0,0,0,0,0,0,58,4358,3,69,6,1,2,3,-1,-3.2885843376451165,0.7698368166447587
6119,1963,4,4,36736.0,1,1,2013-05-10,52,10,0,3,0,0,4,1,1,0,2,6,0,0,0,0,0,0,0,63,4619,3,17,3,0,2,3,0,-3.5934386625978476,0.8515186440064957
5236,1979,2,5,77568.0,0,1,2012-08-25,30,1230,0,396,232,178,158,1,10,2,8,5,0,1,1,1,0,0,0,47,4877,2,2194,20,3,1,1,-1,6.9453467755854374,0.6627677216165262
5723,1976,4,5,49187.0,0,1,2014-01-11,63,81,1,31,2,1,0,1,1,1,5,2,0,0,0,0,0,0,0,50,4373,2,116,7,0,1,3,3,-1.656154271915696,-0.6829089519299256
1710,1978,2,4,30168.0,1,0,2013-03-07,51,154,20,66,0,12,27,7,6,1,4,9,0,0,0,0,0,0,0,48,4683,2,279,11,0,1,0,9,-2.0419094417505512,-0.07757537955307572
1970,1968,3,5,34053.0,0,1,2012-09-10,14,63,0,21,7,0,12,1,3,0,3,8,0,0,0,0,0,0,0,58,4861,2,103,6,0,1,3,3,-2.308144738331837,0.023352392901372004
5313,1971,3,3,38196.0,1,1,2014-04-18,20,30,0,11,0,0,3,3,2,0,4,5,0,0,0,0,0,0,0,55,4276,3,44,6,0,2,3,0,-3.3270874441213323,0.6428850451951821
10634,1951,3,3,59412.0,0,0,2014-04-19,56,90,67,165,30,43,11,1,4,2,8,3,0,0,0,0,0,0,0,75,4275,1,406,14,0,0,2,-1,1.0290544790631895,-0.5926541129022818
7010,1965,0,3,70924.0,0,0,2014-04-07,41,635,114,254,132,152,76,1,6,6,7,3,0,0,1,0,0,0,0,61,4287,1,1363,19,1,0,1,-1,5.013674208123293,-1.6188785105962746
8562,1969,2,5,54165.0,0,0,2013-05-28,72,127,4,73,15,6,11,1,2,1,7,2,0,0,0,0,0,0,0,57,4601,1,236,10,0,0,0,-1,-0.22882094535954223,-1.85520444069535
3158,1973,2,3,32300.0,1,0,2013-01-03,1,13,3,6,6,5,6,1,1,0,3,8,0,0,0,0,0,0,0,53,4746,2,39,4,0,1,0,1,-2.9774618691500576,-1.5919446729422468
4436,1976,2,4,20180.0,0,0,2013-02-20,27,18,42,24,15,20,18,1,2,1,4,7,0,0,0,0,0,0,0,50,4698,1,137,7,0,0,0,2,-1.2343251449168697,-2.542060798299004
5287,1973,2,3,34961.0,1,0,2014-06-19,77,45,2,26,4,1,1,3,3,1,3,7,0,0,0,0,0,0,0,53,4214,2,79,7,0,1,0,1,-2.653057117645193,-1.1849996086938235
2445,1974,4,5,28440.0,1,0,2013-07-07,87,38,1,24,0,0,0,1,2,0,3,8,0,0,0,0,0,0,0,52,4561,2,63,5,0,1,0,1,-2.9271138370905208,-1.2838315980631072
6059,1953,4,5,64504.0,1,2,2013-03-04,81,986,36,168,16,0,108,7,11,3,4,7,0,0,0,0,0,0,1,73,4686,4,1314,18,0,3,3,-1,-0.29447377630590754,6.367634997798528
4550,1966,3,5,33564.0,0,1,2014-06-24,51,61,0,3,0,0,7,1,1,1,3,5,0,0,0,0,0,0,0,60,4209,2,71,5,0,1,3,3,-2.3154553840563565,-0.4099224559217301
4240,1978,2,3,17345.0,1,0,2012-11-03,79,4,9,16,17,0,12,2,2,1,2,8,0,0,0,0,0,0,0,48,4807,2,58,5,0,1,0,1,-2.955519032147104,-1.6262158541239287
8911,1967,4,3,56320.0,0,1,2013-04-08,11,201,53,172,116,77,83,3,5,4,9,4,0,0,0,0,0,0,0,59,4651,2,702,18,0,1,2,-1,1.5497329287550705,1.1642388526722776
3706,1978,2,4,28647.0,1,0,2013-08-21,54,19,8,29,0,12,26,1,2,2,2,7,1,0,0,0,0,0,1,48,4516,2,94,6,1,1,0,6,-2.2368328031707714,-2.03630498880442
3628,1987,1,4,15038.0,1,0,2013-01-29,93,4,8,11,19,12,26,2,2,1,2,9,0,0,0,0,0,0,0,39,4720,2,80,5,0,1,0,1,-3.022059039538857,-2.269541966235814
10175,1958,4,2,32173.0,0,1,2013-08-01,0,18,0,2,0,0,2,1,1,0,3,4,0,0,0,0,0,0,0,68,4536,2,22,4,0,1,3,3,-2.3580648689149655,0.1588837293750015
8985,1964,0,5,68316.0,0,1,2012-11-04,54,806,80,161,120,11,33,5,10,7,10,6,0,0,0,0,0,0,0,62,4806,2,1211,27,0,1,2,-1,2.8395536336179146,2.4234482946997327
5204,1971,2,5,74538.0,0,0,2013-06-29,21,380,98,733,110,112,28,1,8,8,5,3,0,0,1,0,0,0,1,55,4569,1,1461,21,1,0,1,-1,5.188923273068193,-1.59097304729501
9220,1971,2,4,91700.0,0,0,2013-01-17,58,576,172,961,125,115,19,1,8,6,5,3,0,0,0,0,0,0,1,55,4732,1,1968,19,0,0,1,-1,5.360197641115421,-1.2286853051844133
9888,1969,2,5,68695.0,0,0,2014-06-25,3,458,81,356,106,50,40,1,4,4,7,2,0,0,0,0,0,0,0,57,4208,1,1091,15,0,0,2,-1,2.604361254207554,-1.6745690575114534
5263,1977,0,3,31056.0,1,0,2013-01-22,99,5,10,13,3,8,16,1,1,0,3,8,0,0,0,0,0,0,0,49,4727,2,55,4,0,1,0,1,-2.9523659101952187,-2.0391848697889396
1020,1973,2,3,79593.0,0,0,2014-05-12,70,350,60,568,110,133,145,1,5,6,7,2,0,0,1,0,0,0,0,53,4252,1,1366,18,1,0,1,-1,4.939787406789766,-1.9391270417042181
9503,1980,2,4,28071.0,0,0,2012-08-29,65,39,33,130,41,26,44,2,5,1,5,8,0,0,0,0,0,0,0,46,4873,1,313,11,0,0,0,-1,-0.43168414012850154,-2.0148397977846106
10613,1958,4,5,37334.0,1,1,2014-02-26,44,26,1,16,2,2,15,4,3,0,4,4,0,0,0,0,0,0,0,68,4327,3,62,7,0,2,3,0,-2.967638678891265,1.8507698921765439
67,1972,3,4,46423.0,1,1,2013-09-18,6,68,0,16,0,0,8,3,2,0,4,7,0,0,0,0,0,0,0,54,4488,3,92,6,0,2,3,0,-3.303555529206052,0.8065676738247078
6019,1971,4,3,37126.0,1,0,2014-03-30,9,45,3,9,4,4,7,1,1,2,2,6,1,0,0,0,0,0,1,55,4295,2,72,5,1,1,0,6,-2.2829358482292728,-1.6156847341680884
5863,1953,2,3,47703.0,0,1,2013-05-29,95,359,0,134,13,26,123,4,6,3,8,5,0,0,0,0,0,0,0,73,4600,2,655,17,0,1,2,-1,0.4923803010212719,2.2470022458354943
3717,1959,2,3,61180.0,0,1,2014-04-23,70,403,24,29,6,24,218,2,5,5,6,3,1,0,0,0,0,0,0,67,4271,2,704,16,1,1,2,-1,1.3662493494516206,1.1724087138872819
6730,1954,2,3,38998.0,1,1,2012-11-03,92,34,1,14,0,0,5,3,2,0,3,8,0,0,0,0,0,1,0,72,4807,3,54,5,0,2,3,-1,-3.59114524892089,1.92035541660655
10749,1991,2,4,8028.0,0,0,2012-09-18,62,73,18,66,7,12,2,15,0,1,0,19,0,0,0,0,0,0,0,35,4853,1,178,1,0,0,0,-1,-3.6346217977771778,-1.1003067460884532
4998,1962,2,5,76081.0,0,0,2014-05-23,85,292,30,415,63,33,200,1,4,5,4,2,0,0,0,1,0,0,0,64,4241,1,1033,13,1,0,1,-1,3.2855725087537913,-1.3663046704141621
6287,1986,2,5,34728.0,1,0,2013-07-30,2,14,0,16,0,0,6,1,1,1,2,6,0,0,0,0,0,0,1,40,4538,2,36,4,0,1,0,1,-2.9380549464717736,-2.4971778750098745
5985,1965,3,4,33168.0,0,1,2012-10-13,0,80,1,37,0,1,3,3,2,1,4,7,0,0,0,0,0,0,0,61,4828,2,122,7,0,1,3,3,-2.1515074175179576,0.4657253020370811
4754,1966,3,3,33585.0,0,1,2013-09-25,91,30,11,33,13,6,29,1,2,0,4,4,0,0,0,0,0,0,0,60,4481,2,122,6,0,1,3,3,-1.8541031296349364,-0.19398819059718864
4002,1960,4,3,77037.0,0,1,2013-10-13,3,463,96,333,168,53,10,1,7,7,12,3,0,0,0,0,0,0,0,66,4463,2,1123,26,0,1,2,-1,3.524330596349049,1.7139002397225325
8870,1984,2,5,35196.0,1,0,2012-11-13,68,75,12,141,43,39,187,6,6,1,5,8,0,0,0,0,0,0,1,42,4797,2,497,12,0,1,0,-1,-0.8102939572037127,-0.34075904230558596
966,1966,2,3,44529.0,0,1,2013-07-05,98,538,13,91,17,6,26,6,6,2,11,5,0,1,0,0,0,0,0,60,4563,2,691,19,1,1,2,-1,0.8507904074196193,2.1575237094374033
4767,1965,0,3,70924.0,0,0,2014-04-07,41,635,114,254,132,152,76,1,6,6,7,3,0,0,1,0,0,0,0,61,4287,1,1363,19,1,0,1,-1,5.013674208123293,-1.6188785105962746
9725,1966,4,5,28764.0,1,1,2014-06-05,16,8,0,3,0,0,1,1,1,0,2,8,1,0,0,0,0,0,0,60,4228,3,12,3,1,2,3,-1,-3.600013818465575,0.32384385166903135
4475,1949,4,3,69098.0,0,0,2013-02-16,82,1315,22,780,145,0,178,1,7,8,9,5,0,0,0,0,0,0,0,77,4702,1,2440,24,0,0,1,-1,5.583899029481914,1.425935774171273
5740,1970,0,2,25959.0,1,1,2013-02-14,1,4,2,12,7,5,26,2,1,2,2,6,0,0,0,0,0,0,1,56,4704,3,56,5,0,2,3,-1,-3.402184632854443,0.12694399076744092
5731,1983,3,3,27100.0,1,0,2013-04-05,64,12,0,13,2,0,10,1,1,0,3,7,0,0,0,0,0,0,0,43,4654,2,37,4,0,1,0,1,-3.04888493849869,-2.087660993532021
7290,1985,2,4,70596.0,0,0,2012-10-05,68,347,44,534,17,0,26,1,3,5,12,2,0,0,0,0,0,0,0,41,4836,1,968,20,0,0,2,-1,2.374920472361642,-1.9524809532175096
3846,1974,2,3,42557.0,0,1,2012-08-29,98,192,5,53,0,5,15,4,6,1,4,8,0,0,0,0,0,0,0,52,4873,2,270,11,0,1,3,-1,-1.5617213244237802,0.6343725142425195
8104,1951,4,3,53312.0,0,0,2013-08-09,32,241,0,12,0,0,25,1,5,1,5,7,0,0,0,0,0,0,0,75,4528,1,278,11,0,0,2,-1,-0.47101204072512814,-0.1522392591229346
4507,1952,2,4,72228.0,0,0,2012-11-27,87,631,28,491,30,14,56,1,6,7,8,3,0,0,0,0,0,0,0,74,4783,1,1250,21,0,0,2,-1,3.118416724943802,0.33928061341991494
11013,1987,2,5,67605.0,0,0,2013-03-31,84,336,28,282,184,54,54,1,2,8,6,1,0,0,0,0,0,0,0,39,4659,1,938,16,0,0,1,-1,2.6801194287135446,-2.690217467624806
4491,1949,3,3,62845.0,1,1,2012-10-01,3,1099,0,45,0,0,34,11,3,4,10,8,0,1,0,0,0,0,0,77,4840,3,1178,17,1,2,3,-1,0.1344955460556991,5.27158937949303
3759,1958,2,5,65196.0,0,2,2013-07-25,34,743,19,181,12,0,200,2,7,6,11,5,1,0,0,0,0,0,0,68,4543,3,1155,24,1,2,2,-1,1.9830201338979832,3.9390717596791665
1162,1987,4,4,42000.0,0,0,2013-01-10,23,124,83,267,85,59,35,2,5,2,11,5,0,0,0,0,0,0,1,39,4739,1,653,18,0,0,2,-1,1.7126215722538334,-1.9180413223850352
2055,1973,4,2,35860.0,1,1,2014-05-19,37,15,0,8,4,2,20,2,1,1,2,5,1,0,0,0,0,0,0,53,4245,3,49,4,1,2,3,-1,-3.126097224731944,0.06670809572828376
10766,1964,4,3,65526.0,0,1,2014-04-11,22,397,19,69,12,0,9,1,4,4,8,2,0,0,0,0,0,0,0,62,4283,2,506,16,0,1,2,-1,0.25191472608709325,0.8310304229954453
4415,1961,2,3,16860.0,1,1,2012-09-12,19,10,4,4,3,3,14,3,1,1,3,7,0,0,0,0,0,0,0,65,4859,3,38,5,0,2,3,0,-3.5636821482368717,1.1922858992811944
3005,1992,2,4,83528.0,0,0,2014-05-01,7,530,117,678,134,44,147,1,4,10,8,1,1,0,0,1,0,0,1,34,4263,1,1650,22,2,0,1,-1,6.112702353026064,-3.0134143237989233
2223,1965,0,2,64176.0,0,1,2012-08-03,52,1215,33,249,64,116,149,8,8,9,8,6,0,0,0,0,0,0,0,61,4899,2,1826,25,0,1,2,-1,3.7416338369283233,2.960944350336079
4817,1956,2,2,22304.0,0,0,2012-08-04,91,3,2,7,0,4,2,1,1,0,2,8,0,0,0,0,0,0,0,70,4898,1,18,3,0,0,0,2,-2.108633285997921,-1.4829763055864293
2875,1978,2,3,67023.0,0,0,2014-03-04,93,444,44,382,11,8,17,1,3,7,13,2,0,0,0,0,0,1,0,48,4321,1,906,23,0,0,2,-1,2.3940783836040436,-1.4677767282971759
10536,1971,4,5,32892.0,1,0,2014-05-25,78,26,0,15,2,1,2,2,3,0,3,8,0,0,0,0,0,0,0,55,4239,2,46,6,0,1,0,1,-2.8571539701067645,-0.961751040227917
11112,1966,2,5,70713.0,0,1,2012-12-03,23,736,114,279,82,76,190,6,5,6,8,3,0,0,0,0,0,0,0,60,4777,2,1477,19,0,1,2,-1,3.3528563596219554,1.9784198551406127
3807,1955,2,5,59925.0,0,1,2012-11-30,83,473,21,176,19,21,56,3,9,2,9,6,0,0,0,0,0,0,0,71,4780,2,766,20,0,1,2,-1,0.9512955711193343,2.4426931845975464
9197,1953,2,3,39722.0,0,1,2014-02-24,92,32,0,5,2,0,8,2,2,0,3,5,0,0,0,0,0,0,0,73,4329,2,47,5,0,1,3,3,-2.2492278758231805,0.5242781378984174
10832,1958,2,5,46610.0,0,0,2013-07-18,4,288,10,30,4,10,125,1,6,1,6,6,0,0,0,0,0,0,0,68,4550,1,467,13,0,0,2,-1,0.3334328267102978,-0.5420226005124424
6421,1961,2,5,88347.0,0,0,2013-07-03,32,1050,178,555,77,138,118,1,4,7,9,1,0,0,0,1,0,0,0,65,4565,1,2116,20,1,0,1,-1,6.825688113950654,-0.7160008573763871
4207,1981,4,3,87171.0,0,0,2013-05-01,27,1001,44,107,58,44,44,1,6,7,11,2,1,0,1,0,0,0,0,45,4628,1,1298,24,2,0,1,-1,4.866182683878527,-1.3286442708474167
577,1976,0,5,26907.0,1,1,2013-08-20,10,9,1,7,0,3,2,2,1,0,3,7,0,0,0,0,0,0,0,50,4517,3,22,4,0,2,3,-1,-3.82353809297425,-0.2680446351229026
10855,1968,3,4,50014.0,1,0,2014-01-22,9,234,14,77,19,10,42,2,4,1,8,5,0,0,0,0,0,0,0,58,4362,2,396,13,0,1,0,-1,-0.8827809579361795,-0.30716709198331177
3081,1978,4,3,41014.0,1,0,2013-04-22,65,7,2,6,2,0,3,1,1,0,2,7,0,0,0,0,0,0,0,48,4637,2,20,3,0,1,0,1,-3.019324146898603,-1.7008467968454606
3535,1965,2,4,66294.0,0,0,2014-03-17,68,251,108,334,65,92,117,1,4,3,5,2,0,0,0,0,0,0,0,61,4308,1,967,12,0,0,2,-1,2.483455757253812,-1.588300439261606
247,1971,2,3,36715.0,1,0,2012-11-17,16,172,10,125,21,13,16,6,7,2,4,9,0,0,0,0,0,0,1,55,4793,2,357,13,0,1,0,9,-1.5368732624771622,0.3402269704901734
8707,1956,2,3,79456.0,0,0,2012-08-22,12,565,42,548,64,83,99,1,5,6,4,3,0,0,0,0,0,0,1,70,4880,1,1401,15,0,0,2,-1,3.29921044226325,-0.4058940355324969
9523,1982,2,5,40479.0,1,0,2013-08-17,95,5,0,8,2,0,0,1,0,0,3,4,0,0,0,0,0,0,0,44,4520,2,15,3,0,1,0,1,-2.8461019605714633,-2.3534072358732496
6072,1970,3,4,75345.0,0,0,2013-02-02,16,918,57,842,99,38,133,1,5,8,6,3,0,0,0,1,0,0,1,56,4716,1,2087,19,1,0,1,-1,5.567302987865156,-1.0120510945036003
6295,1977,2,3,54233.0,0,1,2013-02-04,46,652,8,158,21,0,142,4,11,6,5,8,0,0,0,0,0,0,0,49,4714,2,981,22,0,1,2,-1,1.1540307757149026,1.647491854483303
10914,1970,2,4,24163.0,1,1,2013-10-12,3,4,1,7,2,1,2,2,1,0,3,4,0,0,0,0,0,0,0,56,4464,3,17,4,0,2,3,0,-3.5563395027798084,0.1940717392094817
1509,1958,4,5,84460.0,0,0,2013-01-04,80,152,27,103,106,54,81,0,9,9,4,5,0,1,1,1,1,0,1,68,4745,1,523,22,4,0,1,-1,5.632154986307946,-0.3005348127934162
5577,1983,2,5,43776.0,1,0,2014-05-03,77,8,0,9,2,1,3,1,1,0,2,6,0,0,0,0,0,0,0,43,4261,2,23,3,0,1,0,1,-3.018696225458792,-2.414009576581317
7348,1958,4,4,71691.0,0,0,2014-03-17,0,336,130,411,240,32,43,1,4,7,5,2,0,0,0,0,0,0,1,68,4308,1,1192,16,0,0,1,-1,3.6751816905809074,-0.9594921671574352
1127,1973,4,3,85844.0,0,0,2014-05-29,62,938,19,843,25,95,38,1,6,6,7,2,0,0,1,0,0,0,0,53,4235,1,1958,19,1,0,1,-1,5.0631107406376525,-1.2808420071997377
1833,1974,4,4,39190.0,1,0,2014-04-26,91,68,8,18,19,8,12,2,2,1,4,5,0,0,0,0,0,0,0,52,4268,2,133,7,0,1,0,1,-2.1633647805795198,-1.1913447373031105
4944,1959,2,5,71367.0,0,0,2013-08-23,24,227,23,389,42,21,75,1,4,5,7,2,0,0,0,0,0,0,0,67,4514,1,777,16,0,0,2,-1,1.9634129662551982,-0.8242266834066353
9080,1972,4,4,38578.0,1,1,2013-06-22,2,38,4,22,3,3,3,3,3,0,3,8,0,0,0,0,0,0,0,54,4576,3,73,6,0,2,3,0,-3.4351186750837943,0.983554046810211
6466,1965,4,3,57236.0,1,1,2014-03-12,22,105,0,9,2,1,4,3,2,1,4,3,0,0,0,0,0,0,0,61,4313,3,121,7,0,2,3,0,-2.675229499516779,1.235762898507048
9964,1979,2,4,61825.0,0,1,2013-08-07,56,162,50,100,55,30,27,1,4,2,8,4,0,0,0,0,0,0,0,47,4530,2,424,14,0,1,2,-1,0.08633871049078905,-0.3999018105187414
4790,1958,2,2,79803.0,0,1,2014-06-02,54,574,8,216,21,16,33,1,4,3,5,1,0,0,0,0,0,0,0,68,4231,2,868,12,0,1,2,-1,0.6434846168697868,0.7705365715639584
10245,1986,0,4,80910.0,0,0,2012-10-31,71,160,80,369,67,39,41,1,3,3,8,1,0,0,0,0,0,0,0,40,4810,1,756,14,0,0,2,-1,2.0159423720464855,-2.8174543197675543
1109,1982,3,5,27590.0,1,0,2013-04-23,38,6,0,5,0,0,1,1,1,0,2,7,0,0,0,0,0,0,0,44,4636,2,12,3,0,1,0,1,-3.206796393105038,-2.1141881496495403
6001,1979,2,3,56775.0,0,1,2013-01-02,62,614,35,160,58,35,35,2,5,8,10,5,0,0,0,0,0,0,0,47,4747,2,937,23,0,1,2,-1,1.748559660344687,0.6393399140277561
5538,1975,2,2,83829.0,0,0,2013-10-08,78,897,161,430,186,161,27,0,4,7,6,1,1,0,1,1,0,0,1,51,4468,1,1862,17,3,0,1,-1,7.321153109371142,-2.797687920194679
10552,1979,0,3,54210.0,0,1,2013-05-20,18,70,54,109,80,9,45,2,4,1,7,5,0,0,0,0,0,0,0,47,4609,2,367,12,0,1,2,-1,-0.38125730513575273,-0.6396068526767722
1545,1986,2,3,38508.0,1,0,2013-08-02,95,120,19,206,25,19,54,6,7,2,5,8,0,0,0,0,0,0,0,40,4535,2,443,14,0,1,0,-1,-1.137050407216801,-0.5605143138261667
7409,1970,2,5,53187.0,1,0,2013-10-26,66,211,2,30,7,7,10,2,4,1,6,5,0,0,0,0,0,0,0,56,4450,2,267,11,0,1,0,1,-1.4620803236937263,-0.627255880234649
4444,1972,2,3,30023.0,1,0,2014-03-24,28,11,0,16,7,6,21,1,2,0,3,8,0,0,0,0,0,0,0,54,4301,2,61,5,0,1,0,1,-2.892485494866844,-1.590642603726566
146,1960,4,4,76045.0,0,0,2013-11-15,78,760,53,400,17,93,0,1,4,5,11,2,0,0,0,1,0,0,0,66,4430,1,1323,20,1,0,1,-1,4.197523242967903,-0.47810441075801496
6271,1952,4,3,50870.0,0,1,2014-06-19,13,53,0,8,0,0,2,1,2,0,3,5,0,0,0,0,0,0,0,74,4214,2,63,5,0,1,3,3,-2.108292098510899,0.6246962683853612
10065,1970,0,3,15315.0,0,0,2013-08-03,27,7,4,13,15,8,17,2,2,0,4,5,0,0,0,0,0,0,0,56,4534,1,64,6,0,0,0,2,-1.6286241052903025,-2.4528566975935564
4741,1974,0,3,65463.0,1,0,2014-01-30,17,391,32,70,21,32,16,2,6,2,9,5,0,1,0,0,0,0,0,52,4354,2,562,17,1,1,2,-1,0.5389052959597572,-0.4226055889019152
246,1965,2,3,66480.0,1,1,2014-05-31,71,199,9,57,20,21,6,7,4,1,7,4,0,0,0,0,0,0,0,61,4233,3,312,12,0,2,3,-1,-1.8113508841066879,2.160151765136749
375,1954,2,2,76773.0,0,0,2013-02-25,79,516,56,449,86,33,16,1,2,2,11,1,0,0,0,0,0,0,0,72,4693,1,1156,15,0,0,2,-1,2.7094200348531854,-0.548096204120136
1524,1983,0,4,81698.0,0,0,2013-03-01,1,709,45,115,30,160,45,1,8,2,5,5,0,0,0,1,0,0,1,43,4689,1,1104,15,1,0,1,-1,3.197837849927027,-2.253660563619052
10022,1973,4,4,54466.0,1,1,2014-02-09,78,12,0,4,0,0,0,1,1,0,2,5,0,0,0,0,0,0,0,53,4344,3,16,3,0,2,3,0,-3.469563621072606,0.19232455781809546
7451,1960,3,4,98777.0,0,0,2014-02-17,23,1000,19,711,125,115,38,0,4,6,9,1,0,1,0,0,0,0,0,66,4336,1,2008,19,1,0,1,-1,5.555676101321515,-0.34532074101427723
11010,1984,4,4,16269.0,1,0,2013-08-30,75,19,3,18,3,1,0,3,3,0,3,8,0,0,0,0,0,0,0,42,4507,2,44,6,0,1,0,1,-3.0870020251097428,-1.5262866820878762
4356,1971,2,5,71819.0,0,1,2013-08-28,70,1224,28,140,0,14,168,3,3,3,5,6,0,1,1,0,0,0,0,55,4509,2,1574,11,2,1,1,-1,2.7060447797970717,0.9783012921729454
3885,1983,4,3,33569.0,1,0,2013-10-16,10,16,2,18,3,0,24,1,1,1,2,8,1,0,0,0,0,0,1,43,4460,2,63,4,1,1,0,6,-2.6596384557190205,-2.2237742321230165
1175,1983,3,3,36262.0,0,0,2013-09-20,24,88,39,54,64,28,153,1,3,5,3,6,1,0,0,0,0,0,1,43,4486,1,426,11,1,0,0,-1,0.7062015314814528,-2.700104417291565
880,1966,1,5,22634.0,0,0,2013-01-16,47,2,23,11,8,6,46,1,2,1,2,8,0,0,0,0,0,0,0,60,4733,1,96,5,0,0,0,2,-1.6069707311953445,-2.079391476014152
2320,1978,0,3,47025.0,0,1,2013-09-12,98,508,11,59,23,5,29,5,11,1,6,9,0,0,0,0,0,0,0,48,4494,2,635,18,0,1,2,-1,-0.3853478497842916,1.0580629106129067
850,1968,2,4,70566.0,0,1,2013-10-06,4,381,28,215,84,28,21,2,6,5,9,3,0,0,0,0,0,0,0,58,4470,2,757,20,0,1,2,-1,1.4469352435150435,0.8760441706269039
4713,1979,4,3,31605.0,1,0,2012-11-22,15,74,0,42,2,1,6,2,2,1,4,7,0,0,0,0,0,0,0,47,4788,2,125,7,0,1,0,1,-2.50841949622179,-1.2557259176491902
675,1973,3,2,52034.0,1,1,2013-05-17,67,146,0,93,7,13,73,5,4,2,5,7,0,0,0,0,0,0,0,53,4612,3,332,11,0,2,3,0,-2.1225227531143185,1.669151135458244
5025,1979,2,4,48526.0,1,0,2013-12-24,32,23,17,23,43,20,9,1,2,1,4,3,0,0,0,0,0,0,0,47,4391,2,135,7,0,1,0,1,-1.7550226024686193,-1.9938136117792788
2308,1954,2,3,46734.0,0,1,2012-11-18,40,110,5,137,26,23,29,2,6,1,5,7,0,0,0,0,0,0,0,72,4792,2,330,12,0,1,3,5,-0.8287805474838018,1.3818679108295904
5995,1962,2,2,39552.0,1,1,2012-12-18,54,165,3,147,4,24,41,7,6,2,5,8,0,0,0,0,0,0,1,64,4762,3,384,13,0,2,3,0,-2.029883926631546,2.735403994762959
6749,1966,2,4,86358.0,1,1,2012-08-08,78,957,47,494,82,47,95,4,5,3,6,8,0,0,0,0,0,0,0,60,4894,3,1722,14,0,2,2,-1,1.2421764459271822,2.601821616388596
1010,1977,2,5,46931.0,2,1,2014-04-24,94,41,0,17,3,1,16,2,1,1,3,3,0,0,0,0,0,0,0,49,4270,4,78,5,0,3,3,-1,-4.071222445795639,0.7883684278068614
8977,1985,1,4,16581.0,0,0,2013-01-12,51,1,3,4,2,3,11,1,0,0,3,4,0,0,0,0,0,0,0,41,4737,1,24,3,0,0,0,-1,-2.0166283949789086,-3.572853773831151
4756,1952,0,2,63998.0,0,0,2013-12-20,42,176,29,818,0,33,112,1,7,6,11,4,0,0,0,0,0,0,1,74,4395,1,1168,24,0,0,2,-1,3.3177410437751083,-0.056709949979482976
3412,1951,3,3,67381.0,0,1,2013-01-15,67,815,8,53,11,0,70,4,2,2,9,7,0,1,0,0,0,0,0,75,4734,2,957,13,1,1,2,-1,0.8414253770383787,2.679099748733578
606,1967,2,4,25930.0,1,1,2013-10-10,87,6,1,2,2,0,4,1,1,0,2,7,0,0,0,0,0,0,0,59,4466,3,15,3,0,2,3,0,-3.847242395024431,0.29354594407103973
5961,1978,2,3,42693.0,1,0,2014-06-07,29,8,4,20,6,3,16,1,1,0,3,5,0,0,0,0,0,0,0,48,4226,2,57,4,0,1,0,1,-2.6983135595065977,-2.146212489958907
2975,1976,2,5,85606.0,0,1,2012-11-12,89,717,42,864,219,30,84,2,6,7,9,3,0,0,0,1,0,0,0,50,4798,2,1956,22,1,1,1,-1,5.213691378762214,0.5553187027427032
2894,1985,2,4,72903.0,0,0,2013-10-29,74,1067,138,750,0,19,39,1,7,5,8,4,0,1,1,1,0,0,1,41,4447,1,2013,20,3,0,1,-1,6.383384505173432,-1.9698870961517132
7613,1974,0,5,49669.0,1,0,2014-05-24,97,166,5,107,11,8,29,2,5,1,6,6,0,0,0,0,0,0,0,52,4240,2,326,12,0,1,0,-1,-1.3724534464035925,-1.081040891125756
10542,1968,4,3,36778.0,1,1,2012-08-05,63,29,4,34,2,4,4,3,3,0,3,9,0,0,0,0,0,0,0,58,4897,3,77,6,0,2,3,0,-3.4421382645324683,1.408510787599006
8015,1962,4,2,85696.0,0,0,2013-05-03,88,714,76,395,116,0,12,1,4,6,9,1,0,0,0,0,0,0,1,64,4626,1,1313,19,0,0,2,-1,3.478920536833547,-0.40346439640205334
10617,1989,3,2,10979.0,0,0,2014-05-22,34,8,4,10,2,2,4,2,3,0,3,5,0,0,0,0,0,0,0,37,4242,1,30,6,0,0,0,2,-1.9785021071192377,-3.2884162063480074
11166,1961,2,3,49678.0,0,1,2013-02-02,81,229,5,56,3,2,20,2,6,2,4,7,0,0,0,0,0,0,0,65,4716,2,315,12,0,1,3,5,-1.0886037578750938,1.0436237673580524
849,1953,3,5,56129.0,0,1,2013-06-20,65,320,48,133,39,72,48,4,6,2,10,4,0,0,0,0,0,0,0,73,4578,2,660,18,0,1,2,-1,1.0965540713211002,2.2378037281934593
523,1989,2,3,37155.0,1,0,2013-01-31,51,23,0,26,7,15,3,1,2,0,4,5,0,0,0,0,0,0,0,37,4718,2,74,6,0,1,0,1,-2.4997767437053016,-2.412530418476004
4066,1978,0,2,21282.0,1,0,2014-05-11,76,1,5,8,4,8,20,2,2,1,2,6,0,0,0,0,0,0,0,48,4253,2,46,5,0,1,0,1,-2.9032566427007387,-2.1785136634482973
8414,1962,4,4,33419.0,0,1,2013-08-17,76,56,0,12,0,0,18,2,2,0,4,7,0,0,0,0,0,0,0,64,4520,2,86,6,0,1,3,3,-2.2858131947252622,0.4858252506851669
819,1945,2,6,63285.0,0,0,2013-11-05,84,508,124,249,50,38,134,1,6,5,13,3,0,0,0,0,0,0,0,81,4440,1,1103,24,0,0,2,-1,3.8967634118169214,0.7961169316660586
4961,1974,3,5,21255.0,1,0,2014-01-21,56,29,0,25,2,2,3,4,2,1,4,4,0,0,0,0,0,0,0,52,4363,2,61,7,0,1,0,1,-2.5373137898018343,-1.0649924438473204
749,1981,2,5,42162.0,1,0,2013-11-19,31,46,7,59,2,4,27,2,3,1,3,6,1,0,0,0,0,0,1,45,4426,2,145,7,1,1,0,6,-1.954729167295233,-1.9062949444004227
5430,1956,2,5,54450.0,1,1,2012-09-14,0,454,0,171,8,19,32,12,9,2,8,8,0,0,0,0,0,0,0,70,4857,3,684,19,0,2,3,-1,-0.9562792296489059,4.727994673046635
7755,1954,4,3,57744.0,0,1,2013-11-12,91,350,3,39,0,0,19,2,9,1,4,8,0,0,0,0,0,0,0,72,4433,2,411,14,0,1,3,-1,-0.7982269354572707,2.028293893795424
10525,1986,2,4,26576.0,1,0,2012-10-13,40,10,0,8,0,0,9,1,1,0,2,9,1,0,0,0,0,0,1,40,4828,2,27,3,1,1,0,-1,-3.0277094978679866,-2.5244497459129263
1453,1943,4,6,57513.0,0,0,2013-07-06,59,735,40,183,52,20,30,2,9,3,13,6,0,0,0,0,0,0,0,83,4562,1,1060,25,0,0,2,-1,2.842094917452788,1.794273718705762
8310,1964,2,5,68142.0,0,1,2012-08-29,96,897,126,196,91,112,37,3,10,4,7,6,0,0,0,0,0,0,0,62,4873,2,1459,21,0,1,2,-1,3.126798489901797,2.003806283136283
10710,1979,2,3,7500.0,0,1,2012-08-29,61,5,2,3,3,0,5,1,1,0,2,8,0,0,0,0,0,0,0,47,4873,2,18,3,0,1,0,-1,-3.118650006614787,-1.1813100175312221
5031,1974,2,5,83145.0,0,0,2012-09-22,14,777,35,731,39,137,114,1,5,9,11,2,0,0,1,0,0,0,1,52,4849,1,1833,25,1,0,1,-1,6.169786796688988,-1.0664998815716893
2613,1960,3,3,54197.0,0,1,2014-04-03,16,162,6,37,6,13,13,2,1,3,6,1,0,0,0,0,0,0,0,66,4291,2,237,10,0,1,3,3,-0.8272341755429402,0.3919322615038731
213,1963,4,4,23091.0,1,1,2014-05-28,98,35,0,11,0,0,2,4,2,1,3,7,0,0,0,0,0,0,0,63,4236,3,48,6,0,2,3,0,-3.5642447052577273,1.4308093518207692
967,1976,2,3,46049.0,1,1,2013-07-21,11,342,9,112,19,14,19,10,5,2,9,7,0,0,0,0,0,0,1,50,4547,3,515,16,0,2,3,-1,-1.6235995198877549,2.534397259224175
1077,1974,2,5,56715.0,0,0,2012-12-05,52,258,105,239,237,172,9,1,7,3,4,4,0,0,0,0,0,0,0,52,4775,1,1020,14,0,0,2,-1,3.1143199369356482,-1.9565420508768965
7959,1961,2,3,79410.0,0,0,2014-05-29,19,658,80,483,123,13,13,1,3,2,5,1,0,0,0,0,0,0,0,65,4235,1,1370,10,0,0,2,-1,2.4669414575387982,-1.47240445800359
640,1951,2,3,57304.0,0,1,2013-03-11,61,356,80,329,138,17,106,2,7,6,10,5,0,0,0,0,0,0,0,75,4679,2,1026,23,0,1,2,-1,2.6559915069341784,2.2302624008193677
4252,1965,2,3,44375.0,0,1,2014-03-23,73,213,5,28,7,7,41,1,4,1,6,5,0,0,0,0,0,0,0,61,4302,2,301,11,0,1,3,3,-1.089586597756469,0.25750183637555724
8432,1956,2,5,54450.0,1,1,2012-09-14,0,454,0,171,8,19,32,12,9,2,8,8,0,0,0,0,0,0,0,70,4857,3,684,19,0,2,3,-1,-0.9562792296489059,4.727994673046635
6218,1965,2,3,59594.0,0,1,2012-10-20,74,457,4,29,0,0,9,1,8,1,7,7,0,1,0,0,0,0,0,61,4821,2,499,16,1,1,2,-1,0.1956001532051223,1.4635511142984703
6905,1994,2,5,80685.0,0,0,2012-08-22,55,241,45,604,34,26,54,1,6,4,10,2,0,0,0,0,0,0,0,32,4880,1,1004,20,0,0,2,-1,2.701969092819449,-2.3280466905413633
5922,1974,4,3,40344.0,0,1,2013-10-13,48,210,0,6,0,0,2,2,4,1,5,7,0,0,0,0,0,0,0,52,4463,2,218,10,0,1,3,3,-1.7474265990404367,0.15720869492117157
3598,1972,2,3,62710.0,0,1,2013-05-23,53,441,35,83,7,29,11,4,4,2,12,4,0,0,0,0,0,0,0,54,4606,2,606,18,0,1,2,-1,0.4645817558243799,1.01452601187508
6116,1968,0,3,48985.0,0,1,2013-07-05,13,19,13,18,10,7,8,1,1,1,3,3,0,0,0,0,0,0,0,58,4563,2,75,5,0,1,0,-1,-1.8807323840745436,-0.8636904315389671
6263,1968,2,5,35322.0,1,2,2012-08-22,34,28,9,37,12,7,13,3,2,0,4,8,0,0,0,0,0,0,0,58,4880,4,106,6,0,3,3,-1,-3.9550437287732203,2.780340783730183
10486,1948,2,3,77142.0,0,0,2013-05-29,54,476,75,162,29,151,97,1,4,4,8,2,0,0,0,0,0,0,0,78,4600,1,990,16,0,0,2,-1,3.1158164578074263,-0.04575939856146616
2410,1969,2,4,81657.0,0,0,2014-01-22,69,364,40,425,158,60,50,1,3,4,8,1,0,0,0,0,0,0,0,57,4362,1,1097,15,0,0,2,-1,2.9319520210632786,-1.6520642265284158
193,1996,1,3,14421.0,0,0,2014-02-17,81,0,0,2,3,3,8,1,1,0,2,5,1,0,0,0,0,0,0,30,4336,1,16,3,1,0,0,-1,-1.9781213668397668,-4.52112445095732
3363,1974,0,3,20130.0,0,0,2014-03-17,99,0,6,3,7,6,12,1,1,0,3,8,0,0,0,0,0,0,0,52,4308,1,34,4,0,0,0,-1,-2.1621228895918967,-2.9818570215623232
8278,1990,4,3,74214.0,0,0,2012-08-26,3,863,83,547,86,99,33,1,8,2,5,5,0,0,0,0,0,0,0,36,4876,1,1711,15,0,0,1,-1,3.33202727705752,-1.8699886175282077
10660,1957,3,3,66726.0,1,1,2014-01-12,61,349,7,35,0,0,47,3,8,2,4,7,0,1,0,0,0,0,0,69,4372,3,438,14,1,2,3,-1,-0.9657669756233207,2.9233173645785393
8686,1979,1,5,23724.0,1,0,2013-01-08,65,5,23,15,0,18,14,2,2,0,3,8,0,0,0,0,0,0,0,47,4741,2,75,5,0,1,0,1,-2.814747354825855,-1.787975379682441
1604,1960,3,3,47353.0,0,1,2013-11-13,93,184,2,19,8,8,4,3,2,2,6,5,0,0,0,0,0,0,0,66,4432,2,225,10,0,1,3,3,-1.3311578883094466,0.8530128747995337
5907,1952,3,3,33444.0,1,1,2012-11-03,24,8,0,8,0,0,2,1,1,0,2,8,0,0,0,0,0,0,0,74,4807,3,18,3,0,2,3,0,-3.7077128572516496,1.4683239627527698
10669,1981,2,3,54386.0,0,1,2013-05-17,8,277,21,64,62,21,25,2,3,2,10,3,0,0,0,0,0,0,0,45,4612,2,470,15,0,1,2,-1,0.0680381341389563,-0.28939088228860266
2918,1981,2,2,28510.0,1,1,2013-04-13,72,44,5,19,0,4,19,3,2,0,4,5,0,0,0,0,0,0,0,45,4646,3,91,6,0,2,3,0,-3.2952729962610414,0.09360997893859643
5735,1991,3,4,90638.0,0,0,2014-02-13,29,1156,120,915,94,144,96,1,3,4,10,1,0,0,1,0,0,0,0,35,4340,1,2525,17,1,0,1,-1,6.6877323239868405,-2.6670406847644323
359,1950,2,5,48070.0,0,1,2013-01-13,33,373,14,83,6,9,19,3,8,2,6,7,0,0,0,0,0,1,0,76,4736,2,504,16,0,1,2,-1,-0.40419599307596327,2.3735249989119045
8387,1957,2,3,43140.0,0,1,2013-01-05,68,134,8,76,6,0,11,1,4,1,5,6,0,0,0,0,0,0,0,69,4744,2,235,10,0,1,3,5,-1.337415207958274,0.7882180862961277
1829,1961,4,2,54959.0,0,1,2013-01-19,55,1148,0,60,0,0,24,3,9,5,4,7,0,1,0,0,0,0,1,65,4730,2,1232,18,1,1,2,-1,1.4034087565285276,2.6727684004872527
3839,1958,1,4,15056.0,1,1,2013-05-03,76,6,12,3,21,6,40,5,2,2,3,5,0,0,0,0,0,0,0,68,4626,3,88,7,0,2,3,0,-3.0090903224822756,1.608406806369874
9392,1971,2,4,26954.0,1,0,2014-05-08,17,4,1,11,0,0,1,1,1,0,2,7,0,0,0,0,0,0,0,55,4256,2,17,3,0,1,0,1,-3.2077556983562996,-1.7996047347831494
2292,1985,2,4,22327.0,1,0,2013-08-02,94,5,4,8,2,0,5,1,1,0,3,5,0,0,0,0,0,0,0,41,4535,2,24,4,0,1,0,1,-2.9783934354574635,-2.458312514216397
10466,1965,2,3,44393.0,1,1,2013-08-22,86,24,2,20,2,2,10,2,1,0,4,4,0,0,0,0,0,0,0,61,4515,3,60,5,0,2,3,0,-3.1181265571541226,0.7216591235546215
9855,1952,4,4,62000.0,0,1,2013-08-25,25,899,0,101,0,0,20,1,6,6,13,4,0,0,0,1,0,0,0,74,4512,2,1020,25,1,1,2,-1,2.6396509306364666,2.424372511665413
4088,1962,4,5,31497.0,0,1,2012-12-06,22,108,1,28,13,1,4,2,3,1,4,8,0,0,0,0,0,0,0,64,4774,2,155,8,0,1,3,3,-1.9958452956056798,0.7504871660783072
5231,1974,0,3,45894.0,0,2,2014-02-27,15,27,2,7,0,2,13,1,1,0,3,5,0,0,0,0,0,0,0,52,4326,3,51,4,0,2,3,-1,-3.1263605681227977,0.4485722596193722
590,1970,3,2,78579.0,0,0,2012-12-22,35,816,66,549,216,66,99,1,5,6,4,3,0,0,0,0,0,0,1,56,4758,1,1812,15,0,0,1,-1,4.26366431183765,-1.158365050339564
8732,1969,3,6,67369.0,0,1,2012-11-17,81,1298,0,70,37,14,42,4,7,4,10,4,0,1,1,0,0,0,1,57,4793,2,1461,21,2,1,1,-1,3.4754747691583763,2.179424623477734
2315,1960,2,2,58401.0,0,1,2014-04-20,55,10,0,11,17,29,29,1,1,2,2,4,0,0,0,0,0,0,0,66,4274,2,96,5,0,1,3,3,-1.6810933928295742,-0.188918380847401
3515,1952,2,4,62307.0,0,1,2014-02-17,94,87,13,34,10,6,10,1,4,0,4,5,0,0,0,0,0,0,0,74,4336,2,160,8,0,1,3,3,-1.3934380877408614,0.8210475987702831
2245,1969,3,3,43641.0,1,1,2013-04-22,50,57,2,51,4,2,23,3,2,1,4,6,0,0,0,0,0,0,0,57,4637,3,139,7,0,2,3,0,-2.9261693871326075,1.0675837181381216
6283,1968,3,2,63841.0,0,1,2013-04-21,64,635,15,100,20,7,131,1,9,3,9,6,0,0,0,0,0,0,0,58,4638,2,908,21,0,1,2,-1,1.320585442216686,1.6441183451244583
2246,1965,0,3,46891.0,0,1,2013-09-01,91,43,12,23,29,15,61,1,2,1,4,4,0,0,0,0,0,0,0,61,4505,2,183,7,0,1,3,-1,-1.366965444110724,-0.38992333584412064
6606,1969,3,3,70091.0,1,0,2013-03-31,11,964,34,137,15,0,11,2,5,2,10,8,0,1,0,0,0,0,0,57,4659,2,1161,17,1,1,2,-1,1.1057864084306548,0.789757950547471
5545,1972,4,3,78075.0,0,0,2014-04-05,72,572,8,259,34,35,80,1,3,5,5,1,0,0,0,0,0,0,0,54,4289,1,988,13,0,0,2,-1,1.8713783238741128,-1.4604570249655862
7342,1961,0,6,59184.0,0,1,2012-09-09,6,341,142,113,259,151,66,3,6,6,12,5,0,0,0,0,0,0,0,65,4862,2,1072,24,0,1,2,-1,3.89122844560744,1.359448821471944
837,1977,2,3,54809.0,1,1,2013-09-11,0,63,6,57,13,13,22,4,2,1,5,4,0,0,0,0,0,0,0,49,4495,3,174,8,0,2,3,0,-2.5256441503096636,0.5730874718437038
9500,1959,2,3,58113.0,0,1,2013-01-25,66,221,104,169,102,78,84,3,9,2,8,7,0,0,0,0,0,1,0,67,4724,2,758,19,0,1,2,-1,1.5383733384920657,1.9040797929247428
3602,1958,3,3,51412.0,0,1,2013-12-31,42,140,3,29,4,5,14,2,3,2,4,4,0,0,0,0,0,0,0,68,4384,2,195,9,0,1,3,3,-1.3327736248082276,0.6946123330704159
234,1979,2,2,15287.0,1,0,2012-10-10,60,1,2,8,4,3,13,2,1,1,2,7,1,0,0,0,0,0,1,47,4831,2,31,4,1,1,0,6,-2.776432996197387,-2.0292899687431127
2995,1957,3,5,66636.0,0,0,2013-08-17,64,291,10,689,84,10,0,1,3,4,9,1,0,0,0,0,0,0,0,69,4520,1,1084,16,0,0,2,-1,2.3693848506141975,-0.737352162545095
1118,1956,3,3,50965.0,0,1,2013-02-20,87,544,13,85,8,6,29,3,10,4,5,8,1,0,0,0,0,0,0,70,4698,2,685,19,1,1,2,-1,0.5679992913754265,2.2452013983135517
7789,1965,4,3,84618.0,0,0,2013-11-22,96,684,100,801,21,66,0,1,6,9,10,2,0,0,1,0,0,0,0,61,4423,1,1672,25,1,0,1,-1,5.619530776846974,-0.6088522179862375
3068,1990,2,3,18351.0,0,0,2013-10-29,1,1,12,9,0,14,7,1,2,0,3,7,0,0,0,0,0,0,0,36,4447,1,43,5,0,0,0,2,-2.0225379468341638,-3.5977157816369174
8955,1957,4,5,40451.0,0,2,2014-02-16,54,35,0,4,0,0,10,1,1,1,2,5,1,0,0,0,0,0,0,69,4337,3,49,4,1,2,3,-1,-2.6631249233654044,1.7788790048061405
945,1965,2,5,36317.0,0,1,2013-05-22,53,87,3,25,3,2,13,2,3,0,4,7,0,0,0,0,0,0,0,61,4607,2,133,7,0,1,3,3,-2.0978889662636973,0.20833692907159373
5644,1957,2,5,42213.0,0,1,2013-10-12,96,309,3,24,4,3,20,2,5,1,7,7,0,1,0,0,0,0,0,69,4464,2,363,13,1,1,3,-1,-0.4190006957598142,1.502719601882107
7192,1955,2,5,65748.0,0,1,2013-04-15,58,172,73,93,95,78,34,2,2,4,10,1,0,0,0,0,0,1,0,71,4644,2,545,16,0,1,2,-1,1.3201716051569667,1.1773864604529192
2324,1972,2,5,77044.0,0,1,2013-10-27,12,625,38,242,50,34,76,2,7,11,11,4,1,0,0,0,0,0,0,54,4449,2,1065,29,1,1,2,-1,3.3685065819462725,1.245684853498878
697,1969,2,5,74918.0,0,0,2013-03-12,78,972,59,913,25,19,59,1,5,9,6,3,0,0,1,0,0,0,0,57,4678,1,2047,20,1,0,1,-1,5.189033143960923,-1.0887810341340747
3439,1972,2,3,56721.0,1,1,2012-10-31,64,157,6,39,6,13,75,5,4,1,5,6,0,0,0,0,0,0,0,54,4810,3,296,10,0,2,3,0,-2.1309772479354425,1.6474110817427532
1506,1975,2,4,42160.0,1,1,2013-06-28,26,48,9,45,3,15,20,4,2,1,4,6,0,0,0,0,0,0,1,51,4570,3,140,7,0,2,3,0,-2.951547511409108,0.6887829852045555
232,1965,2,4,61559.0,0,1,2013-07-17,8,279,83,88,32,14,34,1,4,2,10,3,0,0,0,0,0,0,0,61,4551,2,530,16,0,1,2,-1,0.6478405517894043,0.5817829456623717
8876,1963,4,5,33629.0,1,1,2012-08-08,49,132,0,16,0,0,4,5,3,1,4,9,0,0,0,0,0,0,0,63,4894,3,152,8,0,2,3,-1,-3.188973807335105,2.2198784754831884
4500,1991,4,5,68682.0,0,0,2013-10-06,56,919,0,505,99,30,45,1,4,9,10,2,0,0,0,0,0,0,0,35,4470,1,1598,23,0,0,1,-1,3.757561517752472,-1.7802807691068083
9739,1963,2,4,34377.0,0,1,2013-01-19,55,62,0,22,3,1,26,2,2,2,2,7,0,0,0,0,0,0,0,63,4730,2,114,6,0,1,3,3,-2.165462731498955,0.20102100388581487
10395,1986,1,4,8940.0,1,0,2012-08-22,25,1,45,3,4,6,42,3,3,1,3,8,0,0,0,0,0,0,0,40,4880,2,101,7,0,1,0,1,-2.618251908372917,-1.8850947534676865
1176,1973,2,3,26228.0,1,0,2013-09-22,50,2,6,4,3,1,9,1,1,0,2,8,0,0,0,0,0,0,0,53,4484,2,25,3,0,1,0,1,-3.2113285907964535,-1.7733712034184586
1627,1957,0,2,77297.0,0,0,2013-01-26,84,408,61,109,48,122,41,1,5,7,9,4,0,0,0,1,0,0,0,69,4723,1,789,21,1,0,1,-1,3.7599558604656775,-0.7378130623201193
938,1981,2,3,40211.0,1,1,2013-07-30,30,51,1,7,2,1,25,2,2,1,2,8,1,0,0,0,0,0,0,45,4538,3,87,5,1,2,3,-1,-3.203233434110062,-0.27010976035110207
2740,1958,4,6,33438.0,1,1,2013-09-22,81,62,1,16,3,2,6,4,2,1,4,5,0,0,0,0,0,0,0,68,4484,3,90,7,0,2,3,0,-3.0067411275352973,1.908070738528801
257,1959,4,3,75032.0,0,1,2013-04-28,74,952,12,180,47,12,12,2,5,4,9,3,0,0,0,0,0,0,0,67,4631,2,1215,18,0,1,2,-1,1.6566656898587324,1.9887369127059533
4058,1955,4,4,61284.0,0,0,2013-10-12,76,618,15,106,20,7,45,1,11,2,8,6,0,1,0,0,0,0,0,71,4464,1,811,21,1,0,2,-1,2.288219016768178,0.9641321340910951
7736,1986,2,3,22518.0,1,0,2012-10-22,36,11,7,12,2,2,27,2,2,1,2,5,1,0,0,0,0,0,1,40,4819,2,61,5,1,1,0,6,-2.394486511492825,-2.3508111286670026
8210,1975,3,3,54730.0,0,1,2013-08-15,64,318,3,17,4,7,56,5,4,1,8,4,0,0,0,0,0,0,0,51,4522,2,405,13,0,1,3,7,-0.6683080137936745,0.804888663346877
833,1955,3,3,38452.0,1,1,2014-03-30,62,56,0,14,0,0,2,3,3,0,3,7,0,0,0,0,0,0,0,71,4295,3,72,6,0,2,3,0,-3.3451533205376087,1.734729438305314
6230,1971,2,2,44421.0,1,1,2013-02-15,53,110,5,59,7,1,7,5,5,0,4,8,0,0,0,0,0,0,0,55,4703,3,189,9,0,2,3,0,-2.943103563764501,1.5402206125786326
7325,1986,4,5,38197.0,1,0,2013-06-29,86,23,0,11,2,1,3,1,1,0,3,5,0,0,0,0,0,0,0,40,4569,2,40,4,0,1,0,1,-2.794047510177343,-2.1602021847383663
1307,1978,2,2,41986.0,0,1,2014-02-09,15,27,5,8,8,3,12,3,3,0,4,4,0,0,0,0,0,0,0,48,4344,2,63,7,0,1,0,7,-2.0562757851234976,-0.6739080028230009
1502,1983,2,5,28427.0,1,0,2013-03-21,67,18,3,19,3,3,6,2,2,0,3,8,0,0,0,0,0,0,0,43,4669,2,52,5,0,1,0,1,-2.99828386568773,-1.8778792443890757
6211,1976,4,5,37395.0,1,0,2014-05-02,47,18,0,9,0,1,11,1,1,0,3,6,0,0,0,0,0,0,0,50,4262,2,39,4,0,1,0,1,-2.855433668309759,-1.6948029589360865
843,1971,2,3,64722.0,1,0,2014-05-26,47,303,0,280,60,147,15,4,8,2,11,6,0,0,0,0,0,0,0,55,4238,2,805,21,0,1,2,-1,1.1695666087799428,0.32523585001286187
4174,1956,3,5,55249.0,0,1,2014-04-17,81,97,1,19,2,0,11,1,2,1,4,3,0,0,0,0,0,0,0,70,4277,2,130,7,0,1,3,3,-1.5396443851012487,0.45090138260654183
9757,1972,2,5,84906.0,0,0,2013-10-04,98,997,15,414,99,30,76,1,5,6,12,2,0,1,1,0,1,0,0,54,4472,1,1631,23,3,0,1,-1,6.302828760723893,-0.7277925324626194
6918,1989,2,3,28691.0,1,0,2013-07-04,56,5,4,13,8,0,4,1,1,0,3,8,0,0,0,0,0,0,0,37,4564,2,34,4,0,1,0,1,-3.169820068616607,-2.597756928118445
286,1952,2,4,44213.0,1,1,2013-11-29,48,95,11,35,0,4,7,4,2,1,5,6,0,0,0,0,0,0,0,74,4416,3,152,8,0,2,3,0,-2.7539576608460243,2.079317920301499
11086,1984,1,4,25707.0,1,0,2014-01-18,18,1,6,2,3,6,3,1,1,0,3,7,0,0,0,0,0,0,0,42,4366,2,21,4,0,1,0,1,-3.125951600123437,-2.585916308093024
1921,1967,4,3,59062.0,2,1,2013-10-03,74,46,1,12,3,0,9,2,2,0,3,4,0,0,0,0,0,0,0,59,4473,4,71,5,0,3,3,-1,-3.983477543057535,1.8364096205468008
4138,1962,2,4,76624.0,0,1,2014-05-24,68,411,106,147,54,115,66,1,5,10,7,1,1,0,0,0,0,0,0,64,4240,2,899,22,1,1,2,-1,3.304333784138906,0.681065798275416
7718,1947,3,5,66000.0,0,0,2014-04-20,36,244,51,270,101,0,45,1,1,3,5,1,0,0,0,0,0,0,0,79,4274,1,711,9,0,0,2,-1,1.2791443167998406,-0.7936331341380355
1291,1978,4,5,27683.0,1,0,2012-08-04,90,152,9,121,12,12,45,4,6,2,4,8,0,0,0,0,0,0,0,48,4898,2,351,12,0,1,0,-1,-1.5373950277764161,-0.1708758294873728
6862,1971,2,2,1730.0,0,0,2014-05-18,65,1,1,3,1,1,1,15,0,0,0,20,0,0,0,0,0,0,0,55,4246,1,8,0,0,0,0,-1,-4.280119959516278,-0.2540359008788545
4136,1992,1,4,7500.0,1,0,2012-12-03,63,10,17,18,8,26,40,4,3,2,2,9,0,0,0,0,0,0,0,34,4777,2,119,7,0,1,0,1,-2.784691922757573,-2.08222605645014
803,1968,2,5,40521.0,1,1,2013-04-05,82,12,0,5,0,0,4,1,0,1,2,5,0,0,0,0,0,0,0,58,4654,3,21,3,0,2,3,0,-3.487791309570983,0.25507083219597654
4298,1973,4,5,20427.0,1,0,2014-03-24,63,5,0,4,0,0,1,1,1,0,2,8,0,0,0,0,0,0,0,53,4301,2,10,3,0,1,0,1,-3.3356600782867574,-1.5854481401767886
10833,1975,2,3,65106.0,0,1,2014-05-24,55,790,19,133,12,0,19,3,8,3,13,6,0,1,0,0,0,0,0,51,4240,2,973,24,1,1,2,-1,1.839760565723161,1.6035886782924378
9606,1965,4,3,69969.0,0,0,2013-08-27,64,882,29,514,38,29,44,1,4,2,6,3,0,0,1,1,0,0,1,61,4510,1,1536,12,2,0,1,-1,4.059623359241539,-1.3940836822686715
8534,1952,2,3,67433.0,0,2,2013-07-16,51,615,28,259,12,48,30,4,6,5,13,4,0,1,0,0,0,0,0,74,4552,3,992,24,1,2,2,-1,1.9221177210956553,4.639429376599078
5153,1967,4,3,77766.0,0,1,2013-02-22,97,1004,59,265,115,59,27,2,11,10,11,6,1,0,0,0,0,0,1,59,4696,2,1529,32,1,1,2,-1,4.499718614477119,2.4500559731755938
961,1972,2,3,74716.0,0,1,2013-09-12,92,133,27,421,13,195,71,2,7,3,5,4,0,0,0,0,0,0,0,54,4494,2,860,15,0,1,2,-1,1.6271287681241924,0.32405690560665107
5011,1963,2,2,68118.0,0,1,2013-10-18,51,595,23,123,10,23,154,2,8,9,4,6,0,0,0,0,0,0,0,63,4458,2,928,21,0,1,2,-1,1.6149998802960936,1.6837004955006294
6653,1970,4,3,55158.0,1,1,2012-07-30,72,293,0,87,4,11,23,4,7,2,5,7,0,0,0,0,0,0,1,56,4903,3,418,14,0,2,3,-1,-1.7067065000741506,2.3149052375330457
9094,1955,0,3,62972.0,0,1,2012-08-03,39,313,15,47,20,0,192,2,7,4,3,6,0,0,0,0,0,0,1,71,4899,2,587,14,0,1,2,-1,0.3232415393401098,1.601707222920294
810,1975,2,3,74190.0,0,1,2014-05-12,49,151,81,86,168,91,64,2,4,2,11,2,0,0,0,0,0,0,0,51,4252,2,641,17,0,1,2,-1,1.8316735070125805,-0.06555485922006846
5493,1976,2,3,39356.0,1,1,2014-03-19,21,15,0,2,0,0,6,1,1,0,2,6,1,0,0,0,0,0,0,50,4306,3,23,3,1,2,3,-1,-3.407592199952498,-0.521495948953347
2147,1969,2,5,76653.0,0,0,2013-08-16,91,736,63,946,219,189,126,1,4,7,11,2,0,0,1,1,0,0,0,57,4521,1,2279,22,2,0,1,-1,8.239395609642711,-1.6130190040433177
5107,1973,4,2,35860.0,1,1,2014-05-19,37,15,0,8,4,2,20,2,1,1,2,5,1,0,0,0,0,0,0,53,4245,3,49,4,1,2,3,-1,-3.126097224731944,0.06670809572828376
3979,1983,4,2,90687.0,0,0,2013-05-22,98,982,17,672,23,34,51,1,6,2,8,2,0,0,1,0,0,0,1,43,4607,1,1779,16,1,0,1,-1,4.126649179049645,-1.6539497913967611
6049,1982,3,5,73450.0,0,0,2013-12-05,85,1142,51,415,90,69,37,1,7,8,11,3,1,0,0,1,0,0,0,44,4410,1,1804,26,2,0,1,-1,5.820969010260467,-1.3841726352041541
8147,1960,2,3,31454.0,1,1,2013-07-06,40,28,0,11,0,0,9,3,2,0,3,8,0,0,0,0,0,0,0,66,4562,3,48,5,0,2,3,0,-3.6178631052966503,1.303389387237993
1857,1952,2,4,47139.0,1,1,2014-03-06,2,46,0,12,0,2,23,2,2,1,2,7,0,0,0,0,0,0,1,74,4319,3,83,5,0,2,3,0,-3.227109708031047,1.5114741284365178
3910,1975,2,2,83829.0,0,0,2013-10-08,78,897,161,430,186,161,27,0,4,7,6,1,1,0,1,1,0,0,1,51,4468,1,1862,17,3,0,1,-1,7.321153109371142,-2.797687920194679
5207,1963,4,3,53378.0,1,1,2012-09-24,41,489,6,152,8,6,132,10,9,4,6,8,0,0,0,0,0,0,1,63,4847,3,793,19,0,2,3,-1,-0.5335000496871547,4.345899223687544
11114,1970,2,5,19656.0,1,0,2013-02-08,94,25,4,9,6,8,32,3,2,1,3,7,0,0,0,0,0,0,0,56,4710,2,84,6,0,1,0,1,-2.648667662839636,-0.9030234437967877
5429,1948,4,3,45579.0,0,1,2013-08-20,10,145,1,33,2,1,1,1,4,1,4,6,0,0,0,0,0,0,0,78,4517,2,183,9,0,1,3,3,-1.5322105915942326,1.3856008043852686
9400,1958,0,4,85485.0,0,0,2014-06-21,73,630,26,611,44,18,54,1,6,6,6,2,0,0,0,0,0,0,0,68,4212,1,1383,18,0,0,2,-1,3.0725425308683967,-0.7372732688163778
1740,1944,2,3,55956.0,0,0,2014-04-07,22,760,38,104,50,9,38,2,7,3,4,4,0,1,0,0,0,0,0,82,4287,1,999,14,1,0,2,-1,2.091606956575711,0.6218105078758105
7488,1963,3,4,64191.0,0,1,2013-01-22,30,420,15,186,151,38,15,3,5,3,13,3,0,0,0,0,0,0,0,63,4727,2,825,21,0,1,2,-1,1.8094547079837557,1.6281682751677702
195,1972,2,4,38808.0,1,0,2012-08-26,21,125,17,52,3,19,30,4,5,1,4,8,1,0,0,0,0,0,1,54,4876,2,246,10,1,1,0,-1,-1.5055158596533724,-0.48467463209060047
635,1966,3,3,57183.0,1,1,2013-03-19,51,464,5,64,7,0,70,8,9,1,7,8,0,0,0,0,0,0,0,60,4671,3,610,17,0,2,3,-1,-1.2586783635961025,3.50528658884238
7527,1968,3,2,23748.0,1,0,2012-11-21,97,6,6,29,12,15,8,3,2,1,3,8,0,0,0,0,0,0,0,58,4789,2,76,6,0,1,0,1,-2.6813647615826044,-0.6616856653509081
10319,1971,2,3,66303.0,0,1,2013-02-26,56,1090,12,96,16,12,60,4,3,4,11,8,0,1,0,0,0,0,0,55,4692,2,1286,18,1,1,2,-1,1.685430246934146,1.8307538223619657
2296,1975,3,3,37368.0,1,0,2013-12-16,4,3,2,11,2,2,10,1,1,0,2,6,1,0,0,0,0,0,0,51,4399,2,30,3,1,1,0,6,-2.635029359731282,-2.0371464176935796
10637,1964,2,3,40800.0,1,2,2013-01-01,77,24,0,27,8,30,10,2,3,0,3,7,0,0,0,0,0,1,0,62,4748,4,99,6,0,3,3,-1,-3.9135147276091424,2.908700475564512
2931,1978,2,2,71847.0,0,0,2012-09-21,95,737,21,106,55,63,210,0,6,7,9,3,0,0,0,1,0,0,0,48,4850,1,1192,22,1,0,1,-1,4.373890871083133,-1.2552262681488788
907,1975,2,3,46149.0,0,1,2013-11-29,36,254,6,71,4,0,27,5,5,1,7,5,0,0,0,0,0,0,0,51,4416,2,362,13,0,1,3,7,-1.006142869607764,0.5684968131113746
3698,1983,2,5,78687.0,0,0,2012-08-09,13,817,185,687,145,55,241,1,4,6,8,2,0,0,1,0,0,0,1,43,4893,1,2130,18,1,0,1,-1,6.63642909769128,-2.028129537804955
9516,1971,0,2,49118.0,0,0,2012-08-18,90,620,54,239,99,98,119,2,9,7,10,7,0,1,0,0,1,0,1,55,4884,1,1229,26,2,0,1,-1,4.998401676796986,-0.13043352501561004
679,1957,4,3,37633.0,1,1,2012-09-20,49,13,4,20,0,0,1,2,1,0,3,9,0,0,0,0,0,0,0,69,4851,3,38,4,0,2,3,0,-3.6325715986735583,1.6272210777439664
7384,1951,3,5,39767.0,0,0,2013-07-21,18,113,61,204,34,26,47,2,7,1,7,8,0,0,0,0,0,0,0,75,4547,1,485,15,0,0,2,-1,0.6475466922012818,0.07958665097913825
5043,1951,1,3,26997.0,0,0,2012-11-05,89,7,23,78,133,49,144,2,4,2,5,7,0,0,0,0,0,0,0,75,4805,1,434,11,0,0,2,-1,0.6180778339582494,-0.5345780862717727
5267,1970,2,2,33986.0,1,0,2013-03-14,43,16,2,18,2,1,5,1,1,0,3,7,0,0,0,0,0,0,0,56,4676,2,44,4,0,1,0,1,-2.900764918223938,-1.452337114166888
339,1972,4,3,57091.0,0,1,2012-11-23,82,462,0,24,6,0,4,2,9,2,5,7,0,1,0,0,0,0,1,54,4787,2,496,16,1,1,2,-1,0.10745656170654175,1.470631072220095
2516,1969,0,3,46831.0,1,1,2013-06-08,84,22,2,10,6,4,34,2,1,2,2,4,0,0,0,0,0,0,0,57,4590,3,78,5,0,2,3,-1,-2.9953228326486308,0.2380614032122906
9010,1972,3,3,83151.0,0,0,2013-02-10,80,968,147,842,137,42,210,1,5,7,10,2,1,0,1,1,0,0,1,54,4708,1,2346,22,3,0,1,-1,8.353880916206474,-1.3778759103932259
378,1971,2,3,52531.0,0,0,2012-12-30,68,283,112,151,51,72,125,2,7,2,10,6,0,0,0,0,0,0,0,55,4750,1,794,19,0,0,2,-1,2.367978547458217,-0.7765080195516936
4808,1956,2,3,15759.0,0,0,2013-09-05,12,1,2,5,6,0,3,1,1,0,2,7,0,0,0,0,0,0,0,70,4501,1,17,3,0,0,0,2,-2.1494101834874564,-1.758152148012469
5068,1971,2,4,22804.0,1,0,2013-07-31,75,14,1,7,2,1,1,1,2,0,2,9,0,0,0,0,0,0,0,55,4537,2,26,4,0,1,0,1,-3.2358776640255114,-1.472912481335349
7628,1973,0,3,43050.0,1,0,2014-03-18,10,30,5,24,6,3,8,2,2,0,4,5,0,0,0,0,0,0,0,53,4307,2,76,6,0,1,0,1,-2.4784728538671925,-1.737348735334148
7128,1977,4,4,42997.0,1,1,2013-12-07,91,4,0,5,0,1,5,1,1,0,2,7,0,0,0,0,0,0,0,49,4408,3,15,3,0,2,3,0,-3.742518233847429,0.016379333131257806
2811,1963,4,4,48918.0,1,1,2014-04-12,21,52,0,9,0,0,1,2,1,0,4,4,0,0,0,0,0,0,0,63,4282,3,62,5,0,2,3,0,-3.121787565266819,0.9950971808964174
3551,1954,3,5,60033.0,0,1,2014-03-29,28,62,1,57,19,11,48,2,2,1,5,2,0,0,0,0,0,0,0,72,4296,2,198,8,0,1,3,-1,-1.005241168761707,0.7759422606841585
1663,1978,4,5,34043.0,1,0,2013-10-25,97,20,2,14,3,0,10,1,2,0,2,9,0,0,0,0,0,0,0,48,4451,2,49,4,0,1,0,1,-3.0963864774424072,-1.5756174743273395
5543,1966,2,5,57811.0,0,1,2013-06-24,49,545,7,114,37,21,78,5,7,2,11,5,0,1,0,0,0,0,0,60,4574,2,802,20,1,1,2,-1,1.5214297673126422,2.203534768183706
1577,1946,2,3,78569.0,0,0,2014-02-19,14,558,79,622,207,175,95,1,4,6,4,1,0,0,1,0,0,0,1,80,4334,1,1736,14,1,0,1,-1,5.743485042586265,-0.8249900328335171
10641,1978,2,4,7500.0,1,1,2012-12-27,5,6,5,4,13,4,25,4,2,1,3,6,0,0,0,0,0,0,0,48,4753,3,57,6,0,2,3,0,-3.5277320635064005,0.3653294312950702
5336,1971,3,5,157733.0,1,0,2013-06-04,37,39,1,9,2,0,8,0,1,0,1,1,0,0,0,0,0,0,0,55,4594,2,59,2,0,1,0,-1,-1.4084114021650675,-1.382702558248769
6024,1953,2,5,94384.0,0,0,2013-03-04,62,1111,24,790,160,45,172,0,5,8,5,2,0,1,1,1,0,0,1,73,4686,1,2302,18,3,0,1,-1,7.7731710847246696,-0.2761456387589344
1878,1985,0,3,23148.0,0,0,2014-02-18,83,4,6,8,6,3,10,1,2,0,3,7,0,0,0,0,0,0,0,41,4335,1,37,5,0,0,0,-1,-2.0385101062545776,-3.530602505576362
3099,1970,2,2,44267.0,1,1,2013-02-25,48,183,5,65,3,5,49,5,5,2,4,9,0,0,0,0,0,0,0,56,4693,3,310,11,0,2,3,0,-2.4821180659876894,1.8075142054736542
6055,1979,2,3,71626.0,0,0,2012-11-01,94,546,72,376,94,145,72,1,5,5,8,3,0,1,0,0,0,0,0,47,4809,1,1305,18,1,0,1,-1,4.221446550855632,-1.4250481932865868
5841,1966,2,5,60894.0,0,1,2013-06-28,61,606,7,155,10,0,54,5,10,3,8,7,0,0,0,0,0,0,0,60,4570,2,832,21,0,1,2,-1,0.7085140667186891,2.2581246928669603
3972,1976,2,5,50200.0,1,1,2013-04-03,70,266,6,51,8,6,64,6,7,1,5,8,0,0,0,0,0,0,0,50,4656,3,401,13,0,2,3,0,-2.0273262084792707,1.9620100207256845
4394,1965,4,3,81051.0,0,0,2014-05-23,43,1142,29,249,38,29,14,1,5,5,12,2,0,1,1,0,0,0,0,61,4241,1,1501,22,2,0,1,-1,4.891569061500218,-0.22395606937093399
5758,1982,2,3,65169.0,0,0,2014-01-14,23,1074,0,69,0,0,46,1,10,4,13,6,1,0,1,1,1,0,1,44,4370,1,1189,27,4,0,1,-1,5.301507072214143,-1.3372962006157176
6658,1972,2,5,59868.0,0,1,2013-07-22,37,771,51,154,54,10,154,7,11,2,12,6,0,0,0,0,0,0,0,54,4546,2,1194,25,0,1,2,-1,2.2401714670224395,2.6769703938840417
4603,1960,4,3,65695.0,0,1,2014-01-31,50,371,32,189,0,58,6,2,5,4,10,4,0,0,0,0,0,0,0,66,4353,2,656,19,0,1,2,-1,0.9468323163428465,1.5226791109644464
8427,1956,3,4,64857.0,0,0,2012-11-23,78,556,14,717,210,0,43,1,7,5,10,4,0,0,0,0,0,0,0,70,4787,1,1540,22,0,0,2,-1,3.925980540941424,0.19021244912657284
10260,1965,3,5,45143.0,0,1,2013-08-26,74,202,5,74,11,5,14,3,6,1,5,7,0,0,0,0,0,0,0,61,4511,2,311,12,0,1,3,3,-1.1858818232333337,1.012002606985994
7143,1955,0,5,74805.0,0,1,2013-11-06,14,209,162,209,41,162,37,5,4,7,10,2,0,0,0,0,0,0,0,71,4439,2,820,21,0,1,2,-1,2.931472449034137,1.5224232236688093
8789,1989,0,3,59060.0,1,0,2014-01-11,77,35,40,111,36,40,12,3,3,1,7,4,0,0,0,0,0,0,0,37,4373,2,274,11,0,1,0,-1,-1.061601071821031,-2.127193480113127
6197,1962,4,4,27238.0,1,1,2013-04-20,39,37,0,17,0,0,3,3,3,0,3,9,0,0,0,0,0,0,0,64,4639,3,57,6,0,2,3,0,-3.6052042495690064,1.6176049320353045
4554,1965,2,5,47009.0,0,1,2013-10-01,89,171,45,73,59,10,90,4,3,2,8,4,0,0,0,0,0,0,0,61,4475,2,448,13,0,1,2,-1,-0.05205734491061258,0.8766056315798054
4937,1973,0,3,46094.0,1,1,2014-06-10,62,12,2,20,3,2,5,1,1,0,3,7,0,0,0,0,0,0,0,53,4223,3,44,4,0,2,3,-1,-3.600689668209644,-0.30379525536788227
1920,1972,2,3,40321.0,1,1,2013-07-29,59,44,4,21,6,0,27,2,3,0,3,7,0,0,0,0,0,0,0,54,4539,3,102,6,0,2,3,0,-3.2444087345298156,0.5719258908422705
8749,1984,2,5,37235.0,1,0,2014-02-01,68,20,2,9,4,6,20,1,1,1,2,4,0,0,0,0,0,0,0,42,4352,2,61,4,0,1,0,1,-2.641527591003589,-2.4638695186844264
1650,1960,3,3,81843.0,0,0,2013-04-22,13,779,86,537,34,69,138,1,5,9,12,3,0,0,0,0,0,0,0,66,4637,1,1643,26,0,0,1,-1,5.023120171765836,0.26019038577302017
10377,1958,3,5,46692.0,0,1,2013-06-06,37,170,6,97,24,12,88,3,6,1,5,6,0,0,0,0,0,0,0,68,4592,2,397,12,0,1,3,3,-0.6283545505219224,1.4756506245354324
9206,1968,2,5,77382.0,0,1,2014-01-07,36,491,48,231,112,105,134,2,5,7,12,1,0,0,1,0,0,0,0,58,4377,2,1121,24,1,1,1,-1,4.375603466446896,0.7999432606144967
10971,1977,2,4,37774.0,2,0,2012-09-03,28,173,8,107,7,2,176,4,7,2,3,9,1,0,0,0,0,1,1,49,4868,3,473,12,1,2,0,-1,-1.9355740147694307,0.6743305428274027
6398,1974,1,3,18393.0,1,0,2014-03-29,2,7,10,13,16,0,4,2,3,0,3,8,0,0,0,0,0,0,0,52,4296,2,50,6,0,1,0,1,-2.9693039812217834,-1.6617984247589435
9212,1962,3,3,72828.0,0,1,2013-02-14,17,1205,0,235,19,14,205,6,6,3,13,7,0,0,0,0,0,0,0,64,4704,2,1678,22,0,1,2,-1,2.5873349815067006,3.2699697268136183
7937,1982,2,3,24711.0,0,0,2014-04-18,86,10,7,25,6,3,7,1,3,0,3,7,0,0,0,0,0,0,0,44,4276,1,58,6,0,0,0,-1,-1.8505361764193178,-3.0023507350713703
839,1975,4,3,45503.0,1,0,2013-09-25,54,97,4,44,6,1,18,1,3,1,4,5,0,0,0,0,0,0,0,51,4481,2,170,8,0,1,0,1,-1.9745511012278236,-1.178347610927792
4246,1982,3,4,6560.0,0,0,2013-12-12,2,67,11,26,4,3,262,0,1,0,1,17,0,0,0,0,0,0,0,44,4403,1,373,2,0,0,0,-1,-2.109939622197797,-2.7486428595750665
158,1945,4,5,71604.0,0,0,2013-11-17,3,345,53,528,98,75,97,1,8,3,5,4,1,0,0,0,0,0,1,81,4428,1,1196,16,1,0,2,-1,3.397606254490507,0.25269106556511417
4832,1979,2,3,27244.0,1,0,2014-03-07,84,6,5,17,3,24,46,2,2,2,2,7,0,0,0,0,0,0,0,47,4318,2,101,6,0,1,0,1,-2.545048244827636,-1.8035618463042162
5621,1969,2,3,48752.0,1,1,2012-12-12,8,73,57,100,71,15,0,5,6,1,5,9,0,0,0,0,0,0,1,57,4768,3,316,12,0,2,3,-1,-1.9238999096434886,1.7921336790549662
1945,1962,2,3,71434.0,0,1,2013-09-18,4,711,36,217,172,96,168,3,7,4,7,4,0,1,0,1,0,0,0,64,4488,2,1400,18,2,1,1,-1,4.425940545726892,1.5696079708244113
5147,1948,2,4,90842.0,0,0,2013-07-29,57,774,70,118,182,187,93,1,4,9,13,1,0,0,0,0,0,0,0,78,4539,1,1424,26,0,0,1,-1,5.74001105698692,0.5429727145583078
2535,1978,3,3,88097.0,1,0,2012-08-18,24,163,0,480,0,126,75,1,6,5,8,9,0,1,1,1,0,0,1,48,4884,2,844,19,3,1,1,-1,3.4424034014627223,-0.6137872520217115
11039,1975,2,3,51948.0,0,1,2013-09-17,51,82,33,54,71,30,41,2,5,2,4,5,0,0,0,0,0,0,0,51,4489,2,311,11,0,1,3,-1,-0.6062215187483757,-0.22437023675734108
9495,1982,2,5,71853.0,0,0,2013-05-08,29,358,108,413,141,97,32,1,2,8,6,1,0,0,0,0,0,0,0,44,4621,1,1149,16,0,0,1,-1,3.434138523317744,-2.5500564066198845
9635,1983,3,3,35876.0,0,0,2014-04-20,13,66,2,40,4,3,14,1,3,1,3,6,0,0,0,0,0,0,0,43,4274,1,129,7,0,0,0,2,-1.4448510165492345,-2.876709190871522
2173,1952,2,6,40049.0,0,1,2013-10-16,23,13,6,7,0,3,3,1,1,0,3,6,0,0,0,0,0,0,0,74,4460,2,32,4,0,1,3,3,-2.3555063167209047,0.3604124910732868
942,1982,2,4,39660.0,1,0,2012-08-08,36,139,13,78,20,13,36,3,7,1,3,9,0,0,0,0,0,0,1,44,4894,2,299,11,0,1,0,-1,-1.7473336681104128,-0.8299472105538975
9386,1962,2,5,50127.0,0,1,2014-05-29,88,274,0,21,4,6,15,1,5,1,6,6,0,1,0,0,0,0,0,64,4235,2,320,12,1,1,3,-1,-0.49090535788387585,0.836236952244023
5510,1977,3,3,43263.0,0,1,2012-11-21,2,262,6,61,0,10,102,3,5,2,6,5,0,0,0,0,0,0,0,49,4789,2,441,13,0,1,2,-1,-0.5658577005063502,0.45713880930066364
873,1949,3,3,62845.0,1,1,2012-10-01,3,1099,0,45,0,0,34,11,3,4,10,8,0,1,0,0,0,0,1,77,4840,3,1178,17,1,2,3,-1,0.1344955460556991,5.27158937949303
2253,1990,2,3,18929.0,0,0,2013-02-16,15,32,0,8,23,4,18,1,1,0,4,6,0,0,0,0,0,0,0,36,4702,1,85,5,0,0,0,2,-1.8212032217101402,-3.513513381271713
5181,1982,1,4,24367.0,1,0,2013-03-20,58,2,4,2,0,11,5,1,1,0,2,9,0,0,0,0,0,0,0,44,4670,2,24,3,0,1,0,1,-3.3370454003211294,-2.3160296303112635
979,1975,2,4,33249.0,1,0,2013-02-20,11,6,10,21,19,14,42,2,2,1,3,6,0,0,0,0,0,0,0,51,4698,2,112,6,0,1,0,1,-2.294754890102182,-1.4310800481206563
10390,1959,0,3,26887.0,0,1,2013-02-10,27,6,7,4,3,4,6,1,1,0,3,6,0,0,0,0,0,0,0,67,4708,2,30,4,0,1,3,-1,-2.514163756289326,-0.2887633116540136
4698,1983,4,3,50150.0,0,0,2013-06-20,32,135,46,92,65,61,11,2,5,2,7,5,0,0,0,0,0,0,0,43,4578,1,410,14,0,0,2,-1,0.6515572561440881,-1.9673797681845473
7793,1976,2,5,62061.0,0,1,2013-08-31,12,641,7,84,0,30,38,3,10,4,7,6,0,1,0,0,0,0,0,50,4506,2,800,21,1,1,2,-1,1.3661160756649704,1.4359731951910868
1745,1962,4,2,85696.0,0,0,2013-05-03,88,714,76,395,116,0,12,1,4,6,9,1,0,0,0,0,0,0,1,64,4626,1,1313,19,0,0,2,-1,3.478920536833547,-0.40346439640205334
10590,1956,4,5,76542.0,0,0,2013-03-30,91,794,73,573,0,29,14,1,4,8,10,2,0,0,0,0,0,0,0,70,4660,1,1483,22,0,0,2,-1,3.778386267020438,0.2545472429258769
5080,1993,2,4,70515.0,0,0,2013-10-21,12,420,0,452,182,64,140,1,6,6,4,2,0,0,0,0,0,0,1,33,4455,1,1258,16,0,0,1,-1,3.0805867754791696,-2.7560142255566182
8369,1987,2,5,18227.0,1,0,2012-11-08,21,1,2,7,4,3,11,1,0,1,2,8,0,0,0,0,0,0,0,39,4802,2,28,3,0,1,0,1,-3.288028132069333,-2.545873612851431
5232,1965,2,3,69139.0,0,1,2014-01-27,23,86,12,75,33,15,6,1,4,1,5,4,0,0,0,0,0,0,0,61,4357,2,227,10,0,1,3,3,-0.8987786526487916,0.08533606829929391
2407,1982,2,3,69109.0,0,0,2012-11-09,10,823,25,459,124,29,95,1,6,6,7,4,0,0,1,0,0,0,1,44,4801,1,1555,19,1,0,1,-1,4.282648874240686,-1.8196660816504915
3834,1962,2,4,69627.0,0,1,2013-03-17,35,231,161,215,171,30,53,2,8,2,11,5,0,0,0,0,0,0,0,64,4673,2,861,21,0,1,2,-1,2.5374672663131004,1.389452831927376
7912,1978,2,3,38136.0,1,0,2013-04-22,69,8,15,27,0,20,33,2,3,1,2,8,1,0,0,0,0,0,0,48,4637,2,103,6,1,1,0,6,-2.175052496189131,-1.6846282451538839
7712,1946,4,4,62159.0,0,0,2014-04-28,68,182,17,259,77,70,29,1,6,2,10,4,0,0,0,0,0,0,0,80,4266,1,634,18,0,0,2,-1,1.8893251817316683,0.3132209245609879
1065,1963,2,4,80695.0,0,0,2013-12-29,85,557,129,984,193,37,18,1,5,8,5,2,0,0,0,0,0,0,0,63,4386,1,1918,18,0,0,1,-1,4.909797818385456,-1.1919082016133393
7275,1971,3,4,33316.0,1,1,2013-10-04,34,79,1,31,4,4,12,3,2,1,4,6,0,0,0,0,0,0,0,55,4472,3,131,7,0,2,3,0,-3.101577819896906,0.8351364607960651
1343,1968,2,5,58554.0,1,1,2012-09-26,55,368,24,68,38,0,88,6,8,2,6,7,0,0,0,0,0,0,0,58,4845,3,586,16,0,2,3,0,-0.961131035960311,2.780451649103975
1384,1992,1,3,17256.0,1,0,2013-11-23,10,6,4,14,8,8,22,2,2,1,2,8,1,0,0,0,0,0,0,34,4422,2,62,5,1,1,0,6,-2.7950355648674434,-2.9655895033954622
9967,1974,2,2,53034.0,1,1,2013-05-30,30,160,15,196,15,11,50,8,6,1,7,8,0,0,0,0,0,0,0,52,4599,3,447,14,0,2,3,-1,-1.7919199229046625,2.2600066941240233
6181,1950,0,5,52203.0,0,0,2012-07-31,36,488,21,238,56,108,28,1,8,7,11,6,0,0,0,0,0,0,0,76,4902,1,939,26,0,0,2,-1,3.1396787298084172,0.5162496245200512
10507,1977,0,2,59601.0,0,1,2013-07-25,14,691,7,69,0,7,23,4,2,2,7,8,0,1,0,0,0,0,0,49,4543,2,797,11,1,1,2,-1,-0.14879883493448565,0.3604542985933099
2674,1958,3,4,75154.0,0,1,2012-09-04,79,543,10,205,160,143,82,1,6,3,6,3,0,0,0,0,0,0,1,68,4867,2,1143,15,0,1,2,-1,2.429344667053235,1.40078386872418
2698,1976,2,4,47025.0,0,1,2013-11-07,52,254,7,108,20,0,26,3,6,3,5,6,0,0,0,0,0,0,0,50,4438,2,415,14,0,1,3,3,-0.7378777644131496,0.2738929840789727
3231,1973,2,3,37971.0,1,0,2013-11-25,97,5,4,10,2,2,7,1,1,0,3,8,0,0,0,0,0,0,0,53,4420,2,30,4,0,1,0,1,-2.999201295175198,-1.6534042022346476
4096,1968,3,2,41335.0,1,0,2013-12-26,24,112,19,21,16,14,5,3,4,1,4,7,0,0,0,0,0,0,0,58,4389,2,187,9,0,1,0,1,-1.9827989941184678,-0.5131666000887978
10476,1958,2,3,67267.0,0,1,2014-05-13,0,134,11,59,15,2,30,1,3,2,5,2,0,0,0,0,0,0,0,68,4251,2,251,10,0,1,3,3,-0.7271288007149825,0.3794305623832067
5948,1975,2,4,57338.0,0,1,2014-04-29,96,143,6,52,11,8,17,2,4,1,5,5,0,0,0,0,0,0,0,51,4265,2,237,10,0,1,3,3,-1.2929827596702634,-0.2511632434695885
9140,1960,0,5,50523.0,1,1,2013-12-25,89,51,4,24,4,7,1,2,2,0,4,6,0,0,0,0,0,0,0,66,4390,3,91,6,0,2,3,4,-3.0637957849961106,0.9176498666372259
10258,1965,3,4,35791.0,2,1,2013-05-06,94,27,0,5,0,0,3,2,1,0,3,8,0,0,0,0,0,0,0,61,4623,4,35,4,0,3,3,-1,-4.683100438717351,1.8247742743803133
5675,1960,4,2,50611.0,0,1,2012-10-04,98,459,0,24,6,0,4,6,4,5,7,6,0,1,0,0,0,0,0,66,4837,2,493,16,1,1,2,-1,0.19923061198320027,2.5177145641271843
4743,1969,4,3,56242.0,0,1,2013-03-03,72,689,8,167,11,8,88,5,8,4,11,6,0,0,0,0,0,0,0,57,4687,2,971,23,0,1,2,-1,1.3439454625859504,2.445866845380179
8805,1960,2,4,48904.0,0,1,2012-12-02,1,283,10,38,0,13,27,4,7,2,4,8,0,0,0,0,0,0,0,66,4778,2,371,13,0,1,3,3,-0.9674622108832521,1.60052031395695
1542,1975,2,4,56243.0,1,2,2013-12-30,26,347,0,35,4,3,7,6,4,2,8,5,0,0,0,0,0,0,0,51,4385,4,396,14,0,3,3,-1,-2.540989841093729,3.4052818735133137
6770,1985,2,3,21355.0,1,0,2013-08-20,5,5,13,14,0,5,31,2,2,1,2,6,1,0,0,0,0,0,1,41,4517,2,68,5,1,1,0,6,-2.478440117234776,-2.422559990226137
8773,1971,3,5,57420.0,0,1,2013-06-25,22,280,0,18,0,0,24,3,5,1,6,7,0,1,0,0,0,0,0,55,4573,2,322,12,1,1,3,-1,-0.5782220277492532,0.9728493050534932
10475,1970,3,5,51381.5,0,1,2013-04-01,39,187,5,65,26,20,14,2,4,2,6,5,0,0,0,0,0,0,0,56,4658,2,317,12,0,1,3,-1,-0.7866470006435937,0.41136149801179134
10420,1955,3,2,46390.0,0,1,2014-05-05,56,95,14,64,2,9,38,1,4,2,3,7,0,0,0,0,0,0,0,71,4259,2,222,9,0,1,3,-1,-1.4390376028273002,0.7554112075356081
7514,1956,0,5,54342.0,1,1,2013-07-03,74,84,10,34,11,10,28,4,3,1,4,6,0,0,0,0,0,0,0,70,4565,3,177,8,0,2,3,4,-2.5411380305462106,1.768612911738332
2902,1958,2,5,51381.5,1,1,2012-09-03,87,19,4,12,2,2,6,1,1,0,3,5,0,0,0,0,0,0,0,68,4868,3,45,4,0,2,3,0,-3.1203300298039607,1.1230436813078184
4345,1964,0,4,51381.5,1,1,2014-01-12,49,5,1,9,2,0,4,1,1,0,2,7,0,0,0,0,0,0,0,62,4372,3,21,3,0,2,3,4,-3.6233390315893983,0.241951909790367
793,1973,2,3,20895.0,1,0,2012-10-06,24,18,3,17,3,0,4,1,2,0,3,9,0,0,0,0,0,0,0,53,4835,2,45,5,0,1,0,1,-3.073143834143858,-1.4329157236835568
10909,1948,2,3,92344.0,0,0,2014-01-15,9,992,24,694,51,19,119,0,5,10,5,1,1,0,1,0,0,0,0,78,4369,1,1899,20,2,0,1,-1,5.780036369745768,-0.31041656710521376
3769,1972,4,5,51381.5,1,0,2014-03-02,17,25,1,13,0,0,3,1,1,0,3,7,0,0,0,0,0,0,0,54,4323,2,42,4,0,1,0,1,-2.7875686536050965,-1.3714803350325926
8702,1976,0,5,26907.0,1,1,2013-08-20,10,9,1,7,0,3,2,2,1,0,3,7,0,0,0,0,0,0,0,50,4517,3,22,4,0,2,3,-1,-3.82353809297425,-0.2680446351229026
4791,1980,2,5,44964.0,1,1,2012-12-16,35,19,1,17,2,0,2,1,1,0,3,8,0,0,0,0,0,0,0,46,4764,3,41,4,0,2,3,0,-3.644050956467311,-0.17350420895632826
2963,1979,2,5,75507.0,0,0,2014-05-02,56,709,93,374,104,80,80,1,8,6,6,3,0,0,0,0,0,0,0,47,4262,1,1440,20,0,0,1,-1,3.8467289256461594,-1.5249768966876796
8216,1972,3,3,53761.0,1,1,2013-10-11,7,158,0,76,13,7,71,6,4,4,3,5,0,0,0,0,0,0,0,54,4465,3,325,11,0,2,3,-1,-1.9755459312993005,1.6929541621845094
8140,1973,2,5,22682.0,1,0,2013-10-03,51,10,14,29,4,2,36,3,2,1,4,4,0,0,0,0,0,0,0,53,4473,2,95,7,0,1,0,1,-2.2768489553670017,-1.2346975498627268
10146,1972,4,5,38887.0,1,0,2014-03-02,17,25,1,13,0,0,3,1,1,0,3,7,0,0,0,0,0,0,0,54,4323,2,42,4,0,1,0,1,-2.904783570194332,-1.4214056802901085
5289,1975,0,4,41658.0,1,1,2012-11-09,30,8,4,12,15,4,29,2,1,1,2,4,0,0,0,0,0,0,0,51,4801,3,72,4,0,2,3,-1,-3.1607772733569433,-0.13030629196985136
2587,1972,4,3,29791.0,1,0,2014-05-15,21,14,0,6,0,0,0,2,2,0,3,5,0,0,0,0,0,0,0,54,4249,2,20,5,0,1,0,1,-2.8209372630967726,-1.303297355653461
4405,1956,3,3,63915.0,0,2,2013-07-30,2,622,7,115,30,0,15,2,6,3,12,5,0,0,0,0,0,0,0,70,4538,3,789,21,0,2,2,-1,0.2686171834462561,3.842393334873784
8663,1974,2,2,39996.0,1,1,2014-05-22,85,11,0,3,0,0,1,1,1,0,2,6,0,0,0,0,0,0,0,52,4242,3,15,3,0,2,3,0,-3.7535625557330174,-0.21584262246952426
2589,1972,2,2,26759.0,1,0,2014-02-07,65,25,3,16,8,5,2,2,2,1,3,6,0,0,0,0,0,0,0,54,4346,2,59,6,0,1,0,1,-2.692528556789495,-1.4488226173188967
3421,1968,3,2,63841.0,0,1,2013-04-21,64,635,15,100,20,7,131,1,9,3,9,6,0,0,0,0,0,0,0,58,4638,2,908,21,0,1,2,-1,1.320585442216686,1.6441183451244583
10490,1969,4,3,51039.0,1,1,2012-12-10,11,100,64,79,65,0,109,2,6,2,4,7,0,0,0,0,0,0,0,57,4770,3,417,12,0,2,3,-1,-1.2411724957575825,1.6471106937057165
4094,1961,2,3,60544.0,1,1,2012-08-25,92,201,2,43,3,5,35,4,5,1,5,6,0,0,0,0,0,0,0,65,4877,3,289,11,0,2,3,0,-2.051765018719917,2.2783469979441286
9958,1972,2,3,65685.0,0,1,2014-03-29,54,642,14,49,0,7,57,1,9,2,9,5,0,0,0,0,0,0,0,54,4296,2,769,20,0,1,2,-1,0.725476872538207,0.9864709589938568
2534,1953,2,3,37716.0,0,1,2014-04-21,4,97,1,41,6,2,41,2,4,1,3,7,0,0,0,0,0,0,0,73,4273,2,188,8,0,1,3,-1,-1.7991904149425753,0.841644967786893
4188,1957,2,4,36864.0,0,1,2012-08-13,53,204,5,39,17,0,89,3,5,2,4,8,0,0,0,0,0,0,1,69,4889,2,354,11,0,1,3,-1,-1.0937819107878957,1.462607175423502
6613,1970,3,3,44511.0,1,0,2012-10-12,39,513,7,133,46,14,14,6,8,4,8,8,0,0,0,0,0,0,0,56,4829,2,727,20,0,1,2,-1,0.020720096900564446,1.2048093231569035
10827,1967,4,3,36947.0,1,1,2012-08-07,49,88,3,21,4,1,29,4,3,0,4,9,0,0,0,0,0,0,0,59,4895,3,146,7,0,2,3,0,-3.2102528725244204,1.7691290564991384
5491,1951,3,5,47352.0,0,1,2013-04-11,70,172,12,112,8,0,15,4,6,1,5,7,0,0,0,0,0,0,0,75,4648,2,319,12,0,1,3,3,-1.045087399438306,2.047865897828309
8402,1953,3,3,67087.0,0,1,2013-12-17,40,329,35,222,130,35,43,2,7,5,8,4,0,0,0,0,0,0,0,73,4398,2,794,20,0,1,2,-1,1.7550945079858207,1.8752978939224738
8783,1950,2,3,57045.0,0,1,2012-09-08,40,296,13,104,11,13,17,3,4,2,9,3,0,0,0,0,0,0,0,76,4863,2,454,15,0,1,2,-1,0.04535202887075763,1.9307543947539743
10010,1953,4,2,36957.0,1,1,2012-09-06,43,100,2,16,2,1,31,4,3,2,2,9,0,0,0,0,0,0,1,73,4865,3,152,7,0,2,3,0,-3.087925868630545,2.515782262831745
618,1977,4,3,69389.0,0,1,2012-09-28,17,422,7,238,69,46,15,1,7,2,12,4,0,0,0,0,0,0,0,49,4843,2,797,21,0,1,2,-1,1.426596388045487,0.8646158515573614
9121,1972,2,3,80134.0,1,0,2013-05-20,40,1218,16,272,104,0,80,2,5,3,6,6,0,1,1,1,0,0,1,54,4609,2,1690,14,3,1,1,-1,3.8704722902594657,-0.2205419227293569
361,1969,3,3,43142.0,1,1,2014-02-18,84,5,1,7,2,1,4,1,1,0,2,7,0,0,0,0,0,0,0,57,4335,3,20,3,0,2,3,0,-3.7028219858344618,0.3027338856612721
4310,1944,2,3,80589.0,0,0,2014-01-22,25,507,93,520,242,40,26,1,5,10,5,1,0,0,0,1,0,0,1,82,4362,1,1428,20,1,0,1,-1,5.426516774315554,-0.30296646489994755
2678,1990,2,4,34412.0,1,0,2013-02-13,62,52,12,50,4,36,55,3,5,0,3,9,0,0,0,0,0,0,0,36,4705,2,209,8,0,1,0,1,-2.2517394144342577,-1.6757165515684918
6376,1979,2,4,57537.0,1,0,2013-06-10,83,191,56,139,51,8,100,4,4,3,8,4,0,0,0,0,0,0,0,47,4588,2,545,15,0,1,2,-1,0.09823434858860185,-0.5350225727864456
524,1966,1,5,22634.0,0,0,2013-01-16,47,2,23,11,8,6,46,1,2,1,2,8,0,0,0,0,0,0,0,60,4733,1,96,5,0,0,0,2,-1.6069707311953445,-2.079391476014152
10341,1948,2,5,51315.0,0,0,2014-02-23,45,68,28,39,16,30,41,1,2,2,5,2,0,0,0,0,0,0,0,78,4330,1,222,9,0,0,2,-1,0.02492021886303828,-0.9042391090962061
5654,1972,2,3,36026.0,2,1,2014-03-16,34,20,4,10,6,4,17,2,2,0,3,6,0,0,0,0,0,0,0,54,4309,4,61,5,0,3,3,-1,-4.4091264739930836,1.1459194437494373
4098,1973,2,3,24639.0,1,1,2014-01-28,3,20,3,16,0,4,1,3,2,0,4,6,0,0,0,0,0,0,0,53,4356,3,44,6,0,2,3,0,-3.5248059808539085,0.38323624725682187
5824,1972,4,5,34578.0,2,1,2014-04-11,1,7,0,1,0,0,0,1,1,0,2,6,0,0,0,0,0,0,0,54,4283,4,8,3,0,3,3,-1,-4.7500863540837,1.0218232137930459
7000,1972,0,4,65704.0,0,0,2013-10-13,18,279,172,74,38,8,246,1,2,10,10,1,0,0,0,0,0,0,0,54,4463,1,817,22,0,0,2,-1,3.664094708532615,-1.5669283455144352
2561,1966,2,4,63810.0,0,1,2012-11-11,45,977,12,253,16,12,101,4,4,3,12,8,0,1,0,0,0,0,0,60,4799,2,1371,19,1,1,2,-1,2.088580003739235,2.284873694036542
5229,1969,4,5,54132.0,0,1,2014-02-16,81,30,1,8,0,0,3,1,1,0,3,7,0,0,0,0,0,0,0,57,4337,2,42,4,0,1,3,3,-2.445284116954771,-0.29795224887007526
4086,1959,2,3,18690.0,0,0,2012-12-28,77,6,1,7,23,4,19,1,1,1,2,8,0,0,0,0,0,0,0,67,4752,1,60,4,0,0,0,2,-1.8766393884353398,-1.685612458087966
2428,1970,2,3,28164.0,1,0,2013-05-04,23,3,18,26,11,8,12,3,2,0,4,7,0,0,0,0,0,0,0,56,4625,2,78,6,0,1,0,1,-2.5959337517197056,-1.0057834687860756
8254,1974,4,3,34596.0,1,0,2013-04-13,48,14,0,2,0,0,7,1,1,0,2,8,0,0,0,0,0,0,0,52,4646,2,23,3,0,1,0,1,-3.1372780715163113,-1.4519773345267963
2836,1972,4,3,43269.0,1,0,2013-09-16,61,10,1,7,0,0,1,1,1,0,2,8,0,0,0,0,0,0,0,54,4490,2,19,3,0,1,0,1,-3.081150416031687,-1.3738648881705136
8418,1958,0,4,38741.0,1,1,2014-03-30,60,7,10,17,8,6,13,2,2,0,3,7,0,0,0,0,0,0,0,68,4295,3,61,5,0,2,3,4,-3.354584885992867,0.8624825669531503
1362,1972,2,4,31907.0,0,0,2013-03-04,75,33,87,64,175,16,74,1,6,1,6,7,0,0,0,0,0,0,0,54,4686,1,449,13,0,0,2,-1,0.8516617804262465,-1.73959364374568
7152,1983,3,3,27100.0,1,0,2013-04-05,64,12,0,13,2,0,10,1,1,0,3,7,0,0,0,0,0,0,0,43,4654,2,37,4,0,1,0,1,-3.04888493849869,-2.087660993532021
10033,1973,0,2,31163.0,1,0,2014-02-13,54,2,3,10,11,2,10,1,1,0,3,6,0,0,0,0,0,0,0,53,4340,2,38,4,0,1,0,1,-2.9053811745926907,-2.0861523456790403
9349,1985,2,3,92533.0,0,0,2013-12-19,84,693,21,118,110,147,42,1,6,5,11,2,0,0,1,1,0,0,0,41,4396,1,1131,22,2,0,1,-1,5.389147783133262,-2.291131501935172
274,1973,2,4,34853.0,1,1,2013-12-23,75,9,3,15,2,3,2,2,2,0,3,6,0,0,0,0,0,0,0,53,4392,3,34,5,0,2,3,0,-3.501316116292268,0.250248056403155
3388,1967,2,2,70844.0,1,1,2013-10-30,16,129,26,67,3,67,2,5,6,1,5,7,0,0,0,0,0,0,0,59,4446,3,294,12,0,2,3,-1,-1.7720587372514582,1.8687703329887382
922,1979,0,3,31086.0,1,1,2013-05-04,79,16,2,11,3,0,16,2,1,1,2,8,1,0,0,0,0,0,0,47,4625,3,48,4,1,2,0,-1,-3.4569264886901614,-0.5281266517097905
8588,1961,2,3,60544.0,1,1,2012-08-25,92,201,2,43,3,5,35,4,5,1,5,6,0,0,0,0,0,0,0,65,4877,3,289,11,0,2,3,0,-2.051765018719917,2.2783469979441286
2518,1986,0,5,20491.0,0,0,2013-01-25,16,5,4,5,4,2,10,1,0,1,2,7,0,0,0,0,0,0,0,40,4724,1,30,3,0,0,0,-1,-2.216597040130288,-3.6950304710986206
574,1964,2,3,42523.0,0,0,2014-04-23,96,14,36,11,3,26,35,1,1,1,4,2,0,0,0,0,0,0,0,62,4271,1,125,6,0,0,0,-1,-0.7167983028983023,-2.149851793062365
3220,1983,2,3,39922.0,1,0,2013-02-14,30,29,12,59,19,1,36,2,3,0,4,8,0,0,0,0,0,0,0,43,4704,2,156,7,0,1,0,1,-2.368142159699438,-1.6553556902920947
5967,1952,2,5,33402.0,1,1,2013-07-18,60,26,2,19,10,5,8,3,2,1,3,8,0,0,0,0,0,0,0,74,4550,3,70,6,0,2,3,0,-3.3016419552851297,1.8344734530829272
1183,1949,3,3,36408.0,1,1,2013-09-21,11,9,1,4,3,2,3,1,1,0,2,6,0,0,0,0,0,0,0,77,4485,3,22,3,0,2,3,0,-3.5169404349204583,1.4359244209412352
6856,1979,2,5,21645.0,1,0,2012-09-03,75,14,0,23,4,5,19,3,3,0,3,9,0,0,0,0,0,0,1,47,4868,2,65,6,0,1,0,1,-2.9564714177103504,-1.2462184025816625
4530,1948,3,6,78427.0,0,0,2012-10-24,36,972,19,595,180,26,138,3,3,7,10,3,0,0,0,1,0,0,1,78,4817,1,1930,20,1,0,1,-1,5.596374586743094,0.7754919242310103
1553,1946,2,5,82657.0,0,0,2013-09-27,71,966,168,672,246,105,126,1,7,5,10,4,0,1,0,1,0,0,0,80,4479,1,2283,22,2,0,1,-1,8.020790878549088,0.6199894957035015
4682,1958,2,3,51876.0,0,0,2013-10-15,88,99,27,102,28,48,6,1,2,2,8,1,0,0,0,0,0,0,0,68,4461,1,310,12,0,0,2,-1,0.553346350722182,-1.3067552824331807
8204,1971,0,3,78041.0,0,0,2012-12-16,93,482,35,553,72,160,17,1,4,4,9,2,0,0,0,0,0,0,0,55,4764,1,1319,17,0,0,1,-1,3.439039858018114,-1.646653960065934
5221,1957,2,3,52852.0,0,1,2012-12-01,93,714,8,99,11,0,47,4,10,7,5,8,1,0,0,0,0,0,0,69,4779,2,879,22,1,1,2,-1,1.210023744808131,2.5221702938987205
1232,1982,4,5,70038.0,0,0,2013-10-25,54,587,54,348,71,54,130,1,4,4,8,2,0,0,0,0,0,0,0,44,4451,1,1244,16,0,0,2,-1,2.9228445104336966,-1.7042750356268959
1927,1973,0,5,69401.0,0,1,2014-03-23,41,399,27,159,58,8,39,4,4,4,5,2,0,0,0,0,0,0,0,53,4302,2,690,13,0,1,2,-1,0.3479017930621065,0.10390763136183621
5788,1972,2,5,46053.0,1,0,2013-02-17,46,56,10,92,19,7,25,3,3,2,4,5,0,0,0,0,0,0,0,54,4701,2,209,9,0,1,0,1,-1.6639173064214614,-0.8074836235673204
6652,1965,2,3,77343.0,0,0,2014-06-09,28,227,151,573,98,54,31,1,3,4,9,1,0,0,0,0,0,0,0,61,4224,1,1134,16,0,0,1,-1,3.343021494499428,-1.6416068971506592
6246,1953,2,4,73892.0,0,0,2013-11-13,40,703,102,601,0,58,43,1,3,11,8,1,0,0,0,0,0,0,1,73,4432,1,1507,22,0,0,1,-1,4.231897895498557,-0.21247057347452517
5975,1967,4,4,40304.0,1,0,2013-09-30,82,37,0,17,0,0,3,1,2,0,3,7,0,0,0,0,0,0,0,59,4476,2,57,5,0,1,0,1,-2.7127026211810654,-0.9055762958264911
6875,1965,4,5,32727.0,0,0,2012-08-28,38,167,13,180,86,13,70,2,7,3,5,8,0,0,0,0,0,0,0,61,4874,1,529,15,0,0,2,-1,0.5905964748259369,-0.4570113539323328
4399,1969,2,5,68695.0,0,0,2014-06-25,3,458,81,356,106,50,40,1,4,4,7,2,0,0,0,0,0,0,0,57,4208,1,1091,15,0,0,2,-1,2.604361254207554,-1.6745690575114534
4042,1971,2,2,43300.0,0,1,2012-10-13,87,91,3,52,2,1,31,3,4,0,4,8,0,0,0,0,0,0,1,55,4828,2,180,8,0,1,3,-1,-1.954436536823673,0.31043534868548245
2157,1972,2,5,26290.0,1,1,2013-01-12,49,15,8,16,11,5,22,4,2,0,4,6,0,0,0,0,0,0,0,54,4737,3,77,6,0,2,3,0,-3.2838948130047476,0.8493306442416425
10133,1970,2,4,93790.0,0,0,2014-02-12,16,1302,68,731,89,114,45,0,6,7,12,2,0,1,1,1,0,0,1,56,4341,1,2349,25,3,0,1,-1,8.316875826601452,-1.0043100092769928
2525,1974,4,3,38410.0,0,0,2012-09-14,65,153,64,123,116,64,14,2,5,2,9,6,0,0,0,0,0,0,1,52,4857,1,534,16,0,0,2,-1,1.2485984618204615,-1.220019627919669
8233,1950,3,6,64866.0,0,1,2014-01-26,9,508,5,21,7,5,10,4,7,3,7,5,0,1,0,0,0,0,0,76,4358,2,556,17,1,1,2,-1,0.6686636139410895,2.7132799730171593
9483,1959,2,5,57957.0,0,1,2013-08-19,24,290,59,177,77,5,29,7,4,6,8,3,0,0,0,0,0,1,0,67,4518,2,637,18,0,1,2,-1,0.810149704537028,2.0427851373263404
2945,1955,4,5,46015.0,1,1,2014-04-13,25,38,0,2,0,0,6,1,1,0,3,7,1,0,0,0,1,0,0,71,4281,3,46,4,2,2,3,-1,-2.379937375516168,1.1290700345113887
10403,1978,2,5,16531.0,1,0,2014-06-18,43,2,13,6,7,5,11,3,3,0,3,7,0,0,0,0,0,0,0,48,4215,2,44,6,0,1,0,1,-2.926679836331145,-1.6164082118318914
5074,1986,3,3,28072.0,1,0,2013-07-08,10,30,0,10,2,0,5,1,1,0,3,7,0,0,0,0,0,0,0,40,4560,2,47,4,0,1,0,1,-3.083064268425589,-2.332175895465308
10524,1963,3,2,49476.0,0,1,2013-06-20,29,386,23,95,54,41,196,4,2,11,5,2,0,0,0,0,0,0,0,63,4578,2,795,18,0,1,2,-1,1.6593561110565422,1.3666849762188664
4690,1953,2,3,50725.0,0,1,2013-02-13,45,443,10,75,0,10,48,4,8,1,8,8,0,0,0,0,0,0,0,73,4705,2,586,17,0,1,2,5,-0.15518114758890036,2.4725498879265175
7521,1952,2,5,83844.0,0,0,2013-05-12,57,901,31,345,75,31,191,1,4,4,11,1,0,0,1,0,0,0,0,74,4617,1,1574,19,1,0,1,-1,4.965100783266941,0.07202351657063938
7196,1950,4,3,41145.0,1,1,2014-02-08,20,9,0,3,0,0,1,1,0,0,3,3,0,0,0,0,0,0,0,76,4345,3,13,3,0,2,3,0,-3.2710531681478803,1.3336612635405476
4406,1970,2,5,67419.0,0,1,2013-01-16,29,846,84,352,91,56,42,4,9,4,8,5,0,0,0,0,0,0,0,56,4733,2,1471,21,0,1,2,-1,2.750768440989277,1.6880297074195258
9672,1970,0,3,23162.0,1,1,2013-12-21,82,8,3,9,19,4,22,3,1,1,3,6,0,0,0,0,0,0,0,56,4394,3,65,5,0,2,3,-1,-3.471365040292767,0.22321839933987236
4864,1977,2,3,34380.0,1,0,2013-05-02,68,72,7,58,13,1,24,4,4,1,3,8,0,0,0,0,0,0,0,49,4627,2,175,8,0,1,0,1,-2.374586626784092,-0.8994135900414603
4706,1966,2,4,34704.0,0,1,2013-04-27,65,29,0,5,0,1,5,1,1,0,3,5,0,0,0,0,0,0,0,60,4632,2,40,4,0,1,3,3,-2.4269091917745302,-0.4145098642638613
4070,1969,4,3,94871.0,0,2,2012-09-01,99,169,24,553,188,0,144,1,8,5,4,7,0,1,1,0,0,0,1,57,4870,3,1078,17,2,2,1,-1,2.945564989625966,2.8051864153438104
25,1958,2,3,65148.0,0,1,2012-11-16,9,460,35,422,33,12,153,2,6,6,7,4,0,0,0,0,0,0,0,68,4794,2,1115,19,0,1,2,-1,2.0253999858753895,1.7587740993065941
3697,1954,2,5,39898.0,0,1,2013-02-12,20,69,8,26,12,7,12,2,3,0,4,7,0,0,0,0,0,0,0,72,4706,2,134,7,0,1,3,3,-1.8978312798852324,0.8628225476749743
217,1956,3,4,64857.0,0,0,2012-11-23,78,556,14,717,210,0,43,1,7,5,10,4,0,0,0,0,0,0,0,70,4787,1,1540,22,0,0,2,-1,3.925980540941424,0.19021244912657284
4220,1970,4,3,59892.0,0,1,2013-11-02,26,73,0,13,0,1,0,1,2,1,3,3,0,0,0,0,0,0,0,56,4443,2,87,6,0,1,3,3,-1.7821838173517457,-0.30047524354636057
5286,1987,3,4,41020.0,0,0,2013-10-28,68,112,1,54,7,7,36,1,3,2,4,3,0,0,0,0,0,0,0,39,4448,1,217,9,0,0,0,-1,-0.6872011382635906,-2.901982274017156
9559,1961,4,3,57072.0,0,1,2014-01-24,79,944,0,60,0,0,30,2,7,5,13,5,1,0,0,0,0,0,0,65,4360,2,1034,25,1,1,2,-1,1.8823037957649618,2.2098364073226042
2849,1979,2,4,60474.0,0,1,2013-04-01,25,265,199,303,234,9,170,7,10,2,12,7,0,0,0,0,0,0,0,47,4658,2,1180,24,0,1,2,-1,3.3978771984517278,1.6445627009856196
7787,1960,2,5,62807.0,0,1,2012-08-31,83,526,28,135,10,21,99,3,5,3,12,5,0,0,0,0,0,0,0,66,4871,2,819,20,0,1,2,-1,1.2688759128188665,2.0719243795774895
3102,1981,0,5,19414.0,1,0,2013-10-16,32,2,3,12,3,5,7,1,1,0,3,8,0,0,0,0,0,0,0,45,4460,2,32,4,0,1,0,1,-3.2256314349087374,-2.4627597789915225
5868,1980,2,3,19107.0,1,0,2013-08-22,49,2,4,9,10,5,16,2,1,0,3,7,0,0,0,0,0,0,0,46,4515,2,46,4,0,1,0,1,-3.0750040346623577,-1.988942081095358
8370,1976,0,5,75484.0,0,1,2012-08-02,50,378,97,259,197,194,34,2,7,3,6,4,0,0,0,0,0,0,0,50,4900,2,1159,16,0,1,2,-1,2.9415016055967707,-0.050891434790323195
9988,1976,3,4,70379.0,0,1,2013-03-03,84,553,25,142,65,67,8,3,6,3,13,4,0,0,0,0,0,0,0,50,4687,2,860,22,0,1,2,-1,1.6923644150824775,1.159229683948731
2939,1970,3,5,79419.0,0,0,2014-06-22,96,751,127,687,20,15,31,1,4,6,4,2,0,0,0,0,0,0,0,56,4211,1,1631,14,0,0,1,-1,3.2174920947652708,-1.4785558328649937
5529,1946,4,5,64014.0,2,1,2014-06-10,56,406,0,30,0,0,8,7,8,2,5,7,0,0,0,1,0,0,0,80,4223,4,444,15,1,3,3,-1,-1.7849597009044043,4.768546421669176
9743,1955,2,3,76998.0,0,1,2013-01-11,85,1449,89,161,69,35,107,2,11,8,8,6,0,0,1,0,0,0,0,71,4738,2,1910,27,1,1,1,-1,5.056134149871662,2.855203095538161
5763,1972,3,5,49854.0,1,0,2013-11-10,63,123,17,171,39,0,30,5,6,2,5,6,0,0,0,0,0,0,0,54,4435,2,380,13,0,1,0,-1,-1.0389151812697501,0.024713108351563942
3478,1971,4,3,60585.0,1,1,2013-06-24,17,267,42,309,55,42,21,10,7,4,9,5,0,0,0,0,0,0,1,55,4574,3,736,20,0,2,2,-1,-0.011921975022573852,3.258284989789873
7494,1950,4,2,42873.0,1,1,2013-01-21,11,209,0,40,3,2,15,4,6,1,4,8,0,0,0,0,0,0,0,76,4728,3,269,11,0,2,3,-1,-2.4315207586902594,3.0738368082098773
1763,1988,2,5,87679.0,0,0,2013-07-27,62,1259,172,815,97,148,33,1,7,11,10,4,1,0,1,1,0,0,1,38,4541,1,2524,28,3,0,1,-1,9.028253518314349,-2.1965347125833294
7250,1978,2,5,57867.0,1,0,2013-10-01,48,344,35,178,15,23,17,7,7,2,9,6,0,0,0,0,0,0,0,48,4475,2,612,18,0,1,2,-1,-0.13969396885984578,0.40255679463922955
2005,1990,2,3,35765.0,1,0,2013-12-11,86,22,3,30,0,5,15,2,2,0,4,6,0,0,0,0,0,0,0,36,4404,2,75,6,0,1,0,1,-2.700054008802582,-2.36672660856478
10770,1959,2,3,65492.0,0,0,2014-01-26,73,247,161,295,210,85,47,2,4,7,13,2,0,0,0,0,0,0,0,67,4358,1,1045,24,0,0,2,-1,4.523694118562613,-0.5780738610046458
6885,1977,2,2,32952.0,1,0,2013-12-01,36,38,0,12,3,1,1,1,2,0,3,7,0,0,0,0,0,0,0,49,4414,2,55,5,0,1,0,1,-2.905076484530745,-1.8668428186393247
2072,1969,4,5,53374.0,0,1,2012-08-16,34,896,10,101,13,10,34,6,4,2,9,9,1,0,0,0,0,0,1,57,4886,2,1064,15,1,1,2,-1,0.4863447481397883,1.9491133091005102
9463,1959,2,5,71706.0,0,1,2012-11-13,16,931,56,253,91,98,14,4,9,5,7,5,0,0,0,0,0,0,0,67,4797,2,1443,21,0,1,2,-1,2.8052177737779407,2.356148225779632
6318,1988,2,3,68487.0,0,0,2013-01-13,48,758,12,385,33,89,89,1,9,7,13,4,0,0,0,0,0,0,0,38,4736,1,1366,29,0,0,2,-1,4.076459315548022,-1.0263189666970243
4093,1975,3,5,53253.0,1,1,2013-02-11,61,216,9,57,20,9,125,7,4,3,5,5,0,0,0,0,0,0,0,51,4707,3,436,12,0,2,3,-1,-1.5176947681309034,2.0415726332195505
5751,1973,0,2,31163.0,1,0,2014-02-13,54,2,3,10,11,2,10,1,1,0,3,6,0,0,0,0,0,0,0,53,4340,2,38,4,0,1,0,1,-2.9053811745926907,-2.0861523456790403
3340,1977,2,3,42014.0,1,0,2012-08-17,56,244,15,108,4,15,50,6,7,1,6,8,0,0,0,0,0,0,1,49,4885,2,436,14,0,1,0,9,-1.1698826453448037,0.24045043132500227
3594,1973,3,3,54108.0,1,1,2012-11-05,74,539,6,91,8,6,97,13,8,2,9,8,0,0,0,0,0,0,0,53,4805,3,747,19,0,2,3,-1,-0.9067077523883251,4.141593293696587
3584,1955,4,4,49667.0,0,0,2012-08-20,35,1181,26,120,17,13,39,2,5,10,5,8,1,0,0,0,0,0,1,71,4882,1,1396,20,1,0,2,-1,2.7063690145538306,0.6169950188542943
3643,1974,3,3,63206.0,0,0,2014-03-20,65,750,8,125,11,8,26,1,4,3,6,2,0,0,1,0,0,0,0,52,4305,1,928,13,1,0,1,-1,1.985803543686582,-1.8839335683702985
851,1972,3,3,57136.0,1,1,2013-07-09,48,306,5,109,21,109,92,9,5,2,10,6,0,0,0,0,0,0,0,54,4559,3,642,17,0,2,3,-1,-0.4684104149285617,2.855216156773098
7706,1975,0,5,46772.0,0,1,2012-11-07,88,350,104,189,197,151,57,6,11,8,5,8,1,0,0,0,0,0,0,51,4803,2,1048,24,1,1,2,-1,3.2362328547332373,1.1320189549502124
3967,1971,4,3,78931.0,0,0,2013-10-25,19,331,197,170,58,152,35,1,2,8,13,1,0,0,0,0,0,0,0,55,4451,1,943,23,0,0,1,-1,4.3850918983718525,-1.2585672345346917
10128,1958,2,5,53977.0,0,1,2013-06-08,21,620,16,165,0,24,82,5,5,5,12,5,0,0,0,0,0,0,0,68,4590,2,907,22,0,1,2,-1,1.3568306725217483,2.453963476473753
486,1988,2,3,84219.0,0,0,2014-02-02,27,434,137,400,45,137,45,1,3,4,10,1,0,0,0,0,0,0,0,38,4351,1,1198,17,0,0,1,-1,3.564641847370403,-2.6866449741287437
9,1975,3,4,46098.0,1,1,2012-08-18,86,57,0,27,0,0,36,4,3,2,2,8,0,0,0,0,0,0,0,51,4884,3,120,7,0,2,3,0,-3.110484709821003,1.1439916691663188
9451,1965,2,3,73538.0,0,1,2012-11-25,92,811,76,428,99,137,107,3,10,4,9,7,0,0,0,0,0,0,0,61,4785,2,1658,23,0,1,2,-1,3.7258754288806535,2.1285237026581685
9264,1986,2,3,79529.0,0,0,2014-04-27,1,423,42,706,73,197,197,1,4,8,9,2,0,0,0,0,0,0,0,40,4267,1,1638,21,0,0,1,-1,4.972598977488656,-2.1983425206107157
3865,1977,0,5,20981.0,0,0,2013-04-30,14,2,12,10,6,13,30,1,3,1,2,8,0,0,0,0,0,0,1,49,4629,1,73,6,0,0,0,-1,-1.7307264725786795,-2.830530696424045
2853,1980,2,4,51766.0,1,0,2014-03-11,74,60,51,87,6,20,51,2,4,2,4,5,0,0,0,0,0,0,0,46,4314,2,275,10,0,1,0,1,-1.2422559934083208,-1.4781729987996859
1490,1962,2,3,55759.0,0,1,2012-11-28,84,675,0,85,10,7,77,5,10,3,8,8,0,0,0,0,0,0,0,64,4782,2,854,21,0,1,2,-1,0.6899353721504157,2.671724665643679
6310,1978,2,3,33039.0,1,0,2013-09-09,4,30,8,12,8,8,12,1,2,0,4,5,0,0,0,0,0,0,0,48,4497,2,78,6,0,1,0,1,-2.468197975685658,-1.8973943082107292
10380,1972,3,3,37787.0,1,0,2013-09-20,50,40,1,40,4,3,18,1,3,0,3,8,0,0,0,0,0,0,0,54,4486,2,106,6,0,1,0,1,-2.6290049163553073,-1.2077275910856824
3887,1970,2,4,27242.0,1,0,2012-11-11,2,3,17,26,20,1,39,2,2,0,3,9,0,0,0,0,0,0,1,56,4799,2,106,5,0,1,0,1,-2.716833574699414,-1.0714491205874241
4278,1983,4,4,87188.0,0,0,2013-06-03,73,910,111,724,49,74,55,1,10,2,6,3,0,0,0,0,0,0,1,43,4595,1,1923,18,0,0,1,-1,4.253714825184566,-1.1917052365883143
8643,1971,2,5,69930.0,0,0,2013-05-26,21,252,98,827,219,70,196,1,4,5,12,3,0,0,0,0,0,0,0,55,4603,1,1662,21,0,0,1,-1,5.1786729908477565,-1.2445332644437643
1998,1976,2,4,37697.0,1,0,2014-02-07,82,34,6,21,11,4,8,1,2,1,3,6,0,0,0,0,0,0,0,50,4346,2,84,6,0,1,0,1,-2.5019528226998284,-1.7672940294439083
10795,1973,4,3,37401.0,1,0,2014-05-06,14,19,3,19,3,1,3,2,2,0,3,7,0,0,0,0,0,0,0,53,4258,2,48,5,0,1,0,1,-2.843478633126898,-1.2673719553714737
11110,1973,2,4,3502.0,1,0,2013-04-13,56,2,1,1,0,0,1,0,0,0,0,14,0,0,0,0,0,0,0,53,4646,2,5,0,0,1,0,-1,-4.274893759582729,-2.0075802683359645
2408,1976,2,3,58597.0,1,1,2012-11-20,20,490,0,184,10,28,21,12,7,4,9,7,0,0,0,0,0,0,0,50,4790,3,733,20,0,2,3,-1,-0.7451741727303893,3.4252747214508017
202,1948,4,6,82032.0,0,0,2014-04-05,54,332,194,377,149,125,57,0,4,6,7,1,0,0,0,0,0,0,0,78,4289,1,1234,17,0,0,1,-1,4.5598373800094905,-0.42590519182929915
7998,1958,2,5,28087.0,1,1,2012-12-11,77,53,8,17,13,0,21,3,2,2,2,7,0,0,0,0,0,0,0,68,4769,3,112,6,0,2,3,0,-3.150251520185302,1.5358446180121823
830,1987,4,4,74004.0,0,0,2014-02-24,5,784,48,560,42,176,48,1,4,6,4,3,0,0,1,1,0,0,1,39,4329,1,1658,14,2,0,1,-1,5.1687565668982325,-2.9382099098606838
3536,1960,2,5,19740.0,0,1,2013-03-24,65,7,11,3,10,4,20,2,1,1,3,5,0,0,0,0,0,0,0,66,4666,2,55,5,0,1,3,3,-2.251030567268078,0.10251666431393236
6050,1975,0,3,57036.0,0,1,2012-12-11,33,1171,43,219,19,14,47,4,6,3,13,9,1,0,0,0,0,0,0,51,4769,2,1513,22,1,1,2,-1,2.094719052349974,1.3391424340370717
125,1958,0,5,53083.0,1,1,2013-05-15,65,215,7,33,3,0,13,6,5,1,5,7,0,1,0,0,0,0,0,68,4614,3,271,11,1,2,3,-1,-1.8018786135838925,2.623900072727789
3463,1975,4,3,69283.0,0,1,2014-06-14,41,674,62,134,0,26,8,4,7,3,13,5,0,0,0,0,0,0,0,51,4219,2,904,23,0,1,2,-1,1.4284837309639853,1.526784202379582
2804,1975,3,4,46098.0,1,1,2012-08-18,86,57,0,27,0,0,36,4,3,2,2,8,0,0,0,0,0,0,1,51,4884,3,120,7,0,2,3,0,-3.110484709821003,1.1439916691663188
3745,1988,0,3,23331.0,1,0,2012-09-04,92,5,36,7,0,10,45,2,3,0,3,8,0,0,0,0,0,0,0,38,4867,2,103,6,0,1,0,1,-2.6426913553202547,-2.2471355526126633
9771,1988,0,4,23331.0,1,0,2012-10-05,97,104,20,101,24,15,5,6,5,1,5,9,0,0,0,0,0,0,0,38,4836,2,269,11,0,1,0,-1,-2.100756485665156,-1.1508089327810267
451,1989,2,4,9255.0,1,0,2013-12-20,91,9,0,7,2,0,4,1,1,1,2,8,0,0,0,0,0,0,0,37,4395,2,22,4,0,1,0,1,-3.4077184945568275,-2.734528887771287
10530,1959,4,6,67786.0,0,0,2013-12-07,0,431,82,441,80,20,102,1,3,6,6,1,0,0,0,0,0,0,1,67,4408,1,1156,15,0,0,2,-1,2.929454488456535,-0.7562052461115595
1079,1971,4,3,71969.0,0,1,2012-10-16,59,1000,0,76,0,0,10,3,3,4,9,8,0,1,0,0,0,0,0,55,4825,2,1086,16,1,1,2,-1,1.0238658420740208,1.7835726115522186
8920,1967,3,4,59235.0,1,0,2013-01-12,4,448,40,469,80,0,91,3,11,2,12,7,0,0,0,0,0,0,0,59,4737,2,1128,25,0,1,2,-1,1.9040118021869992,1.367714886165187
6678,1989,2,5,31928.0,1,0,2014-03-28,5,33,4,24,4,2,5,2,3,0,4,7,0,0,0,0,0,0,0,37,4297,2,72,7,0,1,0,1,-2.746619197842234,-2.2629272440360455
3852,1961,3,5,74881.0,1,1,2013-03-08,48,505,72,270,36,27,54,4,9,2,12,5,0,0,0,0,0,0,0,65,4682,3,964,23,0,2,2,-1,1.0516678408078248,3.380665866732019
528,1978,2,3,65819.0,0,0,2012-11-29,99,267,38,701,149,165,63,1,5,4,10,3,0,0,0,0,0,0,0,48,4781,1,1383,19,0,0,1,-1,4.000087848745612,-1.7563006200293805
73,1953,4,4,51411.0,1,2,2013-05-26,81,14,0,3,0,0,1,1,0,0,3,5,0,0,0,0,0,0,0,73,4603,4,18,3,0,3,3,-1,-4.0074701869275,3.1523512804452105
5589,1964,2,2,51983.0,0,1,2012-08-31,95,631,0,115,10,7,30,3,9,2,10,7,0,0,0,0,0,0,0,62,4871,2,793,21,0,1,2,-1,0.5856818223867827,2.0992551272790556
10212,1986,3,5,42386.0,1,0,2013-01-13,43,65,4,16,0,4,11,1,3,0,3,8,0,0,0,0,0,0,0,40,4736,2,100,6,0,1,0,1,-2.659484171359541,-1.8743461901419385
6365,1987,0,3,30390.0,0,0,2013-09-02,5,10,12,12,25,1,20,1,2,0,3,6,0,0,0,0,0,0,0,39,4504,1,80,5,0,0,0,2,-1.7133090390887022,-3.629189047646114
5636,1963,2,4,30983.0,0,0,2012-11-09,50,51,4,50,12,1,49,1,4,0,3,8,0,0,0,0,0,0,1,63,4801,1,167,7,0,0,0,2,-1.2837579774316878,-1.4176617257793198
591,1957,2,6,66033.0,0,1,2013-01-20,76,293,35,179,46,59,65,2,8,3,7,7,0,0,0,0,0,0,0,69,4729,2,677,18,0,1,2,-1,0.9789606853146751,1.832877996871245
2217,1975,0,3,37284.0,1,1,2013-03-29,46,11,1,2,2,1,6,1,0,0,3,6,0,0,0,0,0,0,0,51,4661,3,23,3,0,2,3,-1,-3.6912872576628795,-0.4108206404567815
2544,1951,3,2,57530.0,0,1,2013-10-12,68,50,1,27,6,7,1,1,1,1,4,1,0,0,0,0,0,0,0,75,4464,2,92,6,0,1,3,3,-1.4421924672344621,0.5667019619205456
7725,1965,0,3,76800.0,0,0,2014-03-08,33,173,26,255,35,71,81,1,4,4,7,1,0,0,0,0,0,0,0,61,4317,1,641,15,0,0,2,-1,1.8531259015537194,-1.6361186673360941
8091,1956,2,3,63943.0,0,1,2012-09-02,50,423,184,368,13,97,21,1,6,4,6,5,0,0,0,0,0,0,0,70,4869,2,1106,16,0,1,2,-1,2.2414655945238438,1.2290503254105278
7321,1962,2,5,76081.0,0,0,2014-05-23,85,292,30,415,63,33,200,1,4,5,4,2,0,0,0,1,0,0,0,64,4241,1,1033,13,1,0,1,-1,3.2855725087537913,-1.3663046704141621
5462,1974,2,3,67445.0,0,1,2012-08-12,63,757,80,217,29,80,11,5,9,6,12,6,0,0,0,0,0,0,0,52,4890,2,1174,27,0,1,2,-1,2.697951054775722,2.0633726006007804
7791,1967,3,3,37054.0,1,1,2013-09-15,89,12,1,6,0,1,5,2,1,0,3,7,0,0,0,0,0,0,0,59,4491,3,25,4,0,2,3,0,-3.633372964647441,0.7158533747414818
955,1962,3,5,47175.0,1,1,2012-10-28,81,167,2,44,6,2,19,7,4,2,4,8,1,0,0,0,0,0,1,64,4813,3,240,10,1,2,3,-1,-2.2843921970361283,2.4775111435001076
4037,1976,2,2,31859.0,1,0,2013-06-14,77,3,1,3,8,0,5,1,1,0,2,7,0,0,0,0,0,0,0,50,4584,2,20,3,0,1,0,1,-3.1142259339966136,-1.9126829293546637
6642,1961,2,2,27215.0,2,1,2013-01-23,50,30,5,22,8,9,28,4,2,1,4,6,0,0,0,0,0,0,0,65,4726,4,102,7,0,3,3,-1,-4.043124319567659,2.404639336664337
2793,1976,4,2,70179.0,0,1,2013-07-21,10,532,88,168,69,44,133,3,7,3,13,5,0,0,0,0,0,0,0,50,4547,2,1034,23,0,1,2,-1,2.457774538696148,1.4152090437401224
5424,1983,2,3,39922.0,1,0,2013-02-14,30,29,12,59,19,1,36,2,3,0,4,8,0,0,0,0,0,0,0,43,4704,2,156,7,0,1,0,1,-2.368142159699438,-1.6553556902920947
879,1976,3,3,49681.0,0,2,2013-11-04,66,411,0,26,0,0,21,6,7,1,7,7,0,0,0,0,0,0,0,50,4441,3,458,15,0,2,3,-1,-1.6053096280175907,2.956572661489124
9530,1988,2,3,24645.0,1,0,2012-11-01,16,5,3,4,4,1,0,1,1,0,2,8,0,0,0,0,0,0,0,38,4809,2,17,3,0,1,0,1,-3.3269492904002615,-2.5440286713367466
4828,1954,2,2,79865.0,0,1,2014-06-18,12,71,99,278,185,121,38,1,5,10,5,1,0,0,0,0,0,0,0,72,4215,2,792,20,0,1,2,-1,3.08204732865843,0.7977679597763053
10699,1985,2,3,44322.0,1,0,2014-06-16,30,46,0,40,3,0,3,2,3,0,3,8,0,0,0,0,0,0,0,41,4217,2,92,6,0,1,0,1,-2.8288484985683504,-2.0521532996395266
1497,1952,2,4,47958.0,0,1,2013-01-19,8,268,11,88,15,3,22,2,6,3,5,5,0,0,0,0,0,0,0,74,4730,2,407,14,0,1,2,3,-0.416848789135624,1.5876343560991875
7476,1964,3,4,63972.0,0,1,2012-12-02,93,928,63,254,0,12,12,4,5,4,10,4,0,1,0,0,0,0,0,62,4778,2,1269,19,1,1,2,-1,2.2723538505564997,2.2417427238647973
4390,1954,2,5,75315.0,0,1,2014-04-15,14,459,15,171,142,23,31,2,5,4,12,2,0,0,0,0,0,0,0,72,4279,2,841,21,0,1,2,-1,1.9860902427533857,1.7052572491449391
10478,1950,4,3,55517.0,1,1,2012-09-27,53,483,0,108,0,6,36,5,11,1,6,9,0,0,0,0,0,0,1,76,4844,3,633,18,0,2,3,-1,-1.0855483312818883,4.289313200016531
1081,1957,4,3,75283.0,1,2,2013-03-27,26,733,9,180,12,19,66,11,6,3,5,4,0,0,0,0,0,0,0,69,4663,4,1019,14,0,3,3,-1,-1.0641938580782482,6.0135032743576105
4261,1946,4,4,82800.0,0,0,2012-11-24,23,1006,22,115,59,68,45,1,7,6,12,3,0,0,1,1,0,0,1,80,4786,1,1315,25,2,0,1,-1,5.6543082938138625,0.902255874326324
9916,1954,2,3,38998.0,1,1,2012-11-03,92,34,1,14,0,0,5,3,2,0,3,8,0,0,0,0,0,1,0,72,4807,3,54,5,0,2,3,-1,-3.59114524892089,1.92035541660655
5350,1991,3,4,90638.0,0,0,2014-02-13,29,1156,120,915,94,144,96,1,3,4,10,1,0,0,1,0,0,0,1,35,4340,1,2525,17,1,0,1,-1,6.6877323239868405,-2.6670406847644323
8135,1986,3,3,27161.0,1,0,2013-10-28,41,7,4,23,7,0,11,1,1,0,3,7,0,0,0,0,0,0,0,40,4448,2,52,4,0,1,0,1,-3.0439843480292805,-2.380387609881502
8685,1977,2,3,42014.0,1,0,2012-08-17,56,244,15,108,4,15,50,6,7,1,6,8,0,0,0,0,0,0,1,49,4885,2,436,14,0,1,0,9,-1.1698826453448037,0.24045043132500227
4967,1960,4,5,38201.0,0,1,2013-03-29,19,233,0,23,0,0,12,4,5,1,5,8,0,0,0,0,0,0,0,66,4661,2,268,11,0,1,3,3,-1.5617395386742805,1.568596836463551
2130,1982,2,5,45203.0,2,0,2014-03-23,4,35,3,67,10,8,24,1,3,1,3,6,0,0,0,0,0,0,1,44,4302,3,147,7,0,2,0,-1,-3.2306067956945577,-1.1314991528825407
9298,1947,4,5,81574.0,0,0,2014-04-28,89,1252,0,465,46,35,0,1,4,5,8,1,0,1,1,0,0,0,0,79,4266,1,1798,17,2,0,1,-1,4.924881504096858,0.4898248634781394
8175,1992,2,3,34935.0,0,0,2013-06-21,71,34,4,66,3,10,20,1,2,1,4,7,0,0,0,0,0,0,0,34,4577,1,137,7,0,0,0,2,-1.4749133454637493,-3.3945026080615097
6257,1976,3,4,60482.0,0,1,2013-01-23,81,255,43,134,37,14,24,1,7,2,7,7,0,0,0,0,0,0,0,50,4726,2,507,16,0,1,2,-1,0.03926216827158872,0.44576412728940396
3790,1956,2,5,34633.0,2,1,2014-01-23,31,8,1,5,0,0,1,1,1,0,2,6,0,0,0,0,0,0,0,70,4361,4,15,3,0,3,3,-1,-4.6303905664414104,1.7514002770048074
9952,1947,3,5,78093.0,0,0,2013-12-11,53,368,32,639,13,43,10,1,4,7,5,1,0,0,0,0,0,0,0,79,4404,1,1105,16,0,0,2,-1,2.620947493786048,-0.1375619920034
3503,1950,2,2,82460.0,0,0,2013-12-02,78,255,47,573,52,32,15,1,5,3,6,1,0,0,0,0,0,0,0,76,4413,1,974,14,0,0,2,-1,2.2682624858583935,-0.5130851649525597
5223,1966,3,5,45903.0,0,1,2014-04-23,80,33,8,10,2,10,3,2,2,1,3,4,0,0,0,0,0,0,0,60,4271,2,66,6,0,1,3,3,-1.9542987424549392,-0.10614050600398287
4608,1987,2,2,81361.0,0,0,2014-02-25,18,163,23,424,27,65,76,1,3,10,13,1,0,0,0,0,0,0,1,39,4328,1,778,26,0,0,2,-1,3.2852843404692167,-2.1023470160311892
1626,1973,4,2,35860.0,1,1,2014-05-19,37,15,0,8,4,2,20,2,1,1,2,5,1,0,0,0,0,0,1,53,4245,3,49,4,1,2,3,-1,-3.126097224731944,0.06670809572828376
4764,1952,3,5,40442.0,1,1,2012-08-19,52,45,12,52,25,22,13,4,3,1,4,7,0,0,0,0,0,0,1,74,4883,3,169,8,0,2,3,0,-2.5674508924636847,2.4335613380171126
2471,1965,2,3,61482.0,0,0,2014-06-27,39,48,58,68,16,66,43,1,3,2,6,2,0,0,0,0,0,0,0,61,4206,1,299,11,0,0,2,-1,0.600526848651396,-1.8282336849762182
5892,1980,2,3,34968.0,1,0,2013-04-10,11,158,6,45,8,2,2,7,3,2,5,7,0,0,0,0,0,0,0,46,4649,2,221,10,0,1,0,-1,-2.1632228000049833,-0.5306121110172085
2612,1987,2,3,75794.0,0,0,2013-12-24,33,754,160,625,63,32,48,1,7,5,12,3,0,0,0,1,0,0,0,39,4391,1,1682,24,1,0,1,-1,5.363200959546031,-2.005627930089057
4971,1962,4,5,31497.0,0,1,2012-12-06,22,108,1,28,13,1,4,2,3,1,4,8,0,0,0,0,0,0,0,64,4774,2,155,8,0,1,3,3,-1.9958452956056798,0.7504871660783072
5185,1955,2,3,74268.0,0,0,2013-02-14,83,199,66,315,97,174,41,1,4,3,5,2,0,0,0,0,0,0,0,71,4704,1,892,12,0,0,2,-1,2.6601961671974603,-0.9767630407045508
10069,1988,1,5,13724.0,1,0,2012-08-31,43,2,7,5,2,15,27,1,2,0,2,9,1,0,0,0,0,0,0,38,4871,2,58,4,1,1,0,-1,-2.862355927590356,-2.6783380067512126
2262,1965,3,5,45143.0,0,1,2013-08-26,74,202,5,74,11,5,14,3,6,1,5,7,0,0,0,0,0,0,0,61,4511,2,311,12,0,1,3,3,-1.1858818232333337,1.012002606985994
1131,1967,4,4,52569.0,0,1,2014-04-05,54,85,0,3,0,0,7,1,2,0,4,3,0,0,0,0,0,0,0,59,4289,2,95,6,0,1,3,3,-1.842265834357461,-0.1463266754792563
1041,1973,4,4,48432.0,0,1,2012-10-18,3,322,3,50,4,3,42,5,7,1,6,8,0,0,0,0,0,0,1,53,4823,2,424,14,0,1,3,-1,-0.9133054907593772,1.4422389124047843
24,1960,3,5,17144.0,1,1,2014-02-15,96,18,2,19,0,2,6,5,3,0,4,7,0,0,0,0,0,0,0,66,4338,3,47,7,0,2,3,0,-3.5009271695283246,1.809498237367104
3409,1984,2,4,36108.0,1,0,2013-10-15,68,141,8,129,3,11,47,3,7,1,4,9,1,0,0,0,0,0,0,42,4461,2,339,12,1,1,0,-1,-1.4086998893495928,-1.226039841533331
7022,1971,2,3,76445.0,1,0,2012-09-28,2,739,107,309,140,80,35,1,2,5,13,6,0,0,0,0,0,0,0,55,4843,2,1410,20,0,1,2,-1,2.78176941624158,-0.16693479065238567
7943,1975,4,3,36663.0,1,0,2014-04-25,40,18,0,6,3,3,5,1,1,1,3,2,0,0,0,0,0,0,0,51,4269,2,35,5,0,1,0,1,-2.41026124275097,-1.7636234701818678
5272,1965,3,3,53843.0,0,1,2013-06-27,64,378,0,88,19,4,73,4,8,5,3,7,0,0,0,0,0,0,0,61,4571,2,562,16,0,1,2,-1,-0.14279100766094532,1.6415729385571651
5453,1956,3,3,90226.0,0,0,2012-09-26,26,1083,108,649,253,151,108,1,4,7,12,2,0,0,0,1,0,0,0,70,4845,1,2352,23,1,0,1,-1,7.819547940124691,-0.032384616393482724
2565,1955,3,2,70638.0,0,0,2013-06-01,69,1016,12,215,16,12,63,1,4,5,10,3,0,1,0,0,0,0,0,71,4597,1,1334,19,1,0,2,-1,3.2786090516441218,0.5133089568049524
800,1960,2,5,44512.0,1,1,2013-08-30,57,23,1,6,0,0,2,2,1,0,3,4,0,0,0,0,0,0,0,66,4507,3,32,4,0,2,3,0,-3.267125933282647,0.9381856174486226
11092,1961,2,3,27116.0,1,1,2014-03-02,78,12,1,21,2,2,3,2,2,0,3,7,0,0,0,0,0,0,0,65,4323,3,41,5,0,2,3,0,-3.590716061196122,0.9205485384309146
5062,1963,4,3,54072.0,1,1,2013-07-27,71,35,0,4,0,0,0,1,2,0,2,8,0,0,0,0,0,0,0,63,4541,3,39,4,0,2,3,0,-3.493830303075997,1.0728043545195063
8969,1977,2,3,71855.0,0,1,2013-01-16,59,548,31,422,0,112,28,4,5,5,11,3,0,0,0,0,0,0,0,49,4733,2,1141,21,0,1,2,-1,2.2100196346597514,0.9356157184493862
4656,1990,0,4,51250.0,1,0,2013-03-30,28,342,32,230,34,32,40,5,10,5,4,9,1,0,0,0,0,0,0,36,4660,2,710,19,1,1,0,-1,0.2859531897562608,-0.8526633673295398
4480,1973,3,3,60432.0,0,1,2014-03-09,61,365,3,15,4,3,11,5,7,2,5,6,0,0,0,0,0,0,0,53,4316,2,401,14,0,1,3,3,-0.8434070159197399,1.046833884640434
9971,1964,4,3,65526.0,0,1,2014-04-11,22,397,19,69,12,0,9,1,4,4,8,2,0,0,0,0,0,0,0,62,4283,2,506,16,0,1,2,-1,0.25191472608709325,0.8310304229954453
6729,1988,2,4,68655.0,0,0,2012-08-10,95,456,19,832,75,118,38,1,4,5,11,3,0,0,0,0,0,0,0,38,4892,1,1538,20,0,0,1,-1,3.7560549043047216,-2.102125165379693
1773,1978,0,3,12393.0,0,0,2012-12-04,38,5,6,15,11,7,13,1,2,0,3,9,0,0,0,0,0,0,0,48,4776,1,57,5,0,0,0,2,-2.1153599410388333,-2.9326591441431353
9242,1990,2,4,64509.0,0,0,2013-08-17,19,836,185,575,24,25,77,1,6,3,9,4,1,0,0,0,0,0,1,36,4520,1,1722,18,1,0,1,-1,4.031170381245328,-2.3820265416211335
1764,1975,2,4,33955.0,1,0,2013-08-09,92,100,2,128,23,7,10,4,5,1,5,8,0,0,0,0,0,0,0,51,4528,2,270,11,0,1,0,1,-1.8909769968687233,-0.5669280225321508
6215,1977,2,3,31353.0,1,1,2013-12-29,24,10,0,10,3,1,7,2,1,1,2,8,0,0,0,0,0,0,1,49,4386,3,31,4,0,2,3,0,-3.8390582057914866,-0.1077569638290389
10099,1984,2,3,55434.0,1,0,2013-10-05,21,238,115,215,169,69,76,3,5,3,13,4,0,0,0,0,0,0,0,42,4471,2,882,21,0,1,2,-1,2.061729816248699,-0.86376854028544
5423,1983,2,5,28359.0,1,0,2013-10-27,35,6,0,5,2,1,2,1,1,0,2,7,0,0,0,0,0,0,0,43,4449,2,16,3,0,1,0,1,-3.232429361621028,-2.387042426610573
940,1987,2,4,57100.0,1,0,2014-05-18,9,158,11,99,15,11,17,2,3,2,7,3,0,0,0,0,0,0,0,39,4246,2,311,12,0,1,0,-1,-1.0954173012160817,-1.8559208020663769
3011,1965,2,3,69139.0,0,1,2014-01-27,23,86,12,75,33,15,6,1,4,1,5,4,0,0,0,0,0,0,0,61,4357,2,227,10,0,1,3,3,-0.8987786526487916,0.08533606829929391
3298,1956,3,3,52973.0,0,1,2012-11-08,92,856,0,76,12,9,199,7,9,6,9,8,0,0,0,0,0,0,0,70,4802,2,1152,24,0,1,2,-1,1.7990491727514166,3.849806993272394
8286,1965,4,5,51717.0,0,1,2013-08-20,55,98,1,17,0,1,5,1,3,0,4,7,0,1,0,0,0,0,0,61,4517,2,122,7,1,1,3,-1,-1.3912953698277404,0.5527841343826205
9668,1971,2,3,18793.0,1,0,2013-01-12,14,4,16,20,0,17,20,3,2,0,4,8,0,0,0,0,0,0,0,55,4737,2,77,6,0,1,0,1,-2.7439917779627665,-1.0075932420460714
5120,1982,0,5,66664.0,0,0,2012-09-25,78,398,96,447,220,96,32,1,5,7,6,3,0,0,0,0,0,0,0,44,4846,1,1289,18,0,0,1,-1,3.813939638993651,-2.378214832903616
6097,1959,2,4,50664.0,1,1,2013-01-16,64,313,8,104,6,4,126,9,8,1,6,9,0,0,0,0,0,0,0,67,4733,3,561,15,0,2,3,-1,-1.4620856720519033,3.8098747373377613
7019,1963,2,5,54414.0,1,1,2013-01-23,49,109,18,16,24,26,18,4,3,1,5,4,0,0,0,0,0,0,0,63,4726,3,211,9,0,2,3,-1,-2.0949754950955293,1.6525955316069307
7408,1952,4,3,54549.0,0,1,2014-03-03,8,216,2,6,0,0,9,2,5,1,4,7,0,0,0,0,0,0,0,74,4322,2,233,10,0,1,3,3,-1.4473626172072367,1.4673017147127352
8041,1971,4,6,47111.0,0,1,2012-09-08,35,595,71,153,120,112,41,6,3,2,10,9,0,0,0,0,0,0,0,55,4863,2,1092,15,0,1,2,-1,1.2803159173509446,1.5689514424036288
252,1963,4,2,41003.0,0,0,2013-03-17,11,123,133,142,71,44,88,1,6,2,8,6,0,0,0,0,0,0,0,63,4673,1,601,16,0,0,2,-1,1.7022280530506162,-0.7517118886826966
9986,1982,2,5,19444.0,1,0,2014-02-22,8,16,0,23,3,2,10,3,4,1,2,7,0,0,0,0,0,0,1,44,4331,2,54,7,0,1,0,1,-2.860871230531391,-1.7022708221966458
3276,1976,0,5,36301.0,1,0,2013-10-25,53,11,12,35,3,5,12,1,3,0,3,7,0,0,0,0,0,0,0,50,4451,2,78,6,0,1,0,1,-2.616945264249139,-1.901091394293936
3859,1947,4,5,73059.0,0,1,2013-08-31,36,410,112,420,0,82,71,1,9,3,13,4,0,0,0,0,0,0,0,79,4506,2,1095,25,0,1,2,-1,3.1172281313839267,2.830906373066623
3570,1969,4,5,42731.0,1,0,2013-10-21,64,159,2,51,6,2,24,3,4,1,5,5,0,0,0,0,0,0,0,57,4455,2,244,10,0,1,0,1,-1.6769686548596705,-0.2568367769752351
3783,1959,4,3,52854.0,1,1,2014-03-24,43,105,0,10,0,1,0,2,2,1,4,5,0,0,0,0,0,0,0,67,4301,3,116,7,0,2,3,0,-2.834692335907647,1.4708680391802336
10207,1978,2,5,22775.0,1,0,2013-06-19,40,5,1,8,0,0,1,1,1,0,2,8,0,0,0,0,0,0,0,48,4579,2,15,3,0,1,0,1,-3.319946275867723,-2.0232935799609666
10906,1948,4,5,46681.0,0,2,2013-10-08,52,269,15,69,15,19,38,2,4,6,4,5,0,0,0,0,0,0,0,78,4468,3,425,14,0,2,3,-1,-0.8882105647498565,3.562043571366031
3427,1955,4,3,59821.0,0,1,2013-04-12,11,629,0,70,0,0,35,6,11,2,7,8,0,0,0,0,0,0,0,71,4647,2,734,20,0,1,2,-1,0.26565621016456636,3.35293776802745
5209,1954,2,2,50002.0,0,1,2013-06-17,21,443,5,71,21,16,82,2,8,2,7,7,0,0,0,0,0,0,0,72,4581,2,638,17,0,1,2,-1,0.19209395320692949,1.9619910396617128
10711,1945,2,3,69755.0,0,0,2013-10-02,23,217,77,373,111,23,93,1,3,6,12,1,0,0,0,0,0,0,0,81,4474,1,894,21,0,0,2,-1,3.3905455602711947,0.11186454958115472
10785,1969,2,3,44078.0,1,1,2014-06-19,17,24,1,10,2,0,4,2,2,0,3,5,0,0,0,0,0,0,0,57,4214,3,41,5,0,2,3,0,-3.35634754196883,0.3780006100998451
2814,1976,3,5,30560.0,1,0,2013-06-27,6,9,1,5,4,5,7,1,1,0,3,7,0,0,0,0,0,0,0,50,4571,2,31,4,0,1,0,1,-2.9554626578877663,-1.7257115328887187
6866,1969,3,5,35924.0,1,1,2014-03-23,56,8,0,14,2,3,7,1,1,0,3,5,0,0,0,0,0,0,0,57,4302,3,34,4,0,2,3,0,-3.4507467324845167,0.27496779863524556
1665,1964,4,2,64140.0,0,2,2013-09-23,71,1459,0,61,0,15,215,5,2,5,6,5,1,0,1,0,1,0,1,62,4483,3,1750,13,3,2,1,-1,2.9361456155513386,3.454517421129532
6575,1981,2,5,56386.0,1,1,2012-10-27,51,230,48,214,13,32,75,8,9,1,7,9,0,0,0,0,0,0,0,45,4814,3,612,17,0,2,3,-1,-0.9895311917857296,2.397628795728902
3829,1979,1,5,24594.0,1,0,2013-12-10,94,1,3,6,10,0,9,1,1,0,3,5,0,0,0,0,0,0,0,47,4405,2,29,4,0,1,0,1,-2.9034410942092075,-2.2773388454688384
3091,1981,0,5,75774.0,1,0,2014-05-02,27,340,21,134,258,14,56,1,7,5,8,4,0,0,0,0,0,0,0,45,4262,2,823,20,0,1,2,-1,1.6391273064677567,-1.218188182187648
10141,1960,3,2,39228.0,0,0,2013-05-10,1,7,1,6,0,3,3,1,0,0,3,4,0,0,0,0,0,0,0,66,4619,1,20,3,0,0,0,2,-1.6816237878761409,-1.8657664960737026
5177,1974,3,3,58494.0,0,1,2013-12-12,56,298,7,68,4,0,19,2,6,2,6,6,0,0,0,0,0,0,0,52,4403,2,396,14,0,1,3,3,-0.7178960086647088,0.43681770689954624
7005,1981,2,4,58684.0,0,0,2014-06-16,71,479,35,179,28,7,85,1,5,3,12,2,0,1,0,0,0,0,0,45,4217,1,813,20,1,0,2,-1,2.564549061569931,-1.477234476562355
6409,1967,2,2,57136.0,0,0,2013-05-18,18,267,140,599,34,12,127,1,7,5,7,6,0,0,0,0,0,0,1,59,4611,1,1179,19,0,0,2,-1,2.9693836145441908,-0.9164843066356033
7485,1950,4,6,56551.0,1,1,2014-05-07,48,67,4,32,17,2,16,3,2,1,4,4,0,0,0,0,0,0,0,76,4257,3,138,7,0,2,3,0,-2.5051412024810102,2.145824795103136
8079,1982,2,3,22448.0,1,0,2014-02-26,86,3,1,8,23,2,18,3,2,1,3,3,0,0,0,0,0,0,0,44,4327,2,55,6,0,1,0,1,-2.5146050921018874,-1.9628440195724344
8395,1961,2,4,82014.0,0,0,2012-08-20,48,980,37,265,35,163,31,1,3,6,12,6,0,0,0,0,0,0,1,65,4882,1,1511,21,0,0,2,-1,3.8391474520081665,-0.07491925701889379
10352,1963,2,6,34213.0,1,1,2012-09-07,2,50,4,28,6,3,26,3,3,1,2,9,0,0,0,0,0,0,1,63,4864,3,117,6,0,2,3,0,-3.3098798377620744,1.4216081828778697
4931,1977,2,5,157146.0,0,0,2013-04-29,13,1,0,1725,2,1,1,0,0,28,0,1,0,0,0,0,0,0,0,49,4630,1,1730,28,0,0,1,-1,5.808722714870501,-1.987747919334285
13,1947,4,6,25358.0,0,1,2013-07-22,57,19,0,5,0,0,8,2,1,0,3,6,0,0,0,0,0,0,0,79,4546,2,32,4,0,1,3,-1,-2.471013202254692,1.1040720255146648
1834,1978,3,4,35544.0,1,0,2014-03-08,77,30,5,23,4,1,4,1,2,0,3,7,0,0,0,0,0,0,0,48,4317,2,67,5,0,1,0,1,-2.8161282509620866,-1.786879145789341
2285,1954,3,5,36634.0,0,1,2013-05-28,0,213,9,76,4,3,30,3,5,2,5,7,0,0,0,0,0,0,0,72,4601,2,335,12,0,1,3,3,-1.0908206454398435,1.578559224834976
2295,1954,4,3,62670.0,0,1,2014-02-02,57,539,30,92,80,46,38,1,5,3,13,3,0,0,0,0,0,0,0,72,4351,2,825,21,0,1,2,-1,1.7559276126617998,1.9287312964912158
1378,1972,0,5,50334.0,0,1,2013-07-24,24,284,16,160,84,16,134,6,7,4,6,6,0,0,0,0,0,0,0,54,4544,2,694,17,0,1,2,-1,0.582634365309766,1.1191347919171735
2781,1981,2,4,72066.0,0,0,2014-06-23,55,1003,34,536,134,51,34,1,4,6,6,2,0,0,1,1,0,0,1,45,4210,1,1792,16,2,0,1,-1,5.265977000610542,-2.6316752443371474
1165,1958,4,4,50729.0,1,1,2013-05-02,62,239,13,143,45,4,52,9,6,2,7,6,0,0,0,0,0,0,0,68,4627,3,496,15,0,2,3,-1,-1.272571025672371,3.685167781443766
1404,1968,2,5,34916.0,2,0,2013-05-15,89,51,23,82,33,0,42,4,5,1,3,9,0,0,0,0,0,0,0,58,4614,3,231,9,0,2,3,-1,-2.99862766286271,0.6671883904825214
6457,1976,2,2,64892.0,0,1,2014-05-29,77,527,24,230,32,24,65,2,6,4,12,4,0,0,0,0,0,0,0,50,4235,2,902,22,0,1,2,-1,1.5152893314902427,0.6990919059705477
2639,1966,2,4,43602.0,1,1,2014-01-10,45,19,5,12,10,3,19,3,3,1,2,6,0,0,0,0,0,0,0,60,4374,3,68,6,0,2,3,0,-3.1571990499411617,0.9418425397891538
8299,1989,4,4,33996.0,0,0,2013-09-11,46,40,2,15,8,0,6,1,1,1,3,4,0,0,0,0,0,0,0,37,4495,1,71,5,0,0,0,-1,-1.5917908594518981,-3.2889837878367096
6437,1985,0,4,41473.0,1,0,2013-06-19,80,21,8,20,15,3,9,1,2,0,3,7,0,0,0,0,0,0,0,41,4579,2,76,5,0,1,0,1,-2.723472082224415,-2.459518858892137
6912,1967,4,3,63246.0,0,2,2013-08-20,60,593,30,91,29,22,7,1,6,3,12,4,0,0,0,0,0,0,0,59,4517,3,772,21,0,2,2,-1,0.4631408085175924,3.0870121827381
7327,1959,4,3,36732.0,1,1,2013-12-29,71,21,5,3,10,1,7,3,1,1,4,2,0,0,0,0,0,0,0,67,4386,3,47,6,0,2,3,0,-2.8693612571072067,1.3709466728035855
5299,1970,4,3,69084.0,1,0,2013-11-19,43,1181,107,199,39,30,30,2,7,3,13,8,0,0,0,0,0,0,0,56,4426,2,1586,23,0,1,2,-1,2.348877430964072,1.0453754341486299
4127,1967,4,3,77766.0,0,1,2013-02-22,97,1004,59,265,115,59,27,2,11,10,11,6,1,0,0,0,0,0,1,59,4696,2,1529,32,1,1,2,-1,4.499718614477119,2.4500559731755938
8143,1985,4,4,37929.0,0,0,2013-07-30,49,202,2,46,3,2,10,2,4,2,5,7,0,1,0,1,0,0,1,41,4538,1,265,11,2,0,0,-1,0.5613074759942803,-2.1655231510038964
1964,1951,2,5,86610.0,0,0,2013-09-05,66,446,107,768,33,196,53,1,5,6,6,2,0,0,0,0,0,0,0,75,4501,1,1603,17,0,0,1,-1,4.603263437098563,-0.3751757256150804
3690,1986,3,3,80141.0,0,0,2013-01-11,20,1184,102,673,52,40,40,1,7,4,10,6,0,0,1,0,0,0,1,40,4738,1,2091,21,1,0,1,-1,5.175632593427812,-1.534439103226936
3433,1955,0,3,72635.0,0,0,2013-06-03,54,390,22,323,104,35,107,1,6,8,6,3,0,0,0,1,0,0,0,71,4595,1,981,20,1,0,1,-1,3.8156924437075834,-0.6794338558940292
3389,1970,2,3,69016.0,0,1,2012-11-22,61,726,53,363,123,107,161,4,8,9,13,5,0,0,0,0,0,0,0,56,4788,2,1533,30,0,1,2,-1,4.480044086437965,2.2479244730581547
4712,1991,0,5,20193.0,0,0,2012-11-28,18,8,8,22,24,11,9,1,1,1,4,4,0,0,0,0,0,0,0,35,4782,1,82,6,0,0,0,-1,-1.4679445280474435,-3.8342416336738956
1170,1975,2,3,27573.0,1,0,2013-03-25,45,50,15,110,39,15,15,4,5,1,4,8,0,0,0,0,0,0,0,51,4665,2,244,10,0,1,0,1,-1.9294766649981843,-0.6949247915998272
6347,1979,1,4,15862.0,1,0,2013-06-27,26,1,1,4,11,9,10,1,1,0,3,8,0,0,0,0,0,0,0,47,4571,2,36,4,0,1,0,1,-3.1750510127201115,-2.197299932544468
4065,1976,4,3,49544.0,1,0,2013-02-12,0,308,0,73,0,0,23,2,5,1,8,7,0,0,0,0,0,0,0,50,4706,2,404,14,0,1,0,-1,-1.1613252424528173,-0.2798131048652889
8230,1980,2,3,33228.0,1,0,2014-01-23,28,22,2,31,7,4,5,1,2,0,3,7,0,0,0,0,0,0,0,46,4361,2,71,5,0,1,0,1,-2.850094974278613,-2.0722112208672505
1215,1978,2,5,70440.0,0,0,2013-10-08,49,690,117,499,76,102,88,1,5,10,7,3,0,0,0,1,0,0,0,48,4468,1,1572,22,1,0,1,-1,5.366049730626647,-1.7859337571281415
5939,1971,2,5,38232.0,1,1,2014-01-17,84,43,5,28,7,6,33,4,3,1,3,5,0,0,0,0,0,0,0,55,4367,3,122,7,0,2,3,0,-2.948017109709243,0.8981325083841738
2156,1955,4,3,22554.0,1,1,2012-11-03,38,27,0,10,0,0,4,4,2,0,4,5,0,0,0,0,0,0,0,71,4807,3,41,6,0,2,3,0,-3.2881041319420077,2.0653273006072688
7788,1983,4,3,23536.0,1,0,2014-06-04,53,6,0,3,0,0,1,1,0,0,3,3,0,0,0,0,0,0,0,43,4229,2,10,3,0,1,0,1,-2.98145633324499,-2.4243796215490656
10323,1952,2,3,49413.0,0,1,2013-10-25,88,205,7,41,3,2,46,2,4,2,5,5,0,0,0,0,0,0,0,74,4451,2,304,11,0,1,3,3,-0.9393898353186755,1.26096282767616
7947,1969,2,3,42231.0,1,1,2014-03-25,99,24,0,8,0,1,4,1,1,0,3,5,0,0,0,0,0,0,0,57,4300,3,37,4,0,2,3,0,-3.439484167789535,0.18087808793414686
1891,1980,3,2,78789.0,0,0,2012-08-08,12,667,50,850,21,83,83,1,4,6,5,2,0,0,0,0,0,0,1,46,4894,1,1754,15,0,0,1,-1,3.6491382078776127,-1.742888089355627
2570,1968,2,5,56534.0,0,1,2013-07-23,35,691,7,61,10,0,46,4,10,4,7,8,0,1,0,0,1,0,1,58,4545,2,815,21,2,1,2,-1,1.83228989317395,2.2049234835810987
9256,1971,2,4,58350.0,0,1,2013-01-04,5,493,26,206,116,80,80,4,8,3,12,6,0,0,0,0,0,0,0,55,4745,2,1001,23,0,1,2,-1,2.140477965975185,1.6442296461459256
295,1989,2,4,81217.0,0,0,2013-07-19,77,493,70,324,146,40,84,1,3,7,11,1,0,0,0,0,0,0,0,37,4549,1,1157,21,0,0,1,-1,3.691976399731592,-2.267221985132972
7397,1951,2,4,49090.0,0,1,2013-07-19,45,494,5,82,7,0,100,3,7,2,9,7,0,0,0,0,0,0,0,75,4549,2,688,18,0,1,2,-1,0.30893898377072976,2.433120453731093
6349,1987,3,2,61787.0,0,0,2013-07-06,71,621,73,414,78,48,85,1,8,4,6,5,0,0,0,0,0,0,0,39,4562,1,1319,18,0,0,2,-1,2.8194835255844573,-1.8049851810652566
10790,1985,4,3,18169.0,1,0,2013-02-19,40,9,0,5,0,0,7,1,1,0,2,8,0,0,0,0,0,0,0,41,4699,2,21,3,0,1,0,1,-3.3625377984659877,-2.1467242502650667
10398,1981,0,4,24336.0,1,0,2012-08-27,82,1,6,2,8,2,12,1,1,0,2,7,0,0,0,0,0,0,0,45,4875,2,31,3,0,1,0,1,-3.118390653501326,-2.3405939157137796
2431,1990,2,3,18222.0,0,0,2012-12-31,70,12,4,19,12,6,14,1,2,0,3,8,0,0,0,0,0,0,0,36,4749,1,67,5,0,0,0,2,-2.02974639079501,-3.368882739782483
550,1952,2,2,62335.0,0,1,2013-05-23,87,243,131,217,85,6,26,2,3,3,13,2,0,0,0,0,0,0,0,74,4606,2,708,19,0,1,2,-1,1.7960699240797084,1.5429828437598683
1890,1971,0,5,42033.0,1,1,2012-09-19,95,11,1,4,2,0,7,1,1,0,2,7,0,0,0,0,0,0,0,55,4852,3,25,3,0,2,3,-1,-3.6578653716957934,0.05612987405839734
10742,1983,4,3,86580.0,0,0,2013-02-27,72,532,21,127,26,20,20,0,4,2,5,1,0,0,1,0,0,0,0,43,4691,1,746,11,1,0,1,-1,2.0006415875022334,-2.4881337641078725
10356,1957,4,2,41437.0,1,1,2012-09-22,5,29,0,2,0,0,1,1,1,0,3,7,0,0,0,0,0,0,0,69,4849,3,32,4,0,2,3,0,-3.4475765071100777,1.38378232023269
4676,1951,3,6,73705.0,0,2,2014-03-05,86,612,91,520,258,107,107,2,9,6,8,5,0,0,0,0,0,0,0,75,4320,3,1695,23,0,2,2,-1,3.8732691279843947,4.045158006819003
8852,1976,2,3,61064.0,0,1,2012-08-31,80,387,126,342,0,45,180,5,8,4,11,6,0,0,0,0,0,0,0,50,4871,2,1080,23,0,1,2,-1,2.483888970216185,1.6814946021027277
3565,1955,3,3,38452.0,1,1,2014-03-30,62,56,0,14,0,0,2,3,3,0,3,7,0,0,0,0,0,0,0,71,4295,3,72,6,0,2,3,0,-3.3451533205376087,1.734729438305314
5294,1989,2,4,18358.0,1,0,2013-11-20,49,6,8,19,16,4,4,3,3,0,4,7,0,0,0,0,0,0,0,37,4425,2,57,7,0,1,0,1,-2.8412662641146507,-2.1067010198998335
1958,1973,4,5,55012.0,0,1,2014-03-21,85,582,0,65,0,0,13,6,8,2,9,5,0,0,0,0,0,0,0,53,4304,2,660,19,0,1,2,3,0.06560778849083186,1.8460540377786014
7349,1973,1,5,9722.0,1,0,2012-10-02,7,6,17,16,6,16,42,4,3,1,3,8,0,0,0,0,0,0,1,53,4839,2,103,7,0,1,0,-1,-2.620303245846423,-0.9489978493100559
8799,1984,4,3,38175.0,1,0,2013-09-23,6,70,6,69,2,3,3,3,3,1,4,7,0,0,0,0,0,0,0,42,4483,2,153,8,0,1,0,1,-2.382788361432897,-1.4005576161032938
1351,1956,3,5,58656.0,0,1,2012-09-20,25,962,12,194,16,24,12,4,7,8,13,6,0,0,1,0,0,0,0,70,4851,2,1220,28,1,1,2,-1,3.281356973104307,2.873252930206486
1045,1965,2,5,52117.0,0,1,2012-08-16,55,112,10,107,30,0,20,2,5,2,4,7,0,0,0,0,0,0,0,61,4886,2,279,11,0,1,3,-1,-1.0782024290033485,0.6922505756737145
7732,1978,2,3,64813.0,1,0,2014-01-02,81,293,0,124,179,97,52,1,7,2,10,5,0,0,0,0,0,0,0,48,4382,2,745,19,0,1,2,-1,1.2378194771382036,-0.7168619133805805
8070,1973,4,3,54222.0,0,1,2014-03-01,98,199,12,31,3,12,7,1,3,3,5,3,0,0,0,0,0,0,0,53,4324,2,264,11,0,1,3,-1,-0.9049199522410173,-0.11319505493360535
477,1986,2,3,83512.0,0,0,2014-06-17,31,1060,61,835,80,20,101,1,4,7,10,1,1,0,1,1,1,0,1,40,4216,1,2157,21,4,0,1,-1,7.618252908822837,-2.6710676147797483
7832,1959,3,3,77520.0,0,1,2013-08-28,30,940,44,396,0,88,58,1,8,7,7,4,1,0,1,1,0,0,1,67,4509,2,1526,22,3,1,1,-1,5.067573189825501,1.168878492013844
2202,1978,2,5,41154.0,0,1,2013-04-09,98,44,2,11,2,3,7,1,1,0,4,5,0,0,0,0,0,0,0,48,4650,2,69,5,0,1,0,-1,-2.2538192670232062,-0.9754580707623711
7396,1966,2,3,80398.0,0,0,2012-11-10,92,342,51,936,207,35,26,1,5,8,12,3,0,0,1,0,0,0,0,60,4800,1,1597,25,1,0,1,-1,5.797202322652833,-1.005530533276967
4055,1992,1,4,18746.0,1,0,2014-05-29,41,2,10,11,12,9,20,2,3,0,3,6,0,0,0,0,0,0,0,34,4235,2,64,6,0,1,0,1,-2.8381828627489942,-2.7562491899400645
10340,1984,2,5,35196.0,1,0,2012-11-13,68,75,12,141,43,39,187,6,6,1,5,8,0,0,0,0,0,0,0,42,4797,2,497,12,0,1,0,-1,-0.8102939572037127,-0.34075904230558596
10091,1956,2,4,60230.0,0,1,2013-05-20,78,520,20,367,39,81,40,2,6,3,6,5,0,0,0,0,0,0,0,70,4609,2,1067,15,0,1,2,-1,1.260462653528041,1.494736108927465
7629,1977,2,3,22108.0,1,1,2014-05-08,46,5,3,9,6,2,6,2,2,0,3,7,0,0,0,0,0,0,0,49,4256,3,31,5,0,2,3,0,-3.7514388851115683,-0.09034251019977904
10640,1974,2,5,44392.0,1,1,2013-09-05,71,87,5,71,7,12,29,5,4,1,4,7,0,0,0,0,0,0,0,52,4501,3,211,9,0,2,3,0,-2.7199940670197464,1.2251012406590371
3498,1976,4,3,55424.0,0,1,2012-11-25,6,462,61,184,10,53,107,4,7,5,9,6,1,0,0,0,0,0,1,50,4785,2,877,21,1,1,2,-1,1.841778472745484,1.2702267154651767
6742,1979,2,3,17688.0,1,0,2013-01-13,82,2,2,1,3,1,2,1,1,0,2,8,0,0,0,0,0,1,0,47,4736,2,11,3,0,1,0,-1,-3.480835049157706,-1.9346547856096854
1172,1983,4,3,92491.0,0,0,2013-05-01,71,979,44,935,29,25,22,1,7,5,12,3,0,1,1,1,0,0,1,43,4628,1,2034,24,3,0,1,-1,6.902895522507764,-1.214834573875648
569,1991,2,4,90273.0,0,0,2013-12-14,32,704,129,853,120,74,111,1,5,6,7,2,0,1,1,1,0,0,1,35,4401,1,1991,18,3,0,1,-1,7.28614629822671,-2.860976994064295
4686,1962,4,6,82571.0,0,0,2014-04-02,28,861,31,558,62,95,79,0,6,5,13,2,0,0,1,0,0,0,0,64,4292,1,1686,24,1,0,1,-1,5.543288545349151,-0.37907821505804884
1381,1982,4,4,38513.0,1,0,2014-01-28,20,172,3,115,16,0,18,5,6,1,5,8,0,0,0,0,0,0,1,44,4356,2,324,12,0,1,0,-1,-1.7942178181582509,-0.47506120186956063
2634,1979,3,4,16653.0,1,0,2014-04-18,10,5,7,31,15,4,7,3,2,1,3,6,0,0,0,0,0,0,1,47,4276,2,69,6,0,1,0,1,-2.782997501330905,-1.6578442158169029
10905,1955,2,5,42586.0,1,1,2012-10-29,7,194,2,56,0,0,0,5,4,1,6,8,0,0,0,0,0,0,1,71,4812,3,252,11,0,2,3,8,-2.536610020679285,2.6439206087771403
1744,1965,1,4,23529.0,0,1,2013-01-07,67,9,7,13,3,2,20,1,1,1,2,6,0,0,0,0,0,0,0,61,4742,2,54,4,0,1,0,3,-2.4755259098654494,-0.4787806118116368
1000,1961,3,5,74881.0,1,1,2013-03-08,48,505,72,270,36,27,54,4,9,2,12,5,0,0,0,0,0,0,0,65,4682,3,964,23,0,2,2,-1,1.0516678408078248,3.380665866732019
3828,1951,2,3,71107.0,0,1,2013-02-17,61,533,10,217,198,174,195,2,7,6,13,4,0,0,0,0,0,0,0,75,4701,2,1327,26,0,1,2,-1,4.38458771988039,2.6121949758595577
8605,1964,4,5,46910.0,1,1,2014-03-23,36,48,0,14,0,0,6,2,2,0,3,6,0,0,0,0,0,0,0,62,4302,3,68,5,0,2,3,0,-3.2874903839957414,1.068709236065746
10304,1959,2,3,18690.0,0,0,2012-12-28,77,6,1,7,23,4,19,1,1,1,2,8,0,0,0,0,0,0,0,67,4752,1,60,4,0,0,0,2,-1.8766393884353398,-1.685612458087966
4351,1955,2,2,37244.0,1,1,2013-04-27,90,18,2,10,0,0,25,1,1,1,2,7,1,0,0,0,0,0,0,71,4632,3,55,4,1,2,3,-1,-3.0727999333271625,0.9790617799470441
10129,1966,2,5,82427.0,0,0,2014-03-12,35,482,147,509,104,107,107,1,3,5,12,1,0,0,1,0,0,0,0,60,4313,1,1456,20,1,0,1,-1,5.6096576230596105,-1.4723156743586816
2499,1958,0,4,75342.0,0,1,2013-05-06,38,204,97,97,21,118,26,1,5,2,10,4,0,0,0,0,0,0,0,68,4623,2,563,17,0,1,2,-1,1.3581655466304057,0.841144076472024
10092,1954,2,2,70044.0,0,1,2013-02-18,46,1073,0,250,153,14,14,4,7,10,5,5,0,0,0,0,0,0,0,72,4700,2,1504,22,0,1,2,-1,2.6570669825873794,2.5783472471451394
7500,1967,2,4,79146.0,1,1,2014-04-24,33,245,16,223,21,43,16,2,8,1,8,6,0,0,0,0,0,0,0,59,4270,3,564,17,0,2,3,-1,-0.6358083845512194,1.835504157659118
5796,1963,2,3,77437.0,0,0,2013-11-26,70,560,21,442,29,44,29,1,4,5,13,1,0,0,1,0,0,0,0,63,4419,1,1125,22,1,0,1,-1,4.010452305224023,-0.8978895865859364
10556,1959,2,3,54984.0,0,1,2014-05-24,51,173,13,131,32,3,6,4,6,1,6,7,0,0,0,1,0,0,0,67,4240,2,358,13,1,1,3,-1,-0.04288065327472625,1.0375322978430617
1064,1971,4,3,42403.0,1,0,2013-12-11,18,22,1,11,0,5,3,1,1,0,3,8,0,0,0,0,0,0,0,55,4404,2,42,4,0,1,0,1,-2.9278312731831124,-1.3068860685006543
48,1964,2,5,55761.0,0,1,2014-04-24,97,136,1,12,0,3,32,2,4,1,3,6,0,1,0,0,0,0,0,62,4270,2,184,8,1,1,3,-1,-1.074196673560345,0.5583947837758741
7610,1983,2,5,37292.0,1,0,2013-04-18,32,275,0,86,10,23,66,5,6,3,5,8,0,0,0,0,0,0,0,43,4641,2,460,14,0,1,0,-1,-1.156508925464725,-0.4521261836543631
263,1945,4,4,45576.0,0,0,2014-05-28,9,56,19,29,2,14,25,1,3,1,3,8,0,0,0,0,0,0,1,81,4236,1,145,7,0,0,0,-1,-1.0674775196110575,-0.43542242286522936
10814,1947,2,5,70321.0,0,0,2013-01-16,6,303,23,751,82,26,191,1,6,5,13,4,0,0,0,0,0,0,1,79,4733,1,1376,24,0,0,2,-1,4.181624161154192,0.8042902951140183
9710,1969,4,2,58086.0,0,1,2013-01-20,80,708,7,62,0,0,15,2,11,3,7,8,0,0,0,0,0,0,0,57,4729,2,792,21,0,1,2,-1,0.4609465078369791,1.9703206161094704
9292,1952,2,3,81795.0,0,0,2012-10-26,74,324,132,693,27,118,88,1,4,11,7,2,0,0,0,0,0,0,0,74,4815,1,1382,22,0,0,1,-1,4.7764505606417895,-0.1207463245413058
10250,1947,1,5,28389.0,0,0,2012-11-20,49,1,5,3,7,4,8,1,1,0,2,7,0,0,0,0,0,0,0,79,4790,1,28,3,0,0,0,-1,-1.8519397516830733,-1.1369157650405024
7881,1946,3,3,66835.0,0,0,2013-09-28,21,620,26,195,34,17,141,1,6,4,13,2,0,0,0,0,0,0,0,80,4478,1,1033,23,0,0,2,-1,3.1644556750849713,0.9613587160250239
5847,1969,2,2,69901.0,0,1,2013-05-29,95,312,21,206,102,92,149,3,7,3,10,5,0,0,0,0,0,0,0,57,4600,2,882,20,0,1,2,-1,2.0288694214190666,1.327140023556028
737,1949,4,3,80360.0,0,0,2013-03-03,56,1493,86,454,112,43,43,2,4,4,5,2,0,1,1,1,0,0,0,77,4687,1,2231,13,3,0,1,-1,6.544807004335264,0.23292537353060924
3571,1961,4,5,63342.0,0,1,2012-10-16,48,918,21,118,13,10,21,3,8,3,5,6,0,1,0,0,0,0,1,65,4825,2,1101,16,1,1,2,-1,1.3811519369100238,2.4425671072218016
7807,1974,2,3,44989.0,0,1,2012-09-12,26,98,0,106,49,10,106,5,5,1,5,6,0,0,0,0,0,0,0,52,4859,2,369,11,0,1,3,-1,-0.8422057982070598,0.6863326760432874
3878,1980,0,4,31859.0,1,0,2014-02-27,3,3,4,7,15,8,11,1,1,0,3,7,0,0,0,0,0,0,0,46,4326,2,48,4,0,1,0,1,-2.962941459287348,-2.48311847061504
5092,1949,4,6,51569.0,0,1,2013-02-12,39,380,0,47,6,0,34,4,7,1,7,8,0,1,0,0,0,0,1,77,4706,2,467,15,1,1,2,-1,0.022767811652155367,3.0086028701210172
2154,1971,2,6,30372.0,1,1,2012-12-25,33,15,0,12,7,3,7,3,2,0,3,7,0,0,0,0,0,0,0,55,4755,3,44,5,0,2,3,0,-3.541369731025927,0.7185262721682473
5394,1979,1,4,16014.0,1,1,2013-03-17,42,3,9,4,7,8,7,4,1,1,4,3,0,0,0,0,0,0,0,47,4673,3,38,6,0,2,3,-1,-3.276805313201559,0.02829942595904736
3798,1968,2,3,41120.0,1,1,2013-11-06,80,24,2,23,0,8,24,3,2,1,3,6,0,0,0,0,0,0,0,58,4439,3,81,6,0,2,3,0,-3.1694547183079163,0.8295790635849731
3524,1971,3,4,39763.0,1,0,2013-08-04,9,80,1,60,4,6,16,2,5,1,2,9,0,0,0,0,0,0,1,55,4533,2,167,8,0,1,0,1,-2.3828031298790324,-0.723198661933343
5247,1955,4,3,38725.0,1,1,2014-05-10,52,31,0,6,2,1,5,2,1,0,4,4,0,0,0,0,0,0,0,71,4254,3,45,5,0,2,3,0,-3.171623015421896,1.4112008307859376
5883,1972,2,3,77981.0,1,0,2013-05-26,78,138,120,204,16,126,60,3,7,4,7,5,0,0,0,0,0,0,0,54,4603,2,664,18,0,1,2,-1,1.3965526241620363,-0.10165858831905093
2118,1964,0,3,62905.0,0,1,2013-09-10,68,166,75,96,119,107,59,3,7,2,8,4,0,0,0,0,0,0,0,62,4496,2,622,17,0,1,2,-1,1.439411618095101,0.7838069735065168
8812,1979,0,2,13533.0,1,0,2013-03-10,45,12,3,8,8,0,17,2,2,0,3,7,0,0,0,0,0,0,0,47,4680,2,48,5,0,1,0,1,-3.0541755081664284,-2.0285031162999974
6616,1975,2,5,59481.0,0,1,2013-10-23,47,178,3,85,71,66,58,2,3,3,8,2,0,0,0,0,0,0,0,51,4453,2,461,14,0,1,2,-1,0.3742046889532523,-0.10880320309469685
2797,1977,2,3,72117.0,0,1,2013-08-20,34,707,20,171,65,60,50,1,9,7,9,5,0,0,0,0,0,0,0,49,4517,2,1073,25,0,1,2,-1,2.3529587986037974,0.9249813944298168
4328,1986,0,3,21955.0,1,0,2013-09-07,81,5,1,7,17,14,11,2,2,1,3,6,0,0,0,0,0,0,0,40,4499,2,55,6,0,1,0,1,-2.7522980708517526,-2.4707275178894013
9167,1956,2,3,67131.0,0,1,2013-03-26,72,465,71,250,93,35,62,3,9,2,12,6,0,0,0,0,0,0,0,70,4664,2,976,23,0,1,2,-1,2.180542829884697,2.415688321560362
10560,1980,4,4,36802.0,1,0,2014-06-16,23,16,1,2,0,0,1,1,1,0,3,5,0,0,0,0,0,0,0,46,4217,2,20,4,0,1,0,1,-2.8778766201233243,-2.025279365327256
2631,1982,2,5,71853.0,0,0,2013-05-08,29,358,108,413,141,97,32,1,2,8,6,1,0,0,0,0,0,0,0,44,4621,1,1149,16,0,0,1,-1,3.434138523317744,-2.5500564066198845
8312,1961,1,3,28249.0,0,0,2014-06-15,80,1,9,7,2,14,10,1,2,0,3,6,0,0,0,0,0,0,0,65,4218,1,43,5,0,0,0,-1,-1.6861621601896406,-2.0694103017710685
5534,1975,3,3,47808.0,0,1,2013-10-20,30,123,1,26,2,0,72,2,3,2,3,7,1,0,0,0,0,0,0,51,4456,2,224,8,1,1,0,-1,-1.3534496806258964,-0.3787704415610457
5093,1974,4,2,25509.0,1,0,2012-09-18,15,40,3,30,10,7,11,3,3,0,3,9,0,0,0,0,0,0,1,52,4853,2,101,6,0,1,0,1,-2.8171657717601626,-0.7616114653952878
7592,1946,4,3,51012.0,0,0,2013-04-18,86,102,9,63,2,9,24,1,4,1,4,6,0,0,0,0,0,0,0,80,4641,1,209,9,0,0,0,-1,-0.5505327816695952,-0.10293494635277672
8895,1985,2,4,70596.0,0,0,2012-10-05,68,347,44,534,17,0,26,1,3,5,12,2,0,0,0,0,0,0,0,41,4836,1,968,20,0,0,2,-1,2.374920472361642,-1.9524809532175096
8584,1952,4,5,85431.0,0,0,2013-06-08,54,376,53,462,168,53,53,1,2,7,7,0,0,0,0,0,0,0,0,74,4590,1,1165,16,0,0,2,-1,3.5933952171188697,-0.37480745372034346
2694,1967,2,3,42664.0,0,1,2014-03-18,44,21,0,3,0,0,0,1,1,0,3,6,0,0,0,0,0,0,0,59,4307,2,24,4,0,1,3,3,-2.5452411373756028,-0.5877589180503323
8910,1955,2,5,42586.0,1,1,2012-10-29,7,194,2,56,0,0,0,5,4,1,6,8,0,0,0,0,0,0,1,71,4812,3,252,11,0,2,3,8,-2.536610020679285,2.6439206087771403
7433,1985,2,4,29760.0,1,0,2012-08-29,87,64,4,68,7,5,17,4,3,1,4,8,0,0,0,0,0,0,0,41,4873,2,165,8,0,1,0,1,-2.459119449513631,-1.3051583237676838
164,1977,4,3,28973.0,0,0,2012-10-13,59,206,0,46,3,2,12,2,5,1,5,8,0,0,0,0,0,0,0,49,4828,1,269,11,0,0,0,-1,-0.9574468133765737,-1.4671969910886473
10477,1973,4,5,39435.0,1,0,2013-08-06,16,71,0,18,0,0,13,1,3,1,2,7,0,0,0,0,0,0,0,53,4531,2,102,6,0,1,0,1,-2.5446381352221774,-1.1501567910972752
2681,1984,0,3,65370.0,0,0,2013-08-01,1,71,22,112,138,89,29,1,2,3,13,1,0,0,0,0,0,0,0,42,4536,1,461,18,0,0,2,-1,1.9651206657056572,-2.7604535167371074
5150,1979,1,4,20194.0,1,0,2012-12-17,64,0,4,7,11,10,15,2,2,0,3,6,0,0,0,0,0,0,0,47,4763,2,47,5,0,1,0,1,-2.811059379690675,-1.8531207145409727
5283,1976,4,4,42473.0,1,1,2014-02-17,72,93,1,21,0,4,25,3,2,1,4,5,0,0,0,0,0,0,0,50,4336,3,144,7,0,2,3,0,-2.9386008044126957,0.6705382355608861
9645,1968,2,3,64590.0,0,0,2012-10-14,98,920,138,168,36,46,30,1,9,4,10,6,0,0,0,0,0,0,0,58,4827,1,1338,23,0,0,2,-1,3.428734573816899,-0.14794685624630013
10678,1959,2,5,71232.0,0,1,2013-11-28,91,653,17,170,34,26,17,2,11,2,10,7,0,0,0,0,0,0,0,67,4417,2,917,23,0,1,2,-1,1.3795098312999687,2.2878139874609364
7261,1971,2,5,34600.0,1,1,2013-01-01,8,199,33,60,8,3,15,5,5,2,5,8,0,0,0,0,0,0,1,55,4748,3,318,12,0,2,3,0,-2.2994224624953037,1.7115897291419833
9648,1967,2,4,46904.0,1,1,2012-11-03,20,153,4,56,0,9,31,4,5,1,4,8,0,0,0,0,0,0,0,59,4807,3,253,10,0,2,3,0,-2.5468483822711643,1.7654101518266987
2870,1973,2,3,49094.0,0,1,2012-09-21,6,376,0,38,11,8,69,5,6,3,6,6,0,0,0,0,0,0,0,53,4850,2,502,15,0,1,2,-1,-0.4105841111963737,1.1547208657474666
8008,1983,2,5,36075.0,1,0,2013-12-09,54,46,0,30,12,1,30,1,2,0,4,6,0,0,0,0,0,0,0,43,4406,2,119,6,0,1,0,1,-2.499866813503522,-2.0901583630488836
1513,1979,0,5,60839.0,1,1,2012-08-28,72,600,21,128,223,150,128,13,2,2,12,8,0,0,0,0,0,0,0,47,4874,3,1250,16,0,2,2,-1,1.0165975560310876,2.7727254443827496
6173,1979,2,5,77298.0,0,1,2013-11-02,46,425,115,292,23,35,79,1,6,6,11,3,0,0,0,0,0,0,0,47,4443,2,969,23,0,1,2,-1,2.5214990569725826,0.35265758942148556
1419,1950,2,5,34026.0,1,1,2013-08-05,11,18,6,15,12,8,17,3,2,1,3,5,0,0,0,0,0,0,0,76,4532,3,76,6,0,2,3,0,-2.9705804432924943,1.817672419531561
9150,1963,4,4,48918.0,1,1,2014-04-12,21,52,0,9,0,0,1,2,1,0,4,4,0,0,0,0,0,0,0,63,4282,3,62,5,0,2,3,0,-3.121787565266819,0.9950971808964174
7960,1962,0,5,82122.0,0,0,2013-08-15,89,734,22,350,151,25,100,1,3,9,13,1,0,0,1,0,0,0,0,64,4522,1,1382,25,1,0,1,-1,5.310917287846574,-0.8278897571356948
1250,1976,2,4,37697.0,1,0,2014-02-07,82,34,6,21,11,4,8,1,2,1,3,6,0,0,0,0,0,0,0,50,4346,2,84,6,0,1,0,1,-2.5019528226998284,-1.7672940294439083
9905,1952,2,5,34074.0,1,1,2013-07-13,69,135,1,41,10,1,67,5,3,3,3,6,1,0,0,0,0,0,0,74,4555,3,255,9,1,2,3,-1,-2.1034799462391343,2.262884995504443
10691,1960,3,3,28520.0,1,1,2013-06-14,55,11,0,10,0,2,20,1,1,1,2,6,0,0,0,0,0,0,0,66,4584,3,43,4,0,2,3,0,-3.4562150836111867,0.902247528027651
7002,1955,2,4,62535.0,0,1,2013-10-03,13,163,48,90,0,45,52,1,3,2,8,3,0,0,0,0,0,0,0,71,4473,2,398,13,0,1,2,-1,0.13136918288789612,0.8861272468742697
2952,1977,3,4,36273.0,1,0,2014-04-16,80,29,3,30,3,2,9,2,3,0,3,6,0,0,0,0,0,0,0,49,4278,2,76,6,0,1,0,1,-2.6310989017951756,-1.4846636109226357
8439,1964,2,5,63404.0,0,2,2014-06-06,97,734,26,70,11,44,17,2,6,3,4,4,0,0,0,1,0,0,0,62,4227,3,902,13,1,2,3,-1,0.5436974395871395,2.344550934072094
762,1981,0,5,75774.0,1,0,2014-05-02,27,340,21,134,258,14,56,1,7,5,8,4,0,0,0,0,0,0,0,45,4262,2,823,20,0,1,2,-1,1.6391273064677567,-1.218188182187648
2831,1976,2,5,78416.0,0,1,2014-06-27,99,453,38,279,188,38,183,2,7,7,10,3,0,0,0,0,0,0,0,50,4206,2,1179,24,0,1,2,-1,3.369895871590982,0.8144502310658842
6977,1974,2,5,75702.0,0,1,2012-10-14,87,1073,0,629,145,37,37,1,10,5,13,6,0,0,1,0,0,0,0,52,4827,2,1921,28,1,1,1,-1,4.890194653613259,1.4159195853087794
6289,1951,3,5,59385.0,1,1,2013-04-28,85,135,0,10,0,4,36,2,3,1,4,5,0,0,0,0,0,0,0,75,4631,3,185,8,0,2,3,-1,-2.35278807603872,2.207799219248976
4168,1966,2,4,37070.0,1,1,2013-03-20,30,231,7,137,4,15,39,9,5,1,8,7,0,0,0,0,0,0,1,60,4670,3,433,14,0,2,3,-1,-1.921509145532109,2.858784438267526
8397,1951,2,3,44689.0,1,1,2014-01-10,82,18,0,5,0,0,11,2,1,1,2,7,1,0,0,0,0,0,0,75,4374,3,34,4,1,2,3,-1,-3.115641187731512,1.2859620635523858
9284,1958,2,5,53977.0,0,1,2013-06-08,21,620,16,165,0,24,82,5,5,5,12,5,0,0,0,0,0,0,0,68,4590,2,907,22,0,1,2,-1,1.3568306725217483,2.453963476473753
6237,1966,4,4,7144.0,0,2,2013-12-07,92,81,4,33,5,2,291,0,23,1,1,0,0,0,0,0,0,0,0,60,4408,3,416,25,0,2,2,-1,0.5387367616625063,3.8436924004174955
3130,1964,2,4,18701.0,1,1,2013-06-04,95,12,4,2,10,6,10,4,2,0,4,5,0,0,0,0,0,0,0,62,4594,3,44,6,0,2,3,0,-3.3410257631525604,1.19619749968147
1619,1956,2,3,90369.0,0,0,2014-04-28,2,292,51,981,224,23,17,1,4,6,6,1,0,0,0,0,0,0,1,70,4266,1,1588,16,0,0,1,-1,4.0867707053329285,-1.0941936879977623
1990,1974,4,4,63159.0,0,0,2012-11-05,74,965,34,586,89,86,37,1,3,5,8,3,1,0,0,0,0,0,0,52,4805,1,1797,16,1,0,1,-1,3.9147827439565845,-1.3178861690763002
5513,1966,2,5,37758.0,1,1,2012-10-04,49,27,2,10,0,0,1,2,1,0,3,8,0,0,0,0,0,0,0,60,4837,3,40,4,0,2,3,0,-3.6370461318651284,0.8323289126921705
269,1963,4,4,46757.0,0,1,2012-11-16,71,777,30,163,0,51,122,6,4,4,7,9,0,0,0,0,0,0,0,63,4794,2,1143,15,0,1,2,-1,0.7530349005169386,2.392642221983651
8093,1969,3,3,79734.0,0,0,2014-06-28,72,572,8,232,23,62,17,1,4,3,6,1,0,0,0,1,0,0,0,57,4205,1,914,13,1,0,1,-1,2.4822658854955546,-1.7036575160204033
10513,1992,2,5,63207.0,0,0,2013-01-20,68,438,169,565,91,169,70,1,2,3,6,7,0,0,0,1,0,0,0,34,4729,1,1502,11,1,0,1,-1,4.0519679949510365,-3.377079994961309
10177,1954,2,2,72071.0,0,1,2013-02-14,4,531,69,300,150,138,150,3,5,4,8,2,0,0,0,0,0,0,0,72,4704,2,1338,17,0,1,2,-1,3.3385826553903475,1.7562607369245282
2549,1983,4,5,21840.0,1,0,2013-07-21,80,17,0,9,0,0,1,1,1,0,3,9,0,0,0,0,0,0,0,43,4547,2,27,4,0,1,0,1,-3.296745803439859,-1.934909730796339
5782,1982,0,5,58582.0,0,1,2013-09-28,15,402,35,106,101,77,42,2,9,2,9,5,0,1,0,0,0,0,0,44,4478,2,763,20,1,1,2,-1,1.8863830902073433,0.26402701076970153
10057,1951,2,4,72282.0,0,0,2013-07-19,70,503,27,419,90,139,153,1,5,7,9,7,0,0,0,0,0,0,1,75,4549,1,1331,21,0,0,2,-1,3.8658651573273835,0.30377798740331624
10307,1956,2,3,50387.0,0,2,2013-08-31,91,369,9,87,12,14,34,3,6,2,8,5,0,0,0,0,0,0,0,70,4506,3,525,16,0,2,3,-1,-0.7728327842146412,3.433238010762124
8566,1961,4,5,32583.0,1,1,2014-06-15,10,5,0,3,0,0,1,1,1,0,2,7,0,0,0,0,0,0,0,65,4218,3,9,3,0,2,3,0,-3.782137964605239,0.784591425326545
2415,1962,2,5,62568.0,0,1,2014-04-07,99,362,17,398,80,35,61,3,5,3,5,4,0,0,0,1,0,0,0,64,4287,2,953,13,1,1,2,-1,1.7096350708764303,0.6715978021977757
5684,1971,3,2,44635.0,1,1,2013-10-11,25,56,0,9,0,0,3,2,2,0,3,7,0,0,0,0,0,0,0,55,4465,3,68,5,0,2,3,0,-3.462309386522324,0.5839714904352163
8334,1971,3,4,33316.0,1,1,2013-10-04,34,79,1,31,4,4,12,3,2,1,4,6,0,0,0,0,0,0,0,55,4472,3,131,7,0,2,3,0,-3.101577819896906,0.8351364607960651
9166,1968,2,3,63967.0,0,1,2013-08-09,57,387,84,141,73,35,162,3,4,4,12,2,0,0,0,0,0,0,0,58,4528,2,882,20,0,1,2,-1,2.2179212870386182,1.1381944683145804
1440,1978,0,5,52513.0,0,0,2012-09-04,84,367,17,241,104,188,232,2,9,5,9,7,0,0,0,0,0,0,0,48,4867,1,1149,23,0,0,2,-1,3.7759364139479117,-0.9014558189552473
78,1969,2,3,25293.0,1,0,2013-09-15,51,15,0,11,0,2,9,1,1,1,2,8,0,0,0,0,0,0,0,57,4491,2,37,4,0,1,0,1,-3.0746080680705945,-1.4817802901690555
5441,1965,4,6,54111.0,0,1,2013-08-25,97,267,6,54,8,3,50,2,5,2,6,5,0,0,0,0,0,0,0,61,4512,2,388,13,0,1,3,-1,-0.5671066931506089,1.0643768258199604
5302,1986,2,5,78394.0,0,0,2013-02-15,13,298,27,697,216,24,166,1,4,6,5,2,0,0,0,0,0,0,1,40,4703,1,1428,15,0,0,1,-1,3.6045199676893107,-2.4320286019885256
4687,1958,3,3,80739.0,0,0,2013-05-23,92,674,92,736,39,0,92,1,3,11,9,1,0,0,0,0,0,0,0,68,4606,1,1633,23,0,0,1,-1,4.583735495620965,-0.11701383041138042
1087,1975,3,5,22669.0,1,0,2013-05-22,30,16,14,36,37,22,48,3,4,1,2,9,0,0,0,0,0,0,1,51,4607,2,173,7,0,1,0,1,-2.352552992316964,-0.9531977291998064
6859,1987,2,4,29236.0,1,0,2013-10-08,30,37,4,24,16,9,9,2,4,0,3,9,0,0,0,0,0,0,0,39,4468,2,99,7,0,1,0,1,-2.792263136701484,-1.9774912422086752
9860,1959,2,5,44911.0,0,1,2013-03-15,11,159,0,22,2,1,31,3,4,1,4,7,0,0,0,0,0,0,0,67,4675,2,215,9,0,1,3,3,-1.6292717447596574,0.9919102955595553
7129,1962,4,3,54693.0,0,1,2013-02-17,72,686,17,142,23,26,35,8,6,4,13,6,0,0,0,0,0,0,0,64,4701,2,929,23,0,1,2,-1,1.270238935101405,3.172814631828628
5866,1974,2,5,48186.0,1,0,2014-03-20,39,97,3,66,12,7,34,3,4,1,4,7,0,0,0,0,0,0,0,52,4305,2,219,9,0,1,0,1,-1.9470091337177895,-0.909926217066015
10521,1977,2,3,54809.0,1,1,2013-09-11,0,63,6,57,13,13,22,4,2,1,5,4,0,0,0,0,0,0,1,49,4495,3,174,8,0,2,3,0,-2.5256441503096636,0.5730874718437038
7393,1978,2,5,41580.0,1,1,2012-12-10,15,56,5,24,4,0,3,3,2,1,3,5,0,0,0,0,0,0,0,48,4770,3,92,6,0,2,3,0,-3.1391971042257887,0.32879688536898344
7849,1970,4,3,80336.0,0,0,2013-09-09,12,209,19,456,160,142,66,1,2,9,13,1,0,0,0,0,0,0,0,56,4497,1,1052,24,0,0,1,-1,4.343702012145784,-1.0855843235002767
332,1957,2,3,47743.0,0,1,2013-03-22,56,198,2,43,0,12,20,3,4,1,6,6,0,1,0,0,0,0,0,69,4668,2,275,11,1,1,3,-1,-0.5997775880629698,1.4546088525259875
9847,1955,0,3,62972.0,0,1,2012-08-03,39,313,15,47,20,0,192,2,7,4,3,6,0,0,0,0,0,0,0,71,4899,2,587,14,0,1,2,-1,0.3232415393401098,1.601707222920294
531,1954,4,2,57333.0,0,1,2012-09-22,55,941,14,397,76,58,176,11,8,5,9,6,0,0,0,0,0,0,1,72,4849,2,1662,22,0,1,2,-1,2.908292841275116,4.415947759835858
9576,1982,4,5,32313.0,1,0,2013-02-11,60,86,4,56,2,4,7,3,4,0,4,9,0,0,0,0,0,0,0,44,4707,2,159,8,0,1,0,1,-2.5512476929438463,-0.9981029757125126
6906,1953,3,6,84953.0,0,0,2013-06-03,73,167,48,602,63,72,72,1,3,10,4,2,0,1,1,1,0,0,1,73,4595,1,1024,17,3,0,1,-1,5.507677300266939,-0.8316174322485931
7419,1968,3,2,27071.0,1,0,2014-04-23,90,8,3,19,0,2,3,2,2,0,3,6,0,0,0,0,0,0,0,58,4271,2,35,5,0,1,0,1,-2.8569897542124285,-1.1418150323300205
3170,1957,3,5,68148.0,0,0,2013-08-31,86,389,66,408,37,57,85,1,4,4,6,2,0,0,0,0,0,0,0,69,4506,1,1042,14,0,0,2,-1,2.4478410157621813,-0.6408069313129506
8527,1965,3,5,65735.0,1,1,2013-12-07,37,239,7,119,4,15,11,5,6,2,6,7,0,0,0,0,0,0,0,61,4408,3,395,14,0,2,3,-1,-1.6740305378166103,2.366527297315693
7872,1975,4,3,86836.0,0,0,2012-09-12,7,179,21,273,0,21,63,1,6,10,6,5,1,0,1,1,0,0,1,51,4859,1,557,22,3,0,1,-1,4.104289553784072,-1.6198993764069596
9931,1963,4,3,4023.0,1,1,2014-06-23,29,5,0,1,1,1,1,15,0,0,0,19,0,0,0,0,0,0,0,63,4210,3,9,0,0,2,3,-1,-5.802318708239167,3.0339308467995116
10595,1990,2,3,30093.0,0,0,2013-07-08,19,2,6,28,13,4,16,1,2,0,3,7,0,0,0,0,0,0,0,36,4560,1,69,5,0,0,0,2,-1.856154459142822,-3.4753485193401934
4609,1966,4,3,57705.0,0,1,2014-01-11,14,383,0,53,6,4,40,3,8,1,6,6,0,0,0,0,0,0,0,60,4373,2,486,15,0,1,2,3,-0.45689694166463624,1.424703203844985
5010,1988,2,4,25008.0,1,0,2014-02-02,72,2,8,8,6,1,9,2,1,0,3,8,0,0,0,0,0,0,0,38,4351,2,34,4,0,1,0,1,-3.2241465057533687,-2.4562520566228527
4427,1995,0,4,83257.0,0,0,2012-09-18,56,536,27,590,38,107,67,1,5,10,12,6,1,0,1,0,0,1,1,31,4853,1,1365,27,2,0,1,-1,5.132977862070356,-2.5359722031642224
11148,1975,2,5,22280.0,1,0,2013-05-19,85,2,1,4,3,1,2,1,1,0,2,8,0,0,0,0,0,0,0,51,4610,2,13,3,0,1,0,1,-3.2809498870822784,-1.8106452835865576
1168,1978,4,3,72159.0,0,0,2012-10-29,62,322,53,899,34,40,53,1,4,6,10,2,0,0,0,0,0,0,0,48,4812,1,1401,20,0,0,1,-1,3.5205361704609888,-1.3673207883255831
9595,1961,2,5,64260.0,0,0,2013-01-11,1,539,169,816,20,0,30,1,4,5,4,3,0,0,0,0,0,0,1,65,4738,1,1574,13,0,0,2,-1,3.0908050424907736,-1.1411340715018599
10163,1984,4,4,82733.0,0,0,2013-09-10,28,712,50,420,65,38,38,1,8,4,7,4,0,0,0,0,0,0,1,42,4496,1,1323,19,0,0,2,-1,2.931467911143312,-1.38447677505218
2886,1971,3,2,74290.0,0,1,2013-08-12,70,1121,0,72,0,12,12,4,10,8,10,6,0,1,0,1,0,0,0,55,4525,2,1217,28,2,1,2,-1,3.544287597345219,2.4606674694406525
6710,1951,3,4,58217.0,2,1,2012-11-17,84,68,1,13,3,5,13,1,2,0,4,6,0,0,0,0,0,0,0,75,4793,4,103,6,0,3,3,-1,-3.7791465672549687,2.782476680435646
5316,1976,3,5,21024.0,0,0,2013-07-04,89,36,4,18,6,2,18,1,2,0,4,7,0,0,0,0,0,0,0,50,4564,1,84,6,0,0,0,2,-1.713926586651701,-2.3881115285490884
9029,1972,4,3,70116.0,0,0,2013-01-26,73,707,44,603,95,58,29,1,2,8,12,1,0,0,0,0,0,0,0,54,4723,1,1536,22,0,0,1,-1,4.136933122644561,-0.9313201154785019
521,1985,2,5,54006.0,1,0,2012-09-18,42,174,77,203,6,24,97,2,8,1,7,7,0,0,0,0,0,0,0,41,4853,2,581,16,0,1,0,-1,0.00027716001057928255,-0.7603697644973605
1459,1966,4,3,69063.0,0,1,2012-11-07,16,666,35,124,69,8,26,1,5,3,5,3,0,0,0,0,0,0,0,60,4803,2,928,13,0,1,2,-1,0.8262208971187587,0.9300608814801073
10241,1975,0,2,11448.0,0,0,2013-12-15,16,0,0,0,6,2,6,1,1,0,2,6,0,0,0,0,0,0,0,51,4400,1,14,3,0,0,0,-1,-2.290799612057209,-3.2327705444655943
1630,1979,2,4,61825.0,0,1,2013-08-07,56,162,50,100,55,30,27,1,4,2,8,4,0,0,0,0,0,0,0,47,4530,2,424,14,0,1,2,-1,0.08633871049078905,-0.3999018105187414
3254,1971,2,3,70886.0,1,0,2013-10-14,65,407,70,239,103,88,53,1,5,4,4,2,0,0,0,0,0,0,0,55,4462,2,960,13,0,1,2,-1,1.3401788045434861,-0.8829685096608841
9064,1982,2,3,69109.0,0,0,2012-11-09,10,823,25,459,124,29,95,1,6,6,7,4,0,0,1,0,0,0,1,44,4801,1,1555,19,1,0,1,-1,4.282648874240686,-1.8196660816504915
3678,1973,2,6,60208.0,1,1,2012-10-07,13,488,23,71,15,0,59,11,8,3,7,7,0,1,0,0,0,0,1,53,4834,3,656,18,1,2,3,-1,-0.3639213316569367,3.701947070886933
4227,1968,3,5,32889.0,1,1,2013-09-06,78,28,0,13,4,2,8,3,2,1,3,5,0,0,0,0,0,0,0,58,4500,3,55,6,0,2,3,0,-3.2284381210543436,0.9274663513389052
9467,1984,2,4,34738.0,1,0,2014-05-11,51,3,2,10,3,0,2,1,1,0,3,6,0,0,0,0,0,0,0,42,4253,2,20,4,0,1,0,1,-3.006942523780435,-2.473910650584206
8486,1971,3,5,30538.0,1,0,2012-10-01,27,284,0,52,8,3,20,4,9,0,4,10,0,0,0,0,0,0,0,55,4840,2,367,13,0,1,0,-1,-1.7777941508622808,0.43698471810337064
2186,1977,0,5,82326.0,0,0,2014-03-10,30,938,142,754,159,81,183,1,5,10,6,2,0,1,1,1,0,0,1,49,4315,1,2257,21,3,0,1,-1,8.415282715745873,-2.0754243722633285
3286,1967,4,2,26642.0,1,0,2014-03-01,71,13,2,15,2,2,8,2,2,0,3,6,0,0,0,0,0,0,0,59,4324,2,42,5,0,1,0,1,-2.8100363433398647,-0.9324424381024453
8602,1964,2,2,69932.0,0,1,2013-06-12,97,412,172,153,150,105,57,2,7,6,11,4,0,0,0,0,0,0,0,62,4586,2,1049,24,0,1,2,-1,3.5586962372799267,1.3344750806397634
3722,1972,2,4,44503.0,1,1,2014-04-16,83,31,1,8,0,0,8,2,2,0,3,6,0,0,0,0,0,0,0,54,4278,3,48,5,0,2,3,0,-3.419803346207034,0.32895679590830973
6715,1948,4,4,60200.0,0,1,2013-01-02,3,502,19,132,0,6,26,6,6,2,11,6,0,0,0,0,0,0,0,78,4747,2,685,19,0,1,2,-1,0.49441813344754965,3.360716575518019
4796,1952,2,2,49638.0,0,1,2014-04-19,71,18,10,3,3,5,0,1,1,0,3,2,0,0,0,0,0,0,0,74,4275,2,39,4,0,1,3,3,-1.9533269619653333,0.1602280510840952
9612,1987,0,4,23830.0,0,0,2014-02-07,3,1,8,6,4,8,16,1,1,0,3,7,0,0,0,0,0,0,0,39,4346,1,43,4,0,0,0,2,-2.0991223495364397,-3.7887835079656758
3766,1959,3,6,33051.0,0,0,2012-08-16,15,100,71,243,108,94,219,3,9,1,8,9,0,0,0,0,0,0,1,67,4886,1,835,18,0,0,2,-1,2.338304628799274,0.347407797588217
1399,1958,2,3,72905.0,0,0,2014-01-21,52,407,114,445,181,165,203,1,3,7,9,1,0,0,0,1,0,0,0,68,4363,1,1515,19,1,0,1,-1,6.12897364930253,-1.0646960799316683
1570,1951,4,5,69702.0,0,1,2013-02-19,8,664,9,240,50,19,57,2,7,7,10,4,0,0,0,0,0,0,0,75,4699,2,1039,24,0,1,2,-1,2.258197941212597,2.8054362095914294
3426,1975,2,2,70300.0,1,0,2013-07-15,89,1045,61,338,60,46,46,3,5,5,13,8,0,0,0,0,0,0,0,51,4553,2,1596,23,0,1,2,-1,2.3788241947922164,0.547633145806684
3074,1984,4,3,70643.0,0,0,2012-10-15,66,1218,107,304,23,143,33,1,5,8,4,6,0,0,0,0,0,0,1,42,4826,1,1828,17,0,0,1,-1,3.7779407140152053,-1.4201429040840947
8341,1969,4,3,30396.0,1,0,2014-04-30,22,15,0,6,0,1,12,2,1,1,2,7,1,0,0,0,0,0,1,57,4264,2,34,4,1,1,0,6,-2.6574051954592752,-1.3722930879128563
5180,1968,4,2,50616.0,0,1,2014-04-18,56,128,0,16,0,1,4,2,4,0,4,7,0,0,0,0,0,0,0,58,4276,2,149,8,0,1,3,3,-1.967034185115276,0.3021641192580577
6461,1969,3,4,62772.0,0,1,2013-05-19,74,581,49,157,43,8,108,1,5,6,11,2,0,1,0,0,0,0,0,57,4610,2,946,22,1,1,2,-1,2.687189934210671,1.3897454986309954
7679,1985,4,4,30298.0,0,0,2014-05-19,48,6,3,12,6,1,0,1,1,1,3,3,0,0,0,0,0,0,0,41,4245,1,28,5,0,0,0,-1,-1.6272189258311782,-3.238703933508624
10702,1984,2,4,52413.0,1,0,2012-11-03,67,185,8,133,56,56,12,2,7,1,7,7,0,0,0,0,0,0,0,42,4807,2,450,15,0,1,0,-1,-0.5608432650731233,-0.9376970832692957
7505,1957,4,3,44155.0,1,1,2014-01-19,24,22,1,9,0,0,14,1,1,1,2,4,0,0,0,0,0,0,0,69,4365,3,46,4,0,2,3,0,-3.1646630653557115,1.0869682704014532
5113,1971,4,2,86979.0,0,0,2013-11-07,67,584,100,835,65,83,35,1,5,5,5,2,1,0,0,0,0,0,1,55,4438,1,1702,15,1,0,1,-1,4.215171757657164,-1.5465101937492518
10858,1975,2,5,76532.0,1,1,2013-09-09,38,355,30,177,90,138,30,4,9,5,7,5,0,0,0,0,0,0,0,51,4497,3,820,21,0,2,2,-1,0.9514652545954002,1.9240474604070346
2961,1982,2,3,42081.0,1,0,2013-02-26,86,175,10,110,54,6,27,2,6,3,4,6,1,0,0,0,0,0,0,44,4692,2,382,13,1,1,0,-1,-0.7159078951060037,-1.3254356036903288
2747,1988,4,3,67546.0,0,0,2012-08-31,90,864,134,768,150,38,172,1,4,10,5,3,0,0,0,0,0,0,0,38,4871,1,2126,19,0,0,1,-1,5.272401005005515,-1.7922483937798905
3010,1989,3,5,88420.0,0,0,2014-05-02,87,957,153,612,99,95,153,1,4,7,8,1,1,0,1,1,0,0,0,37,4262,1,2069,19,3,0,1,-1,7.515916244077202,-2.8870193672257782
5790,1985,2,3,31158.0,1,0,2013-01-27,62,25,6,16,20,0,5,2,2,0,3,8,0,0,0,0,0,0,0,41,4722,2,72,5,0,1,0,1,-2.913940894111251,-1.9987427845399923
6892,1968,2,2,61671.0,0,1,2014-06-03,23,641,7,56,0,0,28,8,10,4,6,8,0,1,0,1,0,0,0,58,4230,2,732,20,2,1,2,-1,1.5051390261757216,2.344466588897199
1743,1974,2,4,69719.0,0,0,2014-05-26,99,273,86,208,177,14,43,1,2,3,5,1,0,0,0,0,0,0,0,52,4238,1,801,10,0,0,2,-1,1.77673950112872,-2.4596012167228567
3578,1949,2,2,49160.0,0,1,2013-10-20,29,122,21,43,25,10,15,2,3,1,6,6,0,0,0,0,0,0,0,77,4456,2,236,10,0,1,3,-1,-1.1331072790295609,1.210919180190622
8462,1978,1,5,24882.0,1,0,2012-09-09,52,1,4,10,29,0,36,1,1,1,2,6,1,0,0,0,0,0,0,48,4862,2,80,4,1,1,0,-1,-2.346968630614074,-2.2110471107560645
5558,1954,4,4,90933.0,0,0,2014-03-31,90,1020,31,430,62,63,79,1,4,6,4,1,0,0,1,0,0,0,0,72,4294,1,1685,14,1,0,1,-1,4.434532307296584,-0.4293371932248689
4619,1945,4,4,113734.0,0,0,2014-05-28,9,6,2,3,1,262,3,0,27,0,0,1,0,0,0,0,0,0,0,81,4236,1,277,27,0,0,2,-1,3.3382717227343703,1.6545728545054312
8780,1950,4,5,59292.0,0,1,2013-06-13,71,378,14,68,19,14,14,2,3,5,8,3,0,0,0,0,0,0,0,76,4585,2,507,16,0,1,2,-1,0.3560392016105667,1.930981081726937
10789,1964,4,3,45759.0,1,1,2013-02-23,13,42,1,18,3,0,4,2,2,0,3,7,0,0,0,0,0,0,0,62,4695,3,68,5,0,2,3,0,-3.3229272565845,1.2251404037475864
10779,1983,2,4,22148.0,0,0,2014-04-13,16,15,5,14,0,4,11,1,1,0,3,7,0,0,0,0,0,0,0,43,4281,1,49,4,0,0,0,2,-2.116880233832707,-3.3107492300774903
5896,1987,3,3,73395.0,0,0,2014-03-18,94,272,7,80,20,7,11,1,4,4,6,2,0,0,0,0,0,0,0,39,4307,1,397,14,0,0,0,-1,0.5121010839224739,-2.4912175893221513
2337,1971,2,2,29819.0,1,0,2013-10-24,77,9,1,24,2,1,2,3,3,0,3,6,0,0,0,0,0,0,0,55,4452,2,39,6,0,1,0,1,-2.7655342515984573,-1.0842240262453
10951,1968,2,3,45688.0,0,1,2014-01-25,20,279,0,18,0,0,9,2,3,1,8,4,0,1,0,0,0,0,0,58,4359,2,306,12,1,1,3,-1,-0.49635845799170547,0.48138082156013656
544,1954,2,3,62820.0,0,0,2013-05-11,51,398,61,265,138,61,53,1,3,4,6,1,0,0,0,0,0,0,0,72,4618,1,976,13,0,0,2,-1,2.49264062448822,-0.8631750026406986
17,1971,4,3,60491.0,0,1,2013-09-06,81,637,47,237,12,19,76,4,6,11,7,5,0,0,0,0,0,0,0,55,4500,2,1028,24,0,1,2,-1,2.0165333110751207,1.7488654887437989
10680,1986,2,5,33235.0,1,0,2014-02-05,71,45,0,16,2,1,6,1,3,0,3,7,0,0,0,0,0,0,0,40,4348,2,70,6,0,1,0,1,-2.8157995502133537,-2.2431431424314088
3265,1959,2,3,35701.0,0,0,2013-03-19,36,21,1,9,7,3,5,1,1,0,3,6,0,0,0,0,0,0,0,67,4671,1,46,4,0,0,0,2,-1.7002818710541612,-1.7135890268977618
5623,1980,3,3,31535.0,1,0,2013-09-26,95,15,4,13,0,0,19,1,1,1,2,7,1,0,0,0,0,0,0,46,4480,2,51,4,1,1,0,6,-2.6090034285906967,-2.1647532225882125
5832,1960,0,5,92556.0,0,0,2014-04-20,32,493,183,352,184,23,28,0,3,5,13,0,0,0,0,0,0,0,0,66,4274,1,1263,21,0,0,1,-1,4.58763755555622,-1.2882432729689701
5544,1970,2,4,67384.0,0,1,2012-11-10,32,957,40,175,158,53,107,2,7,8,5,5,0,1,0,0,0,0,0,56,4800,2,1490,20,1,1,2,-1,3.5126596000546444,1.4948624550688308
6417,1971,3,5,80573.0,0,0,2012-10-14,85,829,138,430,60,92,15,1,4,6,13,2,0,0,0,0,0,0,0,55,4827,1,1564,23,0,0,1,-1,4.644987397068292,-0.6692479320696846
5831,1967,2,3,77870.0,0,1,2012-08-22,93,1017,50,500,65,50,133,3,5,5,5,8,0,1,0,1,0,0,1,59,4880,2,1815,15,2,1,1,-1,3.941488246042796,1.525749957204154
7101,1963,4,6,52278.0,0,1,2013-01-25,24,953,0,71,0,0,174,6,10,5,10,8,0,0,0,0,0,0,0,63,4724,2,1198,25,0,1,2,-1,1.7843937767906661,3.532222310120046
10176,1968,2,4,57107.0,0,1,2012-08-24,44,159,0,120,0,0,137,7,4,4,8,8,0,1,0,0,1,0,1,58,4878,2,416,16,2,1,2,-1,0.9728202459169254,2.1042505732360492
2326,1990,2,3,18929.0,0,0,2013-02-16,15,32,0,8,23,4,18,1,1,0,4,6,0,0,0,0,0,0,0,36,4702,1,85,5,0,0,0,2,-1.8212032217101402,-3.513513381271713
4385,1981,4,4,36038.0,1,0,2013-05-31,82,23,0,15,0,2,7,2,3,0,3,6,0,0,0,0,0,0,0,45,4598,2,47,6,0,1,0,1,-2.6678159876899077,-1.443473379407095
2929,1976,2,4,20180.0,0,0,2013-02-20,27,18,42,24,15,20,18,1,2,1,4,7,0,0,0,0,0,0,0,50,4698,1,137,7,0,0,0,2,-1.2343251449168697,-2.542060798299004
10686,1965,4,5,34230.0,1,1,2012-12-26,72,15,0,4,0,0,2,1,1,0,2,7,0,0,0,0,0,0,0,61,4754,3,21,3,0,2,3,0,-3.681991613689165,0.840699293529264
2546,1977,0,4,31878.0,0,1,2014-06-22,7,23,4,5,10,5,23,1,1,0,4,3,0,0,0,0,0,0,0,49,4211,2,70,5,0,1,0,-1,-2.196436425256392,-1.5435091777640157
3283,1972,0,3,70932.0,0,1,2014-01-19,57,200,193,100,46,185,185,2,6,2,12,3,0,0,0,0,0,0,0,54,4365,2,909,20,0,1,2,-1,3.270632368965386,0.32839969361994764
3138,1956,2,4,91249.0,0,0,2012-10-20,84,1324,27,119,71,108,27,0,7,9,6,4,0,1,1,1,1,0,1,70,4821,1,1676,22,4,0,1,-1,7.277297622172195,0.02495132019541119
4994,1943,3,4,77598.0,0,0,2013-10-01,53,1193,33,281,129,66,33,1,7,5,13,3,0,0,1,0,0,0,0,83,4475,1,1735,25,1,0,1,-1,5.5632392113904015,1.0844203075326433
7966,1959,2,4,80982.0,1,1,2013-01-08,48,505,137,401,104,22,22,3,11,5,11,5,0,0,0,0,0,1,0,67,4741,3,1191,27,0,2,2,-1,2.264778583755083,3.4325442234594874
3112,1977,3,3,22701.0,1,0,2013-09-05,2,2,4,9,0,4,5,1,1,0,3,5,0,0,0,0,0,0,0,49,4501,2,24,4,0,1,0,1,-2.9146130772460817,-1.94370443875987
10872,1969,4,3,55212.0,0,1,2012-11-23,65,1103,0,45,0,0,34,3,4,2,11,8,0,1,0,0,1,0,0,57,4787,2,1182,17,2,1,2,-1,1.8372756943136406,2.0846216352329683
2181,1970,2,3,70617.0,0,0,2013-06-23,45,353,61,753,40,46,27,1,3,3,7,2,0,0,0,0,0,0,0,56,4575,1,1280,13,0,0,2,-1,2.4586288602908994,-1.76070366988064
1867,1957,2,4,64849.0,0,0,2012-11-13,42,652,48,350,94,84,108,1,9,3,6,5,0,0,0,0,0,0,1,69,4797,1,1336,18,0,0,2,-1,3.2294616908335487,0.055051763447003854
1518,1965,3,3,62694.0,1,1,2013-06-17,29,379,6,157,25,91,91,5,9,3,7,7,0,0,0,0,0,0,0,61,4581,3,749,19,0,2,2,-1,-0.03387943560906031,2.9634663040274614
5734,1974,4,3,61917.0,1,1,2013-11-20,83,46,4,36,2,2,1,1,2,0,4,5,0,0,0,0,0,0,0,52,4425,3,91,6,0,2,3,0,-2.923803799449593,0.45638886334712886
2878,1947,4,3,67472.0,0,1,2013-09-28,93,162,31,127,8,17,69,2,4,2,7,3,0,0,0,0,0,0,0,79,4478,2,414,13,0,1,2,-1,0.12533983266393653,1.9387128748115088
1458,1982,3,3,21059.0,1,0,2014-01-07,40,8,3,19,3,3,8,3,3,0,3,6,0,0,0,0,0,0,0,44,4377,2,44,6,0,1,0,1,-2.877163575083676,-1.6739625815598675
7007,1968,3,3,29543.0,2,0,2014-04-01,47,17,3,18,3,4,18,2,3,1,2,7,0,0,0,0,0,0,0,58,4293,3,63,6,0,2,3,-1,-3.6888202317584597,-0.11541838725364054
6200,1951,2,3,75903.0,0,1,2013-04-08,50,340,108,185,130,38,100,2,6,6,9,3,0,0,0,0,0,0,0,75,4651,2,901,21,0,1,2,-1,2.7391726052663374,1.9972044139923566
1403,1975,0,5,34984.0,1,1,2012-09-06,40,8,4,15,3,5,3,2,1,0,3,7,0,0,0,0,0,0,0,51,4865,3,38,4,0,2,3,-1,-3.6206141716083384,-0.010972057014664666
4827,1956,4,4,54998.0,0,1,2013-03-10,3,154,22,202,39,30,8,5,4,2,9,4,0,0,0,0,0,0,1,70,4680,2,455,15,0,1,2,-1,0.07281433738357686,1.9612767928582493
6250,1949,4,6,54356.0,0,1,2012-11-19,62,710,15,30,20,0,0,3,11,2,8,8,0,0,0,0,0,0,1,77,4791,2,775,21,0,1,2,-1,0.5895752821816053,3.3449850221936126
9291,1959,3,3,34242.0,0,1,2014-03-23,25,8,2,4,0,0,1,1,0,0,3,5,0,0,0,0,0,0,0,67,4302,2,15,3,0,1,3,3,-2.576362843971659,-0.18903644802264666
2478,1973,2,3,25410.0,1,0,2013-08-31,48,2,2,4,13,13,4,1,1,0,4,4,0,0,0,0,0,0,0,53,4506,2,38,5,0,1,0,1,-2.5848663296210814,-1.7762904687944079
1139,1984,4,3,73356.0,0,0,2014-02-06,56,1050,14,322,0,14,112,1,5,11,5,2,1,0,1,1,0,0,1,42,4347,1,1512,21,3,0,1,-1,5.327534042654199,-2.0999044203851653
5138,1950,2,5,28320.0,0,1,2013-01-14,68,19,1,14,3,2,4,1,1,0,3,8,0,0,0,0,0,0,0,76,4735,2,43,4,0,1,3,3,-2.5736497120325232,0.6430364813280043
5393,1977,2,4,23763.0,1,0,2012-08-07,64,22,0,6,6,2,6,1,1,0,3,7,0,0,0,0,0,0,0,49,4895,2,42,4,0,1,0,1,-2.988445915447408,-1.7662533504616758
10413,1984,2,3,72570.0,0,0,2014-04-25,67,274,83,216,151,141,224,1,4,6,12,1,0,0,0,0,0,0,0,42,4269,1,1089,22,0,0,1,-1,4.458729180885809,-2.0108771299549115
5015,1976,3,3,34529.0,1,0,2012-09-14,94,68,6,38,3,6,41,2,2,2,3,7,0,0,0,0,0,0,0,50,4857,2,162,7,0,1,0,1,-2.2414555055364094,-1.1127172349563574
10868,1951,2,6,70792.0,0,0,2013-02-06,82,344,45,654,104,11,114,2,3,4,10,3,0,0,0,0,0,0,0,75,4712,1,1272,17,0,0,2,-1,3.1709762812800726,0.053838574594148036
10676,1982,2,3,63211.0,0,0,2012-11-02,3,145,193,459,205,26,145,2,3,8,7,2,0,0,0,0,0,0,1,44,4808,1,1173,18,0,0,1,-1,4.117480552235127,-2.2010288559332456
2495,1974,3,3,83891.0,0,1,2014-06-20,24,217,38,350,111,85,15,1,4,7,10,1,0,0,0,0,0,0,0,52,4213,2,816,21,0,1,2,-1,2.366814748677546,0.1011520798946389
7842,1968,2,4,36065.0,1,1,2013-03-31,54,18,7,34,10,2,3,3,3,0,3,8,0,0,0,0,0,0,0,58,4659,3,74,6,0,2,3,0,-3.400443121758338,0.9945368274519517
9955,1954,2,5,39898.0,0,1,2013-02-12,20,69,8,26,12,7,12,2,3,0,4,7,0,0,0,0,0,0,0,72,4706,2,134,7,0,1,3,3,-1.8978312798852324,0.8628225476749743
6663,1940,4,4,51141.0,0,0,2013-07-08,96,144,0,7,0,0,6,1,3,1,4,5,0,0,0,0,0,0,0,86,4560,1,157,8,0,0,3,-1,-0.7596660391984142,0.1074912438983247
2162,1976,2,3,56939.0,0,1,2013-09-18,19,256,34,103,90,29,49,2,3,3,10,3,0,0,0,0,0,0,0,50,4488,2,561,16,0,1,2,-1,0.628942662176153,-0.017842455527136456
3434,1951,2,4,80872.0,0,0,2014-05-12,60,483,72,567,94,12,108,1,4,4,10,1,0,0,0,0,0,0,0,75,4252,1,1336,18,0,0,2,-1,3.601509582030728,-0.21204194458786474
7919,1976,4,5,72335.0,0,0,2012-08-13,2,1285,105,653,28,21,0,1,10,4,8,8,0,0,0,0,0,0,1,50,4889,1,2092,22,0,0,2,-1,3.9932462599115337,-0.15031746748869942
5626,1964,4,4,61798.0,0,0,2013-11-23,13,338,4,89,11,8,13,1,4,2,9,4,0,0,0,0,0,0,0,62,4422,1,463,15,0,0,2,-1,0.564194205050983,-0.8034294982539314
6428,1950,4,6,76842.0,0,0,2014-05-03,37,605,10,345,84,54,32,1,1,8,7,0,0,0,0,0,0,0,0,76,4261,1,1130,16,0,0,2,-1,2.879094369036386,-0.2834769191557968
8514,1976,2,5,29478.0,1,0,2014-01-17,59,8,0,7,3,1,1,1,1,0,3,6,0,0,0,0,0,0,0,50,4367,2,20,4,0,1,0,1,-2.9811589868042914,-1.9561225813856387
10448,1956,2,4,46998.0,0,1,2012-10-22,55,172,41,86,45,6,27,5,5,3,5,7,1,0,0,0,0,0,0,70,4819,2,377,13,1,1,2,-1,-0.23222609877603995,1.5780443479661865
2109,1990,2,4,96843.0,0,0,2013-04-23,60,448,71,951,40,17,17,1,6,11,10,2,0,0,1,0,0,0,1,36,4636,1,1544,27,1,0,1,-1,5.475767501030005,-2.185763389405454
7530,1950,4,6,56551.0,1,1,2014-05-07,48,67,4,32,17,2,16,3,2,1,4,4,0,0,0,0,0,0,0,76,4257,3,138,7,0,2,3,0,-2.5051412024810102,2.145824795103136
8925,1965,3,3,70053.0,0,1,2013-07-03,38,512,53,98,81,179,89,3,8,5,10,5,0,0,0,0,0,0,0,61,4565,2,1012,23,0,1,2,-1,2.874031898871373,1.803376975318226
3009,1962,4,6,71670.0,0,0,2013-07-09,8,1462,16,128,0,0,160,1,5,3,6,6,0,1,1,0,1,0,1,64,4559,1,1766,14,3,0,1,-1,4.713877973024363,0.14293097004245456
6355,1978,2,3,44359.0,1,1,2014-06-17,19,20,0,14,7,3,1,3,2,0,4,3,0,0,0,0,0,0,0,48,4216,3,45,6,0,2,3,0,-3.1423217161379995,0.016113182497856787
3517,1952,2,4,40887.0,1,1,2013-05-06,32,50,4,44,10,10,43,3,3,1,3,9,0,0,0,0,0,0,1,74,4623,3,161,7,0,2,3,0,-2.9546031068818306,2.066977712247832
1158,1966,2,2,48877.0,0,1,2014-01-05,27,102,1,15,2,0,24,1,3,0,4,7,0,0,0,0,0,0,0,60,4379,2,144,7,0,1,3,3,-2.0030998558906434,-0.09051480020052884
6203,1947,2,5,74485.0,0,0,2013-08-24,58,499,149,815,173,49,49,1,6,7,12,3,0,0,0,0,0,0,0,79,4513,1,1734,25,0,0,1,-1,5.530951735347293,0.40189662532135334
7165,1972,2,5,64474.0,0,1,2013-10-22,59,381,35,172,56,86,93,2,8,2,10,5,0,0,0,0,0,0,0,54,4454,2,823,20,0,1,2,-1,1.5960478334637767,0.9683803315011655
3595,1963,2,5,77226.0,0,1,2014-02-28,29,631,43,239,128,76,21,2,6,8,12,3,0,0,0,0,0,0,0,63,4325,2,1138,26,0,1,2,-1,3.2050960574929976,1.5419847829055953
8537,1949,2,6,72643.0,0,0,2013-02-27,60,526,80,553,123,94,53,1,3,10,7,2,0,0,0,1,0,0,1,77,4691,1,1429,20,1,0,1,-1,5.2022040246564,-0.3575809951646179
4331,1978,3,5,85738.0,0,0,2014-01-23,41,913,26,376,17,26,13,1,3,6,11,1,0,1,1,0,0,0,0,48,4361,1,1371,20,2,0,1,-1,4.537632991715252,-1.427972233175468
6281,1966,2,2,55686.0,0,1,2013-02-14,27,673,0,199,37,47,26,2,6,3,5,4,1,0,0,0,0,0,0,60,4704,2,982,14,1,1,2,-1,0.97554721703657,0.7121840432755403
4338,1983,2,4,39062.0,1,0,2014-03-25,28,23,0,9,0,0,12,1,1,0,3,4,1,0,0,0,0,0,0,43,4300,2,44,4,1,1,0,-1,-2.4192098478173203,-2.622726741700669
2452,1971,2,5,34600.0,1,1,2013-01-01,8,199,33,60,8,3,15,5,5,2,5,8,0,0,0,0,0,0,1,55,4748,3,318,12,0,2,3,0,-2.2994224624953037,1.7115897291419833
9507,1975,2,3,40794.0,0,1,2013-04-07,18,261,23,73,4,23,50,2,6,3,5,7,0,0,0,0,0,0,0,51,4652,2,434,14,0,1,2,-1,-0.617719539671879,0.2559299511411358
8360,1971,0,3,54690.0,1,1,2013-11-07,76,111,16,37,7,9,18,3,3,1,5,3,0,0,0,0,0,0,0,55,4438,3,198,9,0,2,3,-1,-2.2776140077548144,0.6157831620604131
10311,1969,2,3,4428.0,0,1,2013-10-05,0,16,4,12,2,4,321,0,25,0,0,1,0,0,0,0,0,0,0,57,4471,2,359,25,0,1,2,-1,1.0441009210759913,1.788615437079079
5117,1963,0,3,32632.0,0,0,2012-08-02,32,63,151,137,153,19,53,2,4,4,8,5,0,0,0,0,0,0,0,63,4900,1,576,16,0,0,2,-1,1.8443855416711146,-1.3381511827841723
4867,1968,4,4,38236.0,1,1,2013-09-20,2,58,0,18,2,0,10,4,3,0,4,7,0,0,0,0,0,0,0,58,4486,3,88,7,0,2,3,0,-3.256668134524061,1.412816680186393
9289,1979,2,3,36781.0,1,0,2014-04-10,16,29,1,17,0,3,13,1,2,1,2,8,0,0,0,0,0,0,1,47,4284,2,63,5,0,1,0,1,-2.915194615885021,-2.0126181916003483
10913,1984,3,4,31385.0,1,0,2012-12-05,56,3,2,12,0,1,9,1,1,0,2,8,1,0,0,0,0,0,1,42,4775,2,27,3,1,1,0,-1,-2.863568288062259,-2.3106772254846115
3032,1984,2,3,24570.0,1,0,2013-02-27,97,28,34,62,11,14,44,3,4,0,4,9,0,0,0,0,0,0,0,42,4691,2,193,8,0,1,0,1,-2.3177414002089667,-1.4414788494894686
8524,1974,4,2,25509.0,1,0,2012-09-18,15,40,3,30,10,7,11,3,3,0,3,9,0,0,0,0,0,0,1,52,4853,2,101,6,0,1,0,1,-2.8171657717601626,-0.7616114653952878
3334,1951,2,3,94642.0,0,0,2014-02-12,35,879,143,797,106,143,143,0,5,7,9,1,0,0,1,1,0,0,0,75,4341,1,2211,21,2,0,1,-1,8.1601563628511,-0.6878923986094613
4470,1962,3,3,58646.0,0,1,2013-06-10,3,62,1,44,6,5,22,1,2,1,4,4,0,0,0,0,0,0,0,64,4588,2,140,7,0,1,3,3,-1.5159437415833688,0.19953595646727773
1406,1975,2,4,53201.0,1,1,2013-02-12,49,280,7,81,20,0,27,8,6,3,5,7,0,0,0,0,0,0,0,51,4706,3,415,14,0,2,3,0,-1.8611725713889304,2.2523757152276125
8619,1957,2,5,21994.0,0,1,2012-12-24,4,9,0,6,3,1,3,1,0,0,3,5,0,0,0,0,0,0,0,69,4756,2,22,3,0,1,3,3,-2.581807816680602,-0.0383484290080642
10821,1978,2,3,57113.0,1,1,2013-02-06,45,182,4,33,0,2,42,6,4,1,5,7,0,0,0,0,0,0,0,48,4712,3,263,10,0,2,3,0,-2.513161984363465,1.4265368031435561
4552,1991,2,3,51373.0,0,0,2013-06-22,37,83,2,101,64,26,117,1,3,5,3,4,0,0,0,0,0,0,0,35,4576,1,393,11,0,0,0,-1,0.32510197791610573,-3.081426970188959
898,1986,2,3,23477.0,1,0,2013-10-21,39,38,15,54,3,8,29,3,3,0,4,8,0,0,0,0,0,0,0,40,4455,2,147,7,0,1,0,1,-2.6536089050535034,-1.8332454499450919
9797,1956,2,3,58116.0,0,1,2014-04-13,38,228,19,130,4,11,51,2,3,3,8,2,0,0,0,0,0,0,0,70,4281,2,443,14,0,1,2,-1,0.026139732679477706,0.9893136292103478
10949,1963,4,2,72968.0,0,0,2013-12-16,8,1092,37,592,145,37,55,1,5,5,8,3,0,0,0,1,0,0,1,63,4399,1,1958,18,1,0,1,-1,4.954090465497078,-0.6357601330375138
8212,1971,3,3,39791.0,0,1,2013-03-28,89,85,15,27,13,13,21,2,3,1,4,7,0,0,0,0,0,0,0,55,4662,2,174,8,0,1,3,3,-1.7501614185791272,0.04922234204522794
6248,1947,3,4,91712.0,0,0,2013-10-17,47,1276,24,746,94,29,48,0,9,7,11,3,0,0,1,0,0,0,1,79,4459,1,2217,27,1,0,1,-1,6.456011597044065,0.966846344936634
10164,1958,2,4,94472.0,0,1,2014-04-03,75,1017,33,417,108,100,16,1,5,5,5,5,0,1,1,0,0,0,0,68,4291,2,1691,15,2,1,1,-1,4.203477897161952,1.1391790385479064
4547,1960,2,5,13672.0,1,1,2013-04-17,86,6,2,9,2,1,5,2,1,0,3,8,0,0,0,0,0,0,0,66,4642,3,25,4,0,2,3,0,-3.847299332049926,1.016004917398379
6815,1980,0,3,96547.0,0,0,2014-05-23,4,448,21,125,52,101,62,0,7,6,8,2,1,0,1,1,0,0,1,46,4241,1,809,21,3,0,1,-1,4.890283293973231,-2.8042062268140358
4122,1975,2,3,79205.0,0,0,2012-08-29,73,504,23,117,179,28,44,1,6,5,4,4,0,0,0,1,0,0,1,51,4873,1,895,15,1,0,1,-1,2.972964532635568,-1.7289396947911664
10841,1975,4,5,56559.0,0,1,2012-12-25,46,226,22,133,41,31,31,3,4,3,8,4,0,0,0,0,0,0,0,51,4755,2,484,15,0,1,2,-1,0.13795783611856122,0.6369317441507566
5370,1973,4,3,32644.0,1,0,2013-01-16,38,239,3,141,0,7,23,4,7,1,6,8,1,0,0,0,0,0,0,53,4733,2,413,14,1,1,0,-1,-1.0367362213889957,0.06569166089651933
176,1980,0,4,67506.0,0,1,2014-01-02,73,90,38,67,33,36,67,1,4,1,6,3,0,0,0,0,0,0,0,46,4382,2,331,11,0,1,2,-1,-0.3215266372183337,-0.9241467315522842
4860,1970,2,4,24206.0,1,0,2013-03-08,66,7,2,8,3,2,3,1,1,0,3,6,0,0,0,0,0,0,0,56,4682,2,25,4,0,1,0,1,-2.917063528661609,-1.4928294383536196
10757,1967,4,2,28420.0,1,0,2013-12-24,36,4,2,5,2,0,0,1,1,0,2,6,0,0,0,0,0,0,0,59,4391,2,13,3,0,1,0,1,-3.0453902770321775,-1.283967163128081
4023,1970,2,3,22979.0,1,0,2012-09-06,29,16,17,19,20,21,22,3,3,2,2,8,0,0,0,0,0,0,1,56,4865,2,115,7,0,1,0,1,-2.390161762765569,-0.8232464898851617
6679,1966,2,4,33279.0,0,0,2014-06-12,29,10,3,3,0,0,0,1,0,0,3,3,0,0,0,0,0,0,0,60,4221,1,16,3,0,0,0,-1,-1.7770381009683605,-2.5445607207937213
9923,1972,3,4,46423.0,1,1,2013-09-18,6,68,0,16,0,0,8,3,2,0,4,7,0,0,0,0,0,0,0,54,4488,3,92,6,0,2,3,0,-3.303555529206052,0.8065676738247078
7181,1977,2,3,30368.0,0,1,2013-11-07,97,35,0,13,2,0,2,2,2,0,3,8,0,0,0,0,0,0,0,49,4438,2,52,5,0,1,0,-1,-2.7436251901066826,-0.7772560919021615
3599,1970,2,3,63684.0,0,1,2012-11-26,61,575,80,428,208,93,80,3,8,4,8,5,0,0,0,0,0,0,0,56,4784,2,1464,20,0,1,2,-1,3.302812488291955,1.186303406236688
405,1964,2,2,41638.0,0,1,2013-02-13,68,315,0,31,4,0,91,4,5,5,3,8,1,0,0,0,0,0,0,62,4705,2,441,13,1,1,3,-1,-0.5123132918680311,1.0860790018211892
6870,1959,4,2,68805.0,0,1,2013-09-17,73,182,2,49,17,13,20,1,3,1,7,2,0,0,0,0,0,0,0,67,4489,2,283,11,0,1,3,3,-0.5340559176624603,0.8423814430916274
832,1966,4,5,65814.0,0,1,2014-03-02,90,561,14,113,10,14,35,3,8,2,10,5,0,0,0,0,0,0,0,60,4323,2,747,20,0,1,2,3,0.7735103113270503,1.856986940430882
2002,1958,2,2,71964.0,0,0,2013-05-20,81,587,51,932,180,34,86,1,5,6,5,3,0,0,0,0,0,0,0,68,4609,1,1870,16,0,0,1,-1,4.216465045808203,-0.6974926776471798
3657,1986,2,4,39146.0,1,0,2013-02-14,1,94,1,33,13,12,12,3,4,0,4,8,0,0,0,0,0,0,0,40,4704,2,165,8,0,1,0,1,-2.4019259983764343,-1.5477129720060012
500,1977,2,5,96876.0,0,0,2013-08-06,79,908,43,735,40,194,21,1,7,7,9,2,0,1,1,1,0,0,1,49,4531,1,1941,23,3,0,1,-1,7.562006856848524,-1.4418531884278796
1951,1981,1,3,34445.0,0,0,2013-01-27,92,228,122,122,208,129,30,6,11,2,8,9,0,0,0,0,0,0,0,45,4722,1,839,21,0,0,2,-1,2.560507447409083,-0.8338342833139794
3262,1958,2,4,68281.0,0,0,2012-08-07,31,995,112,417,42,48,41,1,2,9,13,5,0,0,0,0,0,0,1,68,4895,1,1655,24,0,0,2,-1,4.346358135003977,0.10483029027188834
4102,1975,0,3,37284.0,1,1,2013-03-29,46,11,1,2,2,1,6,1,0,0,3,6,0,0,0,0,0,0,0,51,4661,3,23,3,0,2,3,-1,-3.6912872576628795,-0.4108206404567815
7042,1983,2,3,36790.0,0,0,2013-03-01,14,3,3,14,15,21,10,1,2,1,2,9,0,0,0,0,0,0,1,43,4689,1,66,5,0,0,0,2,-1.8264838506453946,-2.9654139642096466
10598,1967,2,5,27943.0,1,1,2013-04-15,89,12,1,16,4,1,3,3,2,0,3,8,0,0,0,0,0,0,0,59,4644,3,37,5,0,2,3,0,-3.6726511760491927,0.9456240308050806
255,1951,2,2,22263.0,1,1,2014-03-30,31,17,0,2,0,0,2,2,1,0,3,6,0,0,0,0,0,1,0,75,4295,3,21,4,0,2,3,-1,-3.793912819262541,1.394273300286824
2375,1972,2,5,30261.0,1,2,2012-09-25,75,8,0,5,0,3,6,1,0,0,3,8,0,0,0,0,0,0,0,54,4846,4,22,3,0,3,3,-1,-4.536258057726336,1.9078767381489272
9829,1978,2,5,28587.0,1,0,2014-02-12,42,22,4,17,12,10,13,3,2,0,4,6,0,0,0,0,0,0,0,48,4341,2,78,6,0,1,0,1,-2.6492139504938397,-1.57302653240164
6214,1982,3,3,43815.0,1,0,2013-04-05,53,14,10,29,4,7,15,1,2,0,3,6,0,0,0,0,0,0,0,44,4654,2,79,5,0,1,0,1,-2.539884455015986,-1.9009665002988894
4954,1956,2,3,48195.0,1,1,2014-01-21,53,106,27,68,52,7,5,6,4,2,5,6,0,0,0,0,0,0,0,70,4363,3,265,11,0,2,3,-1,-2.061893383753423,2.369681307085656
7861,1952,3,3,77027.0,0,1,2014-02-05,23,820,57,242,45,0,11,2,8,3,6,4,0,0,0,0,0,0,0,74,4348,2,1175,17,0,1,2,-1,1.5357971505322456,2.11372784532462
4837,1965,4,3,71322.0,0,1,2013-02-16,57,753,43,226,69,10,204,2,8,5,13,4,0,0,0,0,0,0,0,61,4702,2,1305,26,0,1,2,-1,3.2639321976218922,2.456596228061358
9423,1979,3,3,32765.0,1,0,2014-02-23,49,13,3,17,7,3,3,2,2,0,4,5,0,0,0,0,0,0,0,47,4330,2,46,6,0,1,0,1,-2.629886531254255,-1.716326535276814
4198,1965,2,5,29672.0,1,1,2013-03-12,6,9,1,3,0,4,8,1,0,0,3,6,0,0,0,0,0,0,0,61,4678,3,25,3,0,2,3,0,-3.634676721304268,0.4130684089873608
153,1953,2,2,23272.0,0,0,2013-10-17,29,19,3,6,4,2,12,1,1,0,3,4,0,0,0,0,0,0,0,73,4459,1,46,4,0,0,0,2,-1.6394786829715355,-1.576940616162886
9323,1949,3,5,49912.0,0,1,2012-09-07,5,520,8,223,32,49,42,4,10,5,7,8,1,0,0,0,0,0,1,77,4864,2,874,22,1,1,2,-1,1.5576912085490688,2.990437781161837
10001,1985,0,5,7500.0,1,0,2012-08-01,98,5,17,17,13,14,34,4,2,1,3,9,0,0,0,0,0,0,0,41,4901,2,100,6,0,1,0,1,-2.918217839155492,-1.8043247597594443
3945,1947,4,6,68117.0,0,1,2013-03-10,80,618,44,215,0,17,36,2,11,8,4,6,1,0,0,0,0,0,1,79,4680,2,930,23,1,1,2,-1,2.0926226013206732,2.969620713011492
3799,1955,2,3,67225.0,0,1,2013-11-26,4,315,35,322,46,7,143,3,7,2,11,5,0,0,0,0,0,0,0,71,4419,2,868,20,0,1,2,-1,1.5562116302661821,2.118182286037753
8625,1976,2,3,17649.0,1,0,2013-11-12,70,15,1,23,0,5,1,3,3,0,3,8,0,0,0,0,0,0,0,50,4433,2,45,6,0,1,0,1,-3.0609633360551163,-1.3612229987382543
3491,1975,2,5,55914.0,0,1,2013-04-29,32,384,60,364,119,101,232,4,11,6,8,7,0,0,0,0,0,0,0,51,4630,2,1260,25,0,1,2,-1,3.322561941481042,1.6700439294387683
983,1984,2,3,40059.0,1,0,2013-09-28,82,110,29,92,28,10,145,1,6,2,3,8,1,0,0,0,0,0,0,42,4478,2,414,11,1,1,0,-1,-0.7937786823992647,-1.6324308892841444
9119,1950,2,5,60905.0,0,1,2013-12-05,27,208,17,76,36,17,38,2,3,3,7,2,0,0,0,0,0,0,0,76,4410,2,392,13,0,1,2,-1,0.020913926289757617,1.3011174666288114
4786,1977,2,3,75330.0,1,1,2012-10-04,94,555,82,257,93,61,61,4,10,3,12,6,0,0,0,0,0,0,0,49,4837,3,1109,25,0,2,2,-1,1.6909508971316773,2.529742128756562
5872,1951,2,4,60689.0,0,1,2013-06-01,23,240,90,216,63,6,24,4,4,4,10,3,0,0,0,0,0,0,0,75,4597,2,639,18,0,1,2,-1,1.1888841841274005,1.940652586981303
6568,1984,2,3,38680.0,1,0,2013-03-28,97,11,0,36,15,5,12,1,2,0,3,7,0,0,0,0,0,0,0,42,4662,2,79,5,0,1,0,1,-2.717804657881024,-2.109957486928637
5628,1982,2,5,61416.0,0,0,2013-02-08,25,848,154,323,201,61,78,1,10,3,10,6,1,0,0,0,0,0,0,44,4710,1,1665,23,1,0,1,-1,4.905845640516619,-1.3423371480595636
5631,1991,2,4,49767.0,0,0,2013-05-02,92,202,47,197,55,42,149,1,5,4,8,4,0,0,0,0,0,0,0,35,4627,1,692,17,0,0,2,-1,1.737517763278772,-2.4327618793428805
4974,1970,2,4,83273.0,1,2,2012-09-25,98,433,89,650,16,102,102,10,4,6,9,7,0,0,0,0,0,0,0,56,4846,4,1392,19,0,3,2,-1,0.8823093359448978,4.956441139170409
8416,1981,2,3,29009.0,1,0,2013-11-29,19,6,6,15,10,5,2,2,2,0,3,6,0,0,0,0,0,0,0,45,4416,2,44,5,0,1,0,1,-2.850420392094808,-2.0114331709182838
5454,1979,3,3,45057.0,1,0,2013-12-01,80,37,0,7,3,0,3,1,2,0,3,5,0,0,0,0,0,0,0,47,4414,2,50,5,0,1,0,1,-2.621725595739593,-1.8280699905467448
4095,1971,2,3,37150.0,1,0,2012-09-11,80,167,37,64,49,34,116,8,4,3,6,7,0,0,0,0,0,0,0,55,4860,2,467,13,0,1,0,-1,-0.6555995358901774,0.6097211881014999
5474,1970,2,4,43020.0,1,0,2013-11-30,79,45,7,99,4,25,43,3,4,1,4,6,0,0,0,0,0,0,0,56,4415,2,223,9,0,1,0,1,-1.7547486803639893,-0.6973635065859688
4268,1959,2,3,53154.0,0,1,2014-06-09,50,129,0,21,0,1,7,1,3,1,4,4,0,0,0,0,0,0,0,67,4224,2,158,8,0,1,3,3,-1.5812080149317993,0.22911706941964852
10701,1973,2,3,65308.0,0,0,2013-09-11,60,713,0,264,120,80,34,1,7,8,12,4,0,0,1,1,0,0,0,53,4495,1,1211,27,2,0,1,-1,5.448371371337712,-1.2408091791174665
3507,1970,2,4,76467.0,1,0,2012-08-17,44,676,161,426,210,44,58,2,2,5,5,6,0,0,0,0,0,0,1,56,4885,2,1575,12,0,1,2,-1,2.522448577673491,-0.5658831429781209
2079,1947,0,3,81044.0,0,0,2013-12-27,0,450,26,535,73,98,26,1,5,6,10,1,0,0,0,0,0,0,0,79,4388,1,1208,21,0,0,2,-1,3.682025422347143,-0.15927755928387669
626,1951,2,3,32871.0,1,1,2013-03-09,28,22,2,12,0,2,5,1,1,0,3,4,0,0,0,0,0,0,0,75,4681,3,43,4,0,2,3,0,-3.2347197669456693,1.2879600072875426
4426,1975,2,4,55801.0,1,1,2013-09-22,35,367,4,51,6,4,95,6,7,2,6,7,0,0,0,1,0,0,0,51,4484,3,527,15,1,2,3,-1,-0.6177291072254066,1.8604594899822053
2591,1959,2,6,76320.0,0,1,2014-06-22,49,526,35,214,69,53,35,2,6,3,4,2,0,0,0,0,0,0,0,67,4211,2,932,13,0,1,2,-1,1.156839517076933,0.9644579455949053
10509,1955,3,4,36927.0,1,1,2014-06-02,46,51,0,16,0,0,4,2,3,0,3,8,0,0,0,0,0,0,0,71,4231,3,71,6,0,2,3,0,-3.412973340566947,1.565739163875876
6382,1953,2,5,48794.0,1,1,2014-06-26,97,25,0,11,3,0,15,1,1,0,3,4,0,0,0,0,0,0,0,73,4207,3,54,4,0,2,3,0,-3.123436619319728,1.1056403082589163
6673,1965,2,4,23478.0,0,0,2013-03-19,51,28,6,27,12,17,39,1,3,0,3,8,0,0,0,0,0,0,0,61,4671,1,129,6,0,0,0,2,-1.4967745781322312,-1.7731529584306134
7441,1973,2,2,71128.0,1,0,2012-10-06,80,958,159,447,20,0,31,3,2,10,12,7,0,0,0,0,0,0,0,53,4835,2,1615,24,0,1,2,-1,2.90508566675198,0.4450198627479015
1071,1976,4,2,70179.0,0,1,2013-07-21,10,532,88,168,69,44,133,3,7,3,13,5,0,0,0,0,0,0,0,50,4547,2,1034,23,0,1,2,-1,2.457774538696148,1.4152090437401224
10061,1950,2,3,59462.0,0,1,2013-01-05,29,724,17,143,0,8,196,2,9,2,12,7,0,0,0,0,0,0,0,76,4744,2,1088,23,0,1,2,-1,1.8833792617137866,3.1099460802791765
7187,1969,3,5,51381.5,1,1,2013-05-18,52,375,42,48,94,66,96,7,4,10,4,3,0,0,0,0,0,0,0,57,4611,3,721,18,0,2,2,-1,0.41446853915957177,2.402294640144144
8775,1969,2,5,38361.0,1,0,2013-12-27,74,39,0,56,20,8,14,3,3,1,3,7,0,0,0,0,0,0,0,57,4388,2,137,7,0,1,0,1,-2.350609550563127,-0.8447698792559236
1612,1981,4,4,51381.5,1,0,2013-05-31,82,23,0,15,0,2,7,2,3,0,3,6,0,0,0,0,0,0,0,45,4598,2,47,6,0,1,0,1,-2.5238736872627645,-1.3821640405012807
2345,1982,4,5,70038.0,0,0,2013-10-25,54,587,54,348,71,54,130,1,4,4,8,2,0,0,0,0,0,0,0,44,4451,1,1244,16,0,0,2,-1,2.9228445104336966,-1.7042750356268959
322,1978,2,5,42554.0,1,1,2013-01-12,93,29,1,11,0,0,0,2,2,0,3,4,0,0,0,0,0,0,0,48,4737,3,41,5,0,2,3,0,-3.2595689859568577,0.11282904638163857
10897,1974,2,3,67445.0,0,1,2012-08-12,63,757,80,217,29,80,11,5,9,6,12,6,0,0,0,0,0,0,0,52,4890,2,1174,27,0,1,2,-1,2.697951054775722,2.0633726006007804
123,1951,2,6,67046.0,0,1,2013-01-06,92,544,35,133,23,151,107,2,4,5,4,2,0,0,0,0,0,0,0,75,4743,2,993,13,0,1,2,-1,1.8045156116572119,1.6044368276424086
6103,1948,2,3,42192.0,0,0,2013-09-06,40,40,15,15,17,6,7,1,2,1,3,4,0,0,0,0,0,0,0,78,4500,1,100,6,0,0,0,2,-0.9977486516321437,-1.04011715162423
7899,1952,4,3,77610.0,0,1,2012-10-29,70,1245,33,332,21,33,16,2,4,7,4,7,0,0,0,0,0,0,0,74,4812,2,1680,15,0,1,2,-1,1.933650987059854,2.399368824540483
10500,1984,2,3,31761.0,1,0,2014-04-05,96,19,1,20,16,14,28,2,3,0,4,5,0,0,0,0,0,0,0,42,4289,2,98,7,0,1,0,1,-2.3803050997872908,-1.996695800306523
1655,1979,2,5,34350.0,1,0,2013-10-19,81,16,3,15,2,1,11,1,1,0,3,7,0,0,0,0,0,0,0,47,4457,2,48,4,0,1,0,1,-2.94555974927964,-2.010735737940356
2406,1949,2,5,54591.0,0,1,2013-08-05,63,376,4,94,12,9,24,3,6,2,8,5,0,0,0,0,0,0,0,77,4532,2,519,16,0,1,2,-1,-0.036854029204156966,2.1538586339935852
2712,1956,2,3,71866.0,0,1,2013-12-25,85,184,178,178,103,39,33,1,6,3,10,3,0,0,0,0,0,0,0,70,4390,2,715,19,0,1,2,-1,2.1898680340651215,1.1393800171596378
5517,1969,2,3,25293.0,1,0,2013-09-15,51,15,0,11,0,2,9,1,1,1,2,8,0,0,0,0,0,0,0,57,4491,2,37,4,0,1,0,1,-3.0746080680705945,-1.4817802901690555
10643,1987,4,4,42000.0,0,0,2013-01-10,23,124,83,267,85,59,35,2,5,2,11,5,0,0,0,0,0,0,1,39,4739,1,653,18,0,0,2,-1,1.7126215722538334,-1.9180413223850352
2254,1983,2,3,69520.0,0,0,2013-07-07,95,627,120,414,121,80,93,1,9,6,5,5,0,0,0,0,0,0,0,43,4561,1,1455,20,0,0,1,-1,3.8782419340270797,-1.6154243556699688
10281,1970,2,2,64713.0,1,0,2014-02-07,11,180,60,241,13,54,54,2,5,5,7,4,0,0,0,0,0,0,1,56,4346,2,602,17,0,1,2,-1,0.5663065461456905,-0.45692379822987006
6958,1977,3,3,27889.0,1,0,2013-07-05,42,14,0,4,0,0,8,1,1,1,2,6,0,0,0,0,0,0,0,49,4563,2,26,4,0,1,0,1,-2.9447368465286603,-1.8479687259221207
954,1960,1,6,22123.0,0,0,2014-03-27,77,3,3,24,34,7,31,1,2,1,3,5,0,0,0,0,0,0,0,66,4298,1,102,6,0,0,0,-1,-1.297979543502237,-1.9445797313486322
5079,1971,2,3,51381.5,1,1,2013-03-03,82,71,1,16,0,0,9,4,2,1,3,8,0,0,0,0,0,0,0,55,4687,3,97,6,0,2,3,0,-3.311285330190494,1.0528580650552586
10339,1954,3,5,51381.5,0,1,2013-06-23,83,161,0,22,0,0,24,2,4,1,4,6,0,0,0,0,0,0,0,72,4575,2,207,9,0,1,3,3,-1.4580610615715561,1.2343928262887736
4643,1973,2,3,27803.0,1,0,2012-08-26,40,8,26,46,38,9,49,2,3,0,4,8,0,0,0,0,0,0,0,53,4876,2,176,7,0,1,0,1,-2.159852829966184,-1.0632568135513436
3117,1955,2,4,51381.5,0,1,2013-10-18,95,264,0,21,12,6,147,3,6,1,5,7,0,0,0,0,0,0,0,71,4458,2,450,12,0,1,3,-1,-0.5813235130379981,1.7023446858216855
6497,1960,2,3,51651.0,0,1,2012-11-07,32,293,6,23,13,6,92,4,6,2,5,8,0,0,0,0,0,0,0,66,4803,2,433,13,0,1,3,-1,-0.6893170761829378,1.6881242057670003
5396,1988,2,3,68487.0,0,0,2013-01-13,48,758,12,385,33,89,89,1,9,7,13,4,0,0,0,0,0,0,0,38,4736,1,1366,29,0,0,2,-1,4.076459315548022,-1.0263189666970243
5250,1943,3,6,51381.5,0,0,2013-10-30,75,532,126,490,164,126,126,1,5,5,11,1,0,0,1,0,0,0,1,83,4446,1,1564,21,1,0,1,-1,5.996602020914488,0.14343221047294283
1052,1969,2,3,56796.0,0,1,2013-02-16,24,656,38,161,62,47,37,3,8,9,7,7,0,0,0,0,0,0,0,57,4702,2,1001,24,0,1,2,-1,1.8875390999221668,1.590124050212249
2802,1992,0,3,87000.0,0,0,2012-12-15,61,196,25,607,67,17,49,1,4,6,7,2,0,0,0,0,0,0,0,34,4765,1,961,17,0,0,2,-1,2.3389477664939164,-2.905154750264918
6343,1959,2,3,79823.0,0,1,2014-03-31,6,835,73,380,114,73,43,1,6,9,7,2,0,1,0,0,0,0,0,67,4294,2,1518,22,1,1,1,-1,4.184499956085193,1.5477879168086488
6507,1980,2,4,30828.0,1,0,2013-10-04,16,16,11,15,2,0,12,2,1,1,4,3,0,0,0,0,0,0,0,46,4472,2,56,6,0,1,0,1,-2.4033883076198843,-1.9825579817367374
7901,1971,3,3,34109.0,0,1,2013-11-06,39,9,1,5,2,1,4,1,0,0,3,4,0,0,0,0,0,0,0,55,4439,2,22,3,0,1,0,3,-2.531335943884339,-0.852815835409899
4865,1974,3,2,53367.0,1,1,2013-08-31,2,229,7,140,10,3,11,7,5,1,8,7,0,0,0,0,0,0,1,52,4506,3,400,14,0,2,3,-1,-1.9500282621390654,2.0994883258759383
2686,1969,1,5,22390.0,0,0,2013-10-21,49,0,1,4,15,1,5,1,1,0,2,7,0,0,0,0,0,0,0,57,4455,1,26,3,0,0,0,2,-2.1346853931565044,-2.6046277318316817
3107,1976,2,5,71322.0,0,1,2014-05-02,31,121,24,124,24,15,42,1,4,1,7,2,0,0,0,0,0,0,0,50,4262,2,350,12,0,1,2,-1,-0.26159420950938506,-0.4288213551495471
7734,1993,2,0,79244.0,0,0,2012-12-19,58,471,102,125,212,61,245,1,4,10,7,1,0,0,1,1,0,0,1,33,4761,1,1216,21,2,0,1,-1,6.318622423141889,-2.968236444397316
1146,1949,3,5,49912.0,0,1,2012-09-07,5,520,8,223,32,49,42,4,10,5,7,8,1,0,0,0,0,0,1,77,4864,2,874,22,1,1,2,-1,1.5576912085490688,2.990437781161837
11031,1950,4,3,48699.0,1,1,2013-05-21,90,26,1,10,2,0,1,1,1,0,3,5,0,0,0,0,0,0,0,76,4608,3,40,4,0,2,3,-1,-3.1634281045601114,1.708568772216652
7428,1975,2,5,80144.0,0,0,2013-09-30,47,240,132,445,250,192,108,1,3,7,8,1,0,0,0,0,0,0,0,51,4476,1,1367,18,0,0,1,-1,5.148256464873473,-2.099163361813209
975,1956,2,4,54252.0,1,1,2013-05-28,25,178,4,26,8,4,44,5,4,1,5,6,0,0,0,0,0,0,0,70,4601,3,264,10,0,2,3,0,-2.2450661013062736,2.4456341882864656
1103,1976,3,3,81929.0,1,0,2012-09-29,60,1486,55,278,49,0,185,2,4,4,10,6,1,0,1,0,0,0,1,50,4842,2,2053,18,2,1,1,-1,4.055738986728939,0.1511124475078256
3422,1975,2,3,76068.0,0,1,2012-11-29,67,1115,12,128,33,12,76,1,2,3,4,6,0,1,0,0,1,0,0,51,4781,2,1376,9,2,1,1,-1,1.9385201557927565,0.46664636801260106
1055,1976,3,3,53204.0,1,1,2014-03-20,40,29,0,8,2,0,6,1,1,0,3,4,0,0,0,0,0,0,0,50,4305,3,45,4,0,2,3,0,-3.2758024393514726,-0.11727037548361299
6544,1949,4,5,67911.0,0,1,2014-05-22,63,529,0,356,63,28,0,3,6,7,11,3,0,0,0,0,0,0,0,77,4242,2,976,24,0,1,2,-1,2.0998199157798503,2.6641896577047506
1241,1984,0,3,14796.0,1,0,2012-09-17,1,13,3,8,7,4,16,2,1,0,3,9,0,0,0,0,0,0,1,42,4854,2,51,4,0,1,0,1,-3.298793243394083,-2.305368408924152
2909,1974,4,3,78128.0,0,1,2014-02-19,89,934,24,230,16,24,36,2,8,4,6,3,0,1,1,0,0,0,0,52,4334,2,1264,18,2,1,1,-1,3.124573453505554,1.0426803063851395
5802,1972,1,3,14188.0,0,0,2013-02-28,40,2,7,11,16,12,27,1,2,0,4,6,0,0,0,0,0,0,0,54,4690,1,75,6,0,0,0,2,-1.5905932602741486,-2.496907841630764
1407,1986,1,3,20425.0,1,0,2012-10-29,5,4,12,5,3,16,17,2,2,0,3,7,0,0,0,0,0,0,0,40,4812,2,57,5,0,1,0,1,-2.891065136433996,-2.256786461264942
6183,1962,3,3,58646.0,0,1,2013-06-10,3,62,1,44,6,5,22,1,2,1,4,4,0,0,0,0,0,0,0,64,4588,2,140,7,0,1,3,3,-1.5159437415833688,0.19953595646727773
340,1970,2,2,72967.0,0,1,2012-12-15,1,158,35,179,0,0,125,2,7,2,8,5,1,0,0,0,0,0,1,56,4765,2,497,17,1,1,2,-1,0.7999394872997695,0.7777337569453556
5991,1949,3,3,48150.0,0,1,2013-06-08,24,173,2,39,3,2,47,3,5,1,4,7,0,0,0,0,0,0,0,77,4590,2,266,10,0,1,3,5,-1.3058437566946148,1.8067142658828343
3104,1961,2,4,82332.0,0,0,2012-09-17,89,830,59,968,51,79,19,1,5,3,12,2,0,0,1,0,0,0,1,65,4854,1,2006,20,1,0,1,-1,5.52943465201416,-0.5839465353293719
9729,1955,2,6,58275.0,1,1,2013-06-02,48,189,10,253,56,43,64,6,8,2,7,7,0,0,0,0,0,0,0,71,4596,3,615,17,0,2,3,-1,-0.559125021230296,3.3207081853710023
1008,1981,4,5,44953.0,0,0,2012-12-21,31,728,17,133,11,8,124,1,7,3,13,6,1,0,0,0,0,0,0,45,4759,1,1021,23,1,0,2,-1,2.5131010565014753,-0.8081948327907663
11091,1953,2,5,34587.0,1,1,2014-05-16,68,7,2,9,2,0,2,2,1,0,3,4,0,0,0,0,0,0,0,73,4248,3,22,4,0,2,3,0,-3.3529997416772055,1.1885638110064813
3969,1974,3,5,43018.0,0,1,2013-11-01,46,35,4,17,7,6,64,1,2,2,2,5,0,0,0,0,0,0,0,52,4444,2,133,6,0,1,0,-1,-1.8136965234522469,-0.6055859563732909
1916,1954,3,3,45736.0,0,1,2013-07-24,92,188,3,180,20,3,43,5,7,1,6,7,0,0,0,0,0,0,0,72,4544,2,437,14,0,1,3,5,-0.6572580212113885,2.199995639901174
9907,1969,3,5,66476.0,0,1,2013-12-04,80,742,28,152,25,9,57,2,6,8,10,4,0,0,0,0,0,0,0,57,4411,2,1013,24,0,1,2,-1,1.9655825301930134,1.5157588794563999
87,1981,0,3,27733.0,1,0,2013-08-26,16,0,7,5,26,2,17,2,2,0,3,7,0,0,0,0,0,0,0,45,4511,2,57,5,0,1,0,1,-2.858889159196674,-2.1982630849076026
8659,1952,4,5,69805.0,0,1,2014-01-21,50,750,71,174,13,10,20,2,6,8,11,2,0,0,0,0,0,0,0,74,4363,2,1038,25,0,1,2,-1,2.5058159968651372,2.535727584199441
6262,1962,3,4,72217.0,0,0,2013-04-10,93,816,42,450,55,56,154,1,3,10,8,2,0,0,0,0,0,0,0,64,4649,1,1573,21,0,0,1,-1,4.21518383904846,-0.24059754758974697
6147,1971,2,2,25818.0,1,0,2012-10-18,51,5,2,8,2,2,9,1,0,1,2,7,0,0,0,0,0,0,0,55,4823,2,28,3,0,1,0,1,-3.0540160817530015,-1.6147235567131595
8832,1976,3,5,37509.0,1,0,2012-09-12,24,37,5,56,12,8,5,2,3,0,4,7,0,0,0,0,0,0,0,50,4859,2,123,7,0,1,0,1,-2.356501901013959,-1.1002755735061223
10067,1976,0,5,25176.0,1,1,2013-08-10,79,4,0,4,0,0,5,1,1,0,2,7,0,0,0,0,0,0,0,50,4527,3,13,3,0,2,3,4,-3.9389590940413344,-0.4627906806231232
7532,1980,2,3,43586.0,0,1,2012-08-30,26,99,2,11,4,0,16,3,3,0,4,8,0,0,0,0,0,0,0,46,4872,2,132,7,0,1,0,-1,-2.2306718648402803,-0.3472624966155141
4915,1956,0,3,53230.0,0,1,2012-08-03,86,176,72,98,136,21,229,4,5,2,12,5,0,0,0,0,0,0,0,70,4899,2,732,19,0,1,2,-1,1.8631443442647233,1.971921278736055
2115,1957,2,5,50116.0,1,1,2014-06-20,68,54,0,10,0,0,2,2,1,0,4,5,0,1,0,0,0,0,0,69,4213,3,66,5,1,2,3,-1,-2.586437816198839,1.361427601489859
2088,1972,2,5,84906.0,0,0,2013-10-04,98,997,15,414,99,30,76,1,5,6,12,2,0,1,1,0,1,0,0,54,4472,1,1631,23,3,0,1,-1,6.302828760723893,-0.7277925324626194
2493,1966,2,3,61286.0,0,1,2013-08-02,34,356,0,107,19,9,117,2,7,1,8,5,0,0,0,0,0,0,0,60,4535,2,608,16,0,1,2,-1,0.2658425137558141,1.1640993488614555
6292,1986,4,3,82333.0,0,0,2013-03-30,60,1311,0,359,46,89,17,1,4,3,10,2,0,0,1,0,0,0,1,40,4660,1,1822,17,1,0,1,-1,4.281072645432436,-1.7669387319421612
1631,1965,4,5,65220.0,0,0,2012-09-03,3,890,63,292,0,25,12,4,8,4,7,6,0,0,0,0,0,0,1,61,4868,1,1282,19,0,0,2,-1,2.3258267434065374,0.5187838318890494
10104,1974,2,5,33590.0,2,1,2013-11-03,65,4,0,2,0,0,2,1,1,0,2,7,0,0,0,0,0,0,0,52,4442,4,8,3,0,3,3,-1,-4.8461002071803785,0.7831907335336887
3006,1976,2,2,30992.0,1,0,2013-04-22,83,17,0,14,7,3,2,1,1,0,3,7,0,0,0,0,0,0,0,50,4637,2,43,4,0,1,0,1,-2.9684237415921535,-1.8153627163797157
3919,1976,3,4,72309.0,0,0,2013-03-11,64,960,0,883,50,38,0,1,5,6,8,3,0,0,0,1,0,0,1,50,4679,1,1931,19,1,0,1,-1,4.4796453033784,-1.3737510643359327
11181,1949,4,3,156924.0,0,0,2013-08-29,85,2,1,2,1,1,1,0,0,0,0,0,0,0,0,0,0,0,0,77,4508,1,8,0,0,0,0,-1,-0.49540578784011446,-1.126530148772632
642,1980,1,3,16005.0,1,0,2012-08-14,69,1,3,2,20,30,47,3,2,1,2,8,0,0,0,0,0,0,0,46,4888,2,103,5,0,1,0,1,-2.747136426391309,-1.6516765410991943
4369,1957,3,0,65487.0,0,0,2014-01-10,48,240,67,500,199,0,163,3,3,5,6,2,0,0,0,0,0,0,0,69,4374,1,1169,14,0,0,2,-1,3.0331380308057936,-0.5982058088083435
10127,1965,2,3,58692.0,0,1,2014-04-06,21,301,11,61,4,7,11,1,8,2,4,7,0,0,0,0,0,0,0,61,4288,2,395,14,0,1,3,-1,-0.7365735351193663,0.6881990308657856
271,1969,2,6,40590.0,1,1,2013-10-02,30,154,0,50,6,11,37,5,3,4,3,6,1,0,0,0,0,0,0,57,4474,3,258,10,1,2,3,-1,-2.086803637537394,1.2494859129640383
4973,1970,2,4,20587.0,1,0,2014-05-11,39,2,3,6,4,1,9,1,1,1,2,7,0,0,0,0,0,0,0,56,4253,2,25,4,0,1,0,1,-3.070069701487406,-1.7064077682168477
2948,1954,3,2,62637.0,0,1,2014-03-01,76,104,12,48,4,12,5,1,2,2,5,2,0,0,0,0,0,0,0,72,4324,2,185,9,0,1,3,3,-0.9655282270878328,0.6326414049649303
2715,1966,3,2,29435.0,1,1,2012-08-06,11,70,3,37,4,2,64,4,3,2,2,9,0,0,0,0,0,0,1,60,4896,3,180,7,0,2,3,0,-3.1124631896799393,1.6111067243313852
10432,1974,2,2,19346.0,1,0,2014-01-30,26,2,0,9,3,6,2,1,1,0,3,8,0,0,0,0,0,0,0,52,4354,2,22,4,0,1,0,1,-3.227689174817439,-1.8795918167252454
9216,1971,2,3,35788.0,1,1,2014-01-23,34,23,2,11,3,1,4,2,2,0,3,6,0,0,0,0,0,0,0,55,4361,3,44,5,0,2,3,0,-3.4885045842744136,0.33325947172212605
7124,1968,2,2,36997.0,1,1,2013-02-01,72,43,4,12,8,0,27,5,2,1,4,5,0,0,0,0,0,0,0,58,4717,3,94,7,0,2,3,0,-3.011532359332359,1.3101713711547878
9727,1957,2,3,23539.0,0,0,2014-02-28,13,4,24,11,16,1,25,1,2,0,4,6,0,0,0,0,0,0,0,69,4325,1,81,6,0,0,0,2,-1.4135707968228133,-1.639756147442313
5136,1973,2,4,65333.0,0,1,2014-01-17,58,654,7,92,0,15,30,7,9,4,8,6,0,1,1,0,0,0,0,53,4367,2,798,21,2,1,2,-1,2.080284065347253,1.8924684239863625
9790,1957,2,4,78499.0,0,0,2013-11-23,12,912,72,170,47,36,97,1,11,3,4,4,0,0,1,0,0,0,1,69,4422,1,1334,18,1,0,1,-1,3.8760972249047794,-0.15548360981265555
1818,1971,4,5,29732.0,1,0,2014-03-25,23,25,0,8,0,1,4,1,2,0,2,9,0,0,0,0,0,0,0,55,4300,2,38,4,0,1,0,1,-3.166870546942608,-1.2970634115645168
1100,1960,3,5,41275.0,1,2,2014-03-24,33,24,4,22,0,2,9,4,3,1,3,5,0,0,0,0,0,0,0,66,4301,4,61,7,0,3,3,-1,-3.7444051959353803,3.312689212354781
7873,1973,4,5,63516.0,1,1,2013-07-06,30,141,11,114,15,14,5,4,4,1,7,5,0,0,0,0,0,0,0,53,4562,3,300,12,0,2,3,-1,-1.8338516550591866,1.580410715274357
10609,1962,4,3,42769.0,0,1,2013-10-12,15,71,0,13,3,1,0,2,1,1,4,4,0,0,0,0,0,0,0,64,4464,2,88,6,0,1,3,3,-1.9748352181103759,0.2595464669828232
6950,1958,3,3,49572.0,1,1,2013-12-15,25,35,1,16,0,1,1,2,2,0,3,7,0,0,0,0,0,0,0,68,4400,3,54,5,0,2,3,0,-3.338865255915967,1.3310668877165448
7233,1972,2,3,69209.0,0,0,2012-09-17,4,496,32,849,229,48,128,2,5,3,6,4,0,0,0,1,0,0,0,54,4854,1,1782,14,1,0,1,-1,4.6857003627309215,-1.5813560903756523
9481,1976,2,3,17148.0,1,0,2014-01-28,80,9,9,11,13,10,16,4,3,1,3,8,0,0,0,0,0,0,0,50,4356,2,68,7,0,1,0,1,-2.805277843343839,-1.183632344971311
7699,1969,2,6,40590.0,1,1,2013-10-02,30,154,0,50,6,11,37,5,3,4,3,6,1,0,0,0,0,0,0,57,4474,3,258,10,1,2,3,-1,-2.086803637537394,1.2494859129640383
2711,1976,3,5,30560.0,1,0,2013-06-27,6,9,1,5,4,5,7,1,1,0,3,7,0,0,0,0,0,0,0,50,4571,2,31,4,0,1,0,1,-2.9554626578877663,-1.7257115328887187
8933,1983,0,3,32146.0,1,0,2014-05-12,16,26,3,23,4,7,3,2,2,0,4,6,0,0,0,0,0,0,0,43,4252,2,66,6,0,1,0,1,-2.767853248215928,-2.363285558756538
8726,1964,0,2,41713.0,1,1,2014-04-29,57,77,8,44,10,10,25,5,3,1,4,6,0,0,0,0,0,0,0,62,4265,3,174,8,0,2,3,-1,-2.8402722767380255,1.2335244540057975
1515,1975,3,5,34176.0,0,1,2014-01-22,9,11,2,7,4,2,2,1,1,0,3,3,0,0,0,0,0,0,0,51,4362,2,28,4,0,1,0,3,-2.35330822421241,-1.0431488012135244
5186,1955,4,3,58482.0,0,1,2014-03-12,59,576,7,115,19,7,7,2,7,4,9,6,0,1,0,0,0,0,0,71,4313,2,731,20,1,1,2,-1,1.2082446026491276,2.392052727467958
10157,1965,2,4,59686.0,0,1,2014-01-25,78,89,15,89,34,42,5,1,4,1,6,4,0,0,0,0,0,0,0,61,4359,2,274,11,0,1,3,3,-0.6578776432655637,0.13895748509037206
5667,1964,4,3,60896.0,0,1,2012-10-11,90,1013,30,399,60,46,153,3,9,10,4,6,0,0,0,0,0,0,1,62,4830,2,1701,23,0,1,2,-1,3.261727678696601,2.4999756333064105
902,1980,2,5,62994.0,1,0,2014-03-04,74,224,12,48,4,12,12,1,6,2,4,6,0,0,0,0,0,0,0,46,4321,2,312,12,0,1,0,1,-1.2726784642070514,-1.2423812449121354
977,1957,2,5,47320.0,0,1,2013-08-01,10,200,19,111,50,15,19,6,5,1,8,6,0,0,0,0,0,0,0,69,4536,2,414,14,0,1,2,-1,-0.48850143262262097,1.851033491571808
7313,1949,0,6,74859.0,0,0,2013-06-03,63,570,73,614,133,102,73,1,6,5,11,3,0,0,0,1,0,0,0,77,4595,1,1565,22,1,0,1,-1,5.494364704651447,-0.170797969356454
7600,1992,1,4,15253.0,1,0,2013-10-28,13,1,3,3,8,1,13,2,1,0,3,7,0,0,0,0,0,0,0,34,4448,2,29,4,0,1,0,1,-3.2784299552901626,-2.8777623194534447
9706,1974,4,4,31560.0,1,0,2013-06-24,98,62,1,20,4,0,7,2,2,1,3,8,0,0,0,0,0,0,0,52,4574,2,94,6,0,1,0,1,-2.7287692618089383,-1.0386109817326892
2429,1954,2,2,72071.0,0,1,2013-02-14,4,531,69,300,150,138,150,3,5,4,8,2,0,0,0,0,0,0,0,72,4704,2,1338,17,0,1,2,-1,3.3385826553903475,1.7562607369245282
3520,1990,3,4,91172.0,0,0,2013-03-27,94,162,28,818,0,28,56,0,4,3,7,3,1,0,1,1,1,0,1,36,4663,1,1092,14,4,0,1,-1,4.8587780064723685,-3.4284398548587487
10394,1984,2,3,90000.0,0,0,2013-12-23,91,675,144,133,94,192,241,1,4,8,5,1,1,0,1,1,0,0,0,42,4392,1,1479,17,3,0,1,-1,7.015870600737647,-2.879068659417597
4548,1981,2,4,41967.0,1,1,2013-11-23,66,23,4,10,0,2,15,1,1,0,3,4,0,0,0,0,0,0,0,45,4422,3,54,4,0,2,3,0,-3.34307974895365,-0.5015549841205129
9362,1965,2,4,69263.0,0,1,2014-03-05,14,492,5,32,13,5,21,1,9,1,7,6,0,1,0,0,0,0,0,61,4320,2,568,17,1,1,2,-1,0.5867758847941402,1.3519470267115359
3968,1970,0,2,65706.0,0,0,2013-06-28,77,918,10,129,13,0,129,1,11,3,12,7,0,1,1,0,1,0,1,56,4570,1,1199,26,3,0,1,-1,4.934544454555289,-0.06655347963637737
4084,1975,2,5,60934.0,0,1,2014-01-17,41,224,155,155,192,93,54,2,6,4,11,4,0,0,0,0,0,0,0,51,4367,2,873,21,0,1,2,-1,2.783339353101006,0.2431008913958065
6721,1951,2,3,71965.0,0,1,2013-07-29,21,572,19,286,50,38,248,3,6,3,5,3,0,0,0,0,0,0,0,75,4539,2,1213,14,0,1,2,-1,1.9630902989189085,2.146265284477868
2829,1955,2,3,65210.0,0,1,2014-03-10,25,626,0,70,0,7,28,2,9,3,8,6,0,1,0,1,0,0,0,71,4315,2,731,20,2,1,2,-1,1.985689165177163,2.0746351041234434
1772,1975,4,3,79174.0,0,0,2013-01-11,2,1074,37,518,193,92,129,1,5,6,7,2,0,0,1,1,0,0,1,51,4738,1,2043,18,2,0,1,-1,6.668442216649737,-1.5247641431972698
1544,1967,3,2,81380.0,0,0,2012-12-22,51,741,68,689,224,68,103,1,4,2,10,2,0,0,0,0,0,0,0,59,4758,1,1893,16,0,0,1,-1,4.6601668795570745,-0.9097957109921097
492,1973,4,7,48432.0,0,1,2012-10-18,3,322,3,50,4,3,42,5,7,1,6,8,0,0,0,0,0,0,0,53,4823,2,424,14,0,1,3,-1,-0.8901278216614528,1.47591565574494
4377,1971,2,3,52914.0,0,1,2013-01-07,32,254,10,44,30,10,227,2,7,3,3,7,1,0,0,0,0,0,0,55,4742,2,575,13,1,1,2,-1,0.3657335066380177,0.6137294818523542
4541,1955,2,5,38946.0,0,1,2013-10-24,84,116,6,82,6,6,41,2,3,1,6,5,0,0,0,0,0,0,0,71,4452,2,257,10,0,1,3,3,-1.2008194238407546,0.9153824995819666
1321,1974,2,3,26067.0,1,0,2013-11-04,49,22,2,18,0,2,12,3,3,0,3,8,0,0,0,0,0,0,0,52,4441,2,56,6,0,1,0,1,-2.935284246527326,-1.1985704451792516
8858,1972,4,3,44325.0,0,1,2013-03-07,69,516,0,21,0,0,5,4,8,2,7,8,0,1,0,0,0,0,0,54,4683,2,542,17,1,1,2,-1,-0.007804776943242933,1.8022424406608946
3266,1964,2,3,42523.0,0,0,2014-04-23,96,14,36,11,3,26,35,1,1,1,4,2,0,0,0,0,0,0,0,62,4271,1,125,6,0,0,0,-1,-0.7167983028983023,-2.149851793062365
11187,1978,1,4,26487.0,1,0,2013-05-20,23,2,8,10,12,14,23,3,2,1,3,5,0,0,0,0,0,0,0,48,4609,2,69,6,0,1,0,1,-2.497142891276609,-1.6811010433602778
8207,1957,0,3,53233.0,0,1,2014-03-18,18,28,0,9,3,0,0,1,1,0,3,4,0,0,0,0,0,0,0,69,4307,2,40,4,0,1,3,-1,-2.206153743460678,-0.303213457482688
9723,1960,2,3,67716.0,0,1,2013-01-10,8,530,142,217,62,9,56,4,7,4,13,5,0,1,0,0,0,0,0,66,4739,2,1016,24,1,1,2,-1,3.104104326970949,2.475065835361165
2666,1972,3,3,76234.0,0,1,2014-02-06,21,519,50,167,130,0,41,1,8,3,11,3,0,1,0,0,0,0,0,54,4347,2,907,22,1,1,2,-1,2.6041239726924124,1.1502396038959302
5721,1956,4,3,84117.0,0,0,2014-05-11,60,611,76,749,59,45,26,1,7,10,6,2,0,0,1,0,0,0,0,70,4253,1,1566,23,1,0,1,-1,5.2626524305260025,-0.29988891904316095
10652,1957,3,5,65487.0,0,0,2014-01-10,48,240,67,500,199,0,163,3,3,5,6,2,0,0,0,0,0,0,0,69,4374,1,1169,14,0,0,2,-1,3.071767479302334,-0.5420779032414175
1646,1972,1,3,25224.0,1,0,2014-03-16,36,4,9,12,11,2,8,2,1,1,3,3,0,0,0,0,0,0,0,54,4309,2,46,5,0,1,0,1,-2.5540024812972346,-1.8295489155390448
4418,1983,3,4,89616.0,0,0,2013-02-25,36,671,47,655,145,111,15,1,7,5,12,2,0,0,0,0,0,0,1,43,4693,1,1644,24,0,0,1,-1,4.813766102419113,-1.3202351943589072
2656,1971,2,2,40851.0,1,1,2013-02-21,63,23,1,7,0,4,24,1,1,1,2,7,0,0,0,0,0,0,0,55,4697,3,59,4,0,2,3,0,-3.4591367735103438,0.2625857254812316
7990,1947,2,3,27469.0,0,0,2012-08-02,2,9,1,2,3,2,0,1,0,0,3,6,0,0,0,0,0,0,0,79,4900,1,17,3,0,0,0,2,-1.8334910255838777,-1.0835160050146098
8722,1957,0,3,82347.0,0,0,2012-11-06,38,556,54,845,202,133,63,1,7,7,10,3,1,0,0,1,0,0,1,69,4804,1,1853,24,2,0,1,-1,6.821270990416775,-0.7500842566752658
7118,1957,2,3,73803.0,0,1,2012-08-01,61,833,80,363,52,26,174,2,9,5,6,6,1,0,0,0,0,0,1,69,4901,2,1528,20,1,1,2,-1,3.2764893461768514,2.1873042629454
2980,1952,3,4,8820.0,1,1,2013-03-22,52,12,0,13,4,2,4,4,3,0,3,8,0,0,0,0,0,0,0,74,4668,3,35,6,0,2,3,0,-3.6660034081646815,2.139221106440241
1839,1974,2,4,43322.0,0,0,2014-04-21,25,56,7,48,10,2,18,1,3,0,4,7,0,0,0,0,0,0,0,52,4273,1,141,7,0,0,0,2,-1.3492106314379622,-2.3806299462002793
10722,1973,2,5,55593.0,0,1,2013-08-21,63,293,8,124,11,4,106,2,6,6,3,6,1,0,0,0,0,0,0,53,4516,2,546,15,1,1,2,-1,0.29731935414195787,0.2934730924934859
2632,1954,2,3,50501.0,1,1,2013-06-18,10,297,0,38,13,0,152,7,5,4,4,6,1,0,0,0,0,0,1,72,4580,3,500,13,1,2,3,-1,-1.0386026016046874,3.047538188120083
9014,1975,2,3,37085.0,1,1,2014-06-26,65,39,1,16,2,0,3,4,3,0,3,8,0,0,0,0,0,0,0,51,4207,3,61,6,0,2,3,0,-3.638664035352388,0.5794339936583641
7620,1990,1,4,16185.0,1,0,2013-08-05,71,5,11,16,21,8,45,2,2,2,2,8,0,0,0,0,0,0,0,36,4532,2,106,6,0,1,0,1,-2.7615110098253095,-2.502969881509901
10968,1969,2,4,57731.0,0,1,2012-11-23,0,266,21,300,65,8,44,4,8,8,6,6,0,0,0,0,0,0,0,57,4787,2,704,22,0,1,2,-1,1.1652229153022702,1.4784383841856377
11133,1973,4,7,48432.0,0,1,2012-10-18,3,322,3,50,4,3,42,5,7,1,6,8,0,0,0,0,0,0,1,53,4823,2,424,14,0,1,3,-1,-0.8901278216614528,1.47591565574494
2736,1978,2,3,73807.0,0,1,2013-01-02,88,366,124,156,71,78,54,2,5,5,11,2,0,0,0,0,0,0,0,48,4747,2,849,21,0,1,2,-1,2.476241112787642,0.3827049459246836
1876,1990,2,3,18929.0,0,0,2013-02-16,15,32,0,8,23,4,18,1,1,0,4,6,0,0,0,0,0,0,0,36,4702,1,85,5,0,0,0,2,-1.8212032217101402,-3.513513381271713
5959,1968,2,4,35893.0,1,1,2012-10-15,80,158,0,23,0,0,18,6,3,1,5,8,0,0,0,0,0,0,0,58,4826,3,199,9,0,2,3,0,-2.978019514875248,1.8920158176076982
1092,1980,2,3,61014.0,0,1,2012-08-11,17,269,129,495,182,43,29,4,9,3,4,7,0,0,0,0,0,0,0,46,4891,2,1147,16,0,1,2,-1,1.9372324568036907,0.39126512801330177
4333,1954,2,5,32144.0,1,1,2014-03-23,76,41,0,10,0,0,3,4,2,1,3,7,0,1,0,0,0,0,0,72,4302,3,54,6,1,2,3,-1,-2.8332036475462896,1.9910420570766958
3850,1963,1,5,14918.0,0,1,2012-12-07,52,3,3,3,15,4,15,1,1,0,3,6,0,0,0,0,0,0,0,63,4773,2,43,4,0,1,3,3,-2.5499200641469395,-0.3677333142840724
6168,1963,2,2,45146.0,1,1,2013-07-15,28,33,0,5,0,0,15,2,1,1,2,4,0,0,0,0,0,0,0,63,4553,3,53,4,0,2,3,0,-3.2249394100636177,0.7294946571852547
607,1955,0,2,41769.0,0,1,2013-02-13,31,302,29,131,32,0,27,6,8,1,7,8,0,0,0,0,0,0,0,71,4705,2,521,16,0,1,2,-1,-0.4287586736963663,2.150486468432118
10469,1981,2,5,88325.0,0,0,2014-02-05,42,519,71,860,93,27,53,1,6,2,9,2,0,0,0,0,0,0,0,45,4348,1,1623,17,0,0,1,-1,3.6274965102750487,-1.905151649246452
6983,1950,3,2,38054.0,1,1,2014-05-01,24,23,2,17,2,1,0,2,2,0,3,7,0,0,0,0,0,0,0,76,4263,3,45,5,0,2,3,0,-3.423444299825139,1.6703199806372016
3661,1995,0,4,80617.0,0,0,2012-10-12,42,594,51,631,72,55,32,1,4,6,8,2,0,0,0,0,0,0,0,31,4829,1,1435,18,0,0,1,-1,3.27852681316403,-2.8836427860618645
9303,1976,2,3,5305.0,0,1,2013-07-30,12,12,4,7,1,3,5,0,1,0,0,13,0,0,0,0,0,0,0,50,4538,2,32,1,0,1,0,-1,-3.753961726075731,-1.3418498669367405
692,1954,2,5,36807.0,1,1,2012-12-20,88,4,2,5,0,0,5,1,1,0,2,6,0,0,0,0,0,0,0,72,4760,3,16,3,0,2,3,0,-3.5108665792212665,1.2094165799981822
736,1983,2,5,28427.0,1,0,2013-03-21,67,18,3,19,3,3,6,2,2,0,3,8,0,0,0,0,0,0,0,43,4669,2,52,5,0,1,0,1,-2.99828386568773,-1.8778792443890757
9589,1948,4,6,82032.0,0,0,2014-04-05,54,332,194,377,149,125,57,0,4,6,7,1,0,0,0,0,0,0,0,78,4289,1,1234,17,0,0,1,-1,4.5598373800094905,-0.42590519182929915
4838,1978,2,5,22775.0,1,0,2013-06-19,40,5,1,8,0,0,1,1,1,0,2,8,0,0,0,0,0,0,0,48,4579,2,15,3,0,1,0,1,-3.319946275867723,-2.0232935799609666
9246,1985,3,5,40101.0,1,0,2012-10-14,73,171,3,129,26,24,62,4,6,1,6,7,0,0,0,0,0,0,0,41,4827,2,415,13,0,1,0,-1,-1.1141383448411164,-0.6184092608786024
6261,1979,2,3,58025.0,0,1,2013-11-26,81,270,31,88,11,48,22,3,3,2,10,4,0,0,0,0,0,0,0,47,4419,2,470,15,0,1,2,-1,-0.022641137039958823,0.0036362027312858507
7366,1982,3,4,75777.0,0,0,2013-07-04,12,712,26,538,69,13,80,1,3,6,11,1,0,1,1,0,0,0,1,44,4564,1,1438,20,2,0,1,-1,4.885834296066402,-1.708803099217329
10659,1979,0,5,7500.0,1,0,2013-05-07,7,2,8,11,3,8,21,4,3,2,2,7,0,0,0,0,0,0,0,47,4622,2,53,7,0,1,0,1,-2.8439962054861403,-1.612081414907479
1448,1963,3,3,33562.0,1,2,2014-06-25,33,21,12,12,0,3,3,3,2,0,4,4,0,0,0,0,0,0,0,63,4208,4,51,6,0,3,3,-1,-3.8698260147076677,2.739051344094443
4286,1970,4,4,57642.0,0,1,2014-01-09,24,580,6,58,8,0,27,3,7,6,6,4,1,0,0,0,0,0,0,56,4375,2,679,19,1,1,2,-1,0.8075257374761253,1.1308036749936279
4749,1968,2,5,58554.0,1,1,2012-09-26,55,368,24,68,38,0,88,6,8,2,6,7,0,0,0,0,0,0,0,58,4845,3,586,16,0,2,3,0,-0.961131035960311,2.780451649103975
4478,1979,2,3,63777.0,1,1,2013-03-24,87,457,5,106,15,17,53,8,11,1,6,8,0,0,0,0,0,0,0,47,4666,3,653,18,0,2,3,-1,-1.0757138216887308,2.7586360126034655
4201,1962,2,4,57967.0,0,1,2013-03-03,39,229,7,137,4,0,91,5,4,2,8,5,0,0,0,0,0,0,0,64,4687,2,468,14,0,1,2,-1,-0.2691359368586208,1.5813660576347217
8720,1978,0,5,51381.5,0,0,2012-08-12,53,32,2,1607,12,4,22,0,0,0,1,0,0,1,0,0,0,0,0,48,4890,1,1679,1,1,0,1,-1,1.930819417206061,-3.4809244773216896
10084,1972,2,3,24434.0,2,0,2014-05-18,9,3,2,8,20,0,17,2,2,1,2,7,0,0,0,0,0,0,0,54,4246,3,50,5,0,2,0,-1,-3.882518413401058,-0.6765953561455671
7004,1984,2,4,11012.0,1,0,2013-03-16,82,24,3,26,7,1,23,3,3,1,2,9,1,0,0,0,0,0,0,42,4674,2,84,6,1,1,0,6,-2.739448644268278,-1.8912487610138815
9817,1970,3,4,44802.0,0,0,2012-08-21,71,853,10,143,13,10,20,2,9,4,12,8,0,0,0,0,0,0,0,56,4881,1,1049,25,0,0,2,-1,2.0350085044979505,0.3207551902695808
8080,1986,2,4,26816.0,0,0,2012-08-17,50,5,1,6,3,4,3,1,0,0,3,4,0,0,0,0,0,0,0,40,4885,1,22,3,0,0,0,-1,-1.91441908710601,-3.4032021041284835
9432,1977,2,5,666666.0,1,0,2013-06-02,23,9,14,18,8,1,12,4,3,1,3,6,0,0,0,0,0,0,0,49,4596,2,62,7,0,1,1,-1,3.446785347601093,1.3807120495304515
8372,1974,2,3,34421.0,1,0,2013-07-01,81,3,3,7,6,2,9,1,1,0,2,7,0,0,0,0,0,0,0,52,4567,2,30,3,0,1,0,1,-3.033756566512331,-1.775941448267783
10870,1967,2,3,61223.0,0,1,2013-06-13,46,709,43,182,42,118,247,2,9,3,4,5,0,0,0,0,0,0,0,59,4585,2,1341,16,0,1,2,-1,2.391155945248147,1.3687993094852782
4001,1946,4,5,64014.0,2,1,2014-06-10,56,406,0,30,0,0,8,7,8,2,5,7,0,0,0,1,0,0,0,80,4223,4,444,15,1,3,3,-1,-1.7849597009044043,4.768546421669176
7270,1981,2,2,56981.0,0,0,2014-01-25,91,908,48,217,32,12,24,1,2,3,13,6,0,1,0,0,0,0,0,45,4359,1,1241,18,1,0,2,-1,2.5331572333560644,-1.4497386347035501
8235,1956,3,5,69245.0,0,1,2014-01-24,8,428,30,214,80,30,61,2,6,5,10,3,0,0,0,0,0,0,0,70,4360,2,843,21,0,1,2,-1,1.860432556151937,1.8235675838517995
9405,1954,4,3,52869.0,1,1,2012-10-15,40,84,3,61,2,1,21,3,3,1,4,7,0,0,0,0,0,0,1,72,4826,3,172,8,0,2,3,0,-2.63409339753342,2.350007173476321
